eval,init_design,max_interaction,splits,split_structure,split_try,t_try,max_candidates,split_decay_rate,delete_leaves,regr.mse,runtime_learners,mse_fold1,mse_fold2,mse_fold3
1,TRUE,9,12,cur_trees_1,4,0.00502086292857337,82,0.0165690165013075,TRUE,10133.7722167303,4.079,10003.9890556082,10349.0694971932,10048.2580973895
2,TRUE,6,14,cur_trees_2,1,0.00119063423285503,34,0.922819018363953,TRUE,10903.8558863068,4.622,10852.4215904916,11112.6874702368,10746.4585981919
3,TRUE,7,29,hist,41,0.0282343793784878,455,0.0790690183639526,TRUE,5290.41646350318,6.577,5190.58015631048,5401.11215261633,5279.55708158273
4,TRUE,9,79,leaves,22,0.000376511551924673,56,0.547819018363953,FALSE,7078.15837140712,7.575,6961.60953037685,7089.26569402978,7183.59988981473
5,TRUE,2,16,res_trees,3,0.000892849594112033,14,0.204069018363953,TRUE,9265.93871217967,10.815,9176.63776405036,9290.47102572289,9330.70734676576
6,TRUE,6,69,cur_trees_2,7,0.000158773610394816,134,0.391569018363953,FALSE,5701.92706087588,13.492,5515.31925232637,5952.90705850916,5637.55487179213
7,TRUE,2,25,hist,8,0.376511500250436,151,0.797819018363953,TRUE,3646.17816801741,13.909,3733.84043510254,3543.96451291629,3660.72955603339
8,TRUE,4,10,leaves,1,0.000211728005058796,193,0.860319018363953,TRUE,13592.4011480518,2.10900000000001,13740.8610137629,13483.0965361598,13553.2458942328
9,TRUE,2,38,leaves,1,0.0502086155039924,30,0.266569018363953,FALSE,4903.19241228864,18.757,4831.85222630796,4961.33237402719,4916.39263653078
10,TRUE,6,33,hist,3,0.211727976000237,10,0.610319018363953,FALSE,4559.2525875301,4.433,4513.95263629051,4515.54200165612,4648.26312464367
11,TRUE,7,18,res_trees,17,0.0669542648538216,16,0.985319018363953,TRUE,5795.77025963102,14.897,5699.38849488799,5828.35352910397,5859.56875490111
12,TRUE,1,59,cur_trees_2,46,0.0066954283232069,315,0.735319018363953,FALSE,5917.27205310475,16.017,5964.89217035947,5879.02337700095,5907.90061195382
13,TRUE,1,141,hist,13,0.119063390603844,247,0.422819018363953,FALSE,5675.93156459725,23.878,5776.11562749102,5669.48273663675,5582.19632966398
14,TRUE,8,64,hist,2,0.0183348873473441,232,0.188444018363953,FALSE,4367.18707502464,7.613,4387.88560208347,4321.21887248119,4392.45675050927
15,TRUE,1,20,leaves,6,0.00183348923800795,12,0.438444018363953,TRUE,8772.80763823505,4.338,8746.52327644084,8980.37260347875,8591.52703478554
16,TRUE,4,44,res_trees,5,0.0119063390603844,92,0.672819018363953,FALSE,6808.13640736386,28.401,6711.71642195776,6921.33725794155,6791.35554219228
17,TRUE,4,36,cur_trees_2,10,0.00057980012617663,20,0.0634440183639526,FALSE,6694.97489029545,8.545,6559.83790272878,6829.81216060371,6695.27460755385
18,TRUE,8,218,leaves,2,0.00158773626737952,356,0.641569018363953,FALSE,4016.81292724099,37.483,3842.06915393292,4128.49621061531,4079.87341717475
19,TRUE,1,691,hist,1,0.0158773583156259,18,0.891569018363953,TRUE,5710.35035271857,42.733,5801.52147660596,5706.01562244404,5623.51395910572
20,TRUE,5,92,cur_trees_1,15,0.00282343871285305,24,0.329069018363953,FALSE,5552.47725665932,49.198,5499.02101710783,5510.27995454639,5648.13079832373
21,TRUE,3,189,cur_trees_1,2,0.000669542740429447,118,0.485319018363953,FALSE,5666.64315160963,46.005,5567.12349571035,5764.68049266383,5668.12546645471
22,TRUE,7,11,res_trees,26,0.579800046602102,379,0.313444018363953,TRUE,4992.92755104004,31.104,4903.78824416592,4896.15964121877,5178.83476773542
23,TRUE,7,388,cur_trees_2,12,0.000502086223948626,218,0.766569018363953,TRUE,2248.41454636338,61.437,2178.44257490378,2203.48156556801,2363.31949861834
24,TRUE,9,27,cur_trees_2,2,0.000103104664842814,111,0.250944018363953,TRUE,8618.01256409205,12.907,8599.24191656521,8603.75702999821,8651.03874571274
25,TRUE,8,51,cur_trees_1,1,0.892849471573106,279,0.454069018363953,FALSE,3328.48715625327,65.118,3463.21804528279,3202.27104880808,3319.97237466894
26,TRUE,4,15,hist,34,0.0326045526551652,68,0.375944018363953,TRUE,6990.64692631382,3.64100000000001,6802.3116283389,7185.72541300927,6983.9037375933
27,TRUE,3,21,cur_trees_1,19,0.158773583156259,50,0.141569018363953,TRUE,4676.67811663737,67.238,4691.00165332633,4624.43538195678,4714.59731462902
28,TRUE,2,114,cur_trees_1,3,0.00579800205751168,53,0.813444018363953,FALSE,5723.37674533102,31.697,5681.30674998468,5758.0136887797,5730.80979722868
29,TRUE,6,48,leaves,12,0.00326045616047749,182,0.125944018363953,FALSE,6946.16330756945,7.51999999999998,6733.507549374,7152.06223496202,6952.92013837232
30,TRUE,6,163,hist,25,0.0892849471573107,105,0.704069018363953,FALSE,2175.74400311851,70.586,2257.58955229865,2023.13912350963,2246.50333354725
31,TRUE,3,291,cur_trees_2,5,0.000282343832535089,64,0.579069018363953,FALSE,2236.08848147802,74.676,2161.82258615365,2226.2100500264,2320.23280825403
32,TRUE,1,482,cur_trees_1,1,0.326045526551652,25,0.625944018363953,TRUE,6833.24020138303,14.832,6864.77591271586,6848.56292826345,6786.3817631698
33,TRUE,5,31,cur_trees_2,2,0.00773176000741888,262,0.594694018363953,TRUE,7683.22386569725,15.627,7591.17264025138,7756.7974746492,7701.70148219117
34,TRUE,7,252,res_trees,1,0.00376511603598917,21,0.297819018363953,FALSE,6631.33717034353,83.292,6562.38220275299,6645.92578657352,6685.70352170408
35,TRUE,1,55,hist,30,0.000244499685896136,428,0.969694018363953,FALSE,6921.98211569059,3.46899999999999,6868.45119829063,6990.19427413718,6907.30087464396
36,TRUE,8,17,leaves,11,0.244499652339836,22,0.719694018363953,TRUE,3560.87961243903,16.551,3418.28285148365,3642.6095470073,3621.74643882615
37,TRUE,2,13,cur_trees_1,14,0.0137492258505363,126,0.532194018363953,TRUE,8673.72143886021,7.465,8653.7493537243,8964.55053550008,8402.86442735626
38,TRUE,8,41,res_trees,38,0.00137492296245554,47,0.782194018363953,FALSE,6280.86377965595,12.871,6264.78703447347,6280.29792560977,6297.50637888462
39,TRUE,8,152,cur_trees_2,4,0.000326045571299698,484,0.875944018363953,FALSE,4337.7662036846,43.97,4199.5558766846,4346.25040088152,4467.49233348768
40,TRUE,3,85,res_trees,1,0.103104648481213,41,0.0009440160356462,FALSE,4905.29087253918,67.918,4878.65235196594,4916.7509833484,4920.46928230318
41,TRUE,6,132,leaves,2,0.000137492282092981,17,0.0321940146386623,FALSE,7628.54902263706,12.57,7581.04352262215,7779.51741971702,7525.08612557202
42,TRUE,5,23,cur_trees_1,1,0.000434788757190082,29,0.657194018363953,TRUE,10796.4128963329,5.62700000000001,10767.0860691853,10909.528676022,10712.6239437916
43,TRUE,9,106,cur_trees_1,10,0.0211727976000237,27,0.360319018363953,FALSE,3372.91692818395,108.486,3488.18290484234,3231.94498008327,3398.62289962625
44,TRUE,3,176,cur_trees_2,1,0.0024449971945244,161,0.219694018363953,FALSE,4373.74675803658,52.786,4241.34748101507,4424.39959191529,4455.49320117938
45,TRUE,3,74,hist,3,0.434788697517604,77,0.907194018363953,FALSE,2393.318519525,30.711,2464.01471597776,2279.13410138097,2436.80674121629
46,TRUE,2,22,res_trees,45,0.00014775028267088,24,0.930631518363953,FALSE,7089.72015082899,8.40999999999997,6918.68751805071,7199.2170181597,7151.25591627657
47,TRUE,3,40,hist,1,0.00467227466267079,15,0.555631518363953,TRUE,9283.48479436567,2.37100000000004,9177.60712139926,9281.4254584674,9391.42180323034
48,TRUE,8,448,cur_trees_1,36,0.000119063408987276,13,0.172819018363953,TRUE,3039.41747679266,132.773,3096.59723819616,2895.48438911747,3126.17080306434
49,TRUE,9,313,hist,18,0.773175788513197,37,0.0946940183639526,FALSE,2123.24182776072,78.13,2211.17490468637,1963.03686967119,2195.51370892459
50,TRUE,7,99,cur_trees_1,6,0.0773175788513197,13,0.844694018363953,FALSE,2766.0565614754,79.853,2882.68627448251,2586.25409080901,2829.22931913467
51,TRUE,5,12,leaves,3,0.0467227338018047,288,0.805631518363953,FALSE,7580.39746748033,6.94200000000004,7454.45009380755,7678.84938856575,7607.89292006768
52,TRUE,4,518,leaves,9,0.00892849716650975,39,0.954069018363953,TRUE,1109.30188604486,156.467,1032.28375057501,1115.97738461449,1179.64452294509
53,TRUE,8,30,hist,21,0.00262741312545958,138,0.868131518363953,FALSE,8464.64668931093,1.98099999999999,8369.21143638152,8482.87259826172,8541.85603328956
54,TRUE,4,122,res_trees,32,0.502086155039924,11,0.516569018363953,FALSE,2223.05712665987,163.292,2304.71320040597,2057.97915562383,2306.47902394983
55,TRUE,2,336,res_trees,28,0.00211728034117358,72,0.110319018363953,TRUE,3155.50466552149,144.923,3239.34712050905,3050.2141013374,3176.95277471801
56,TRUE,1,95,leaves,8,0.0262741240426228,52,0.618131518363953,TRUE,5651.89751118143,15.848,5733.38396897774,5643.44770835366,5578.86085621289
57,TRUE,1,234,res_trees,8,0.0434788697517604,205,0.157194018363953,FALSE,5628.65034604069,58.792,5728.1475943906,5595.87153138481,5561.93191234667
58,TRUE,1,127,cur_trees_1,27,0.000467227402142559,40,0.305631518363953,TRUE,5997.91354877253,29.973,6080.63384148028,6032.38519255566,5880.72161228164
59,TRUE,2,990,leaves,49,0.000773175894627535,98,0.344694018363953,TRUE,1890.73980902045,103.681,1762.59242032187,1939.01639226219,1970.6106144773
60,TRUE,7,53,res_trees,1,0.000830860869036087,84,0.743131518363953,TRUE,9215.23538333287,16.649,9057.08079035089,9256.13518543194,9332.49017421577
61,TRUE,9,361,hist,1,0.0579800046602102,142,0.563444018363953,TRUE,2144.08192936168,156.177,2218.69826637995,1959.01879457834,2254.52872712675
62,TRUE,6,19,cur_trees_2,9,0.00623057839962516,58,0.211881518363953,FALSE,8320.40545789096,6.19599999999997,8315.1064480203,8359.76053476162,8286.34939089097
63,TRUE,5,16,cur_trees_2,4,0.830860755004789,31,0.993131518363953,FALSE,2722.405427475,26.426,2675.2736934075,2732.92869824136,2759.01389077614
64,TRUE,7,34,hist,5,0.000197028161789537,36,0.336881518363953,TRUE,9001.30167381586,2.798,8743.11849416135,9191.15297431072,9069.63355297553
65,TRUE,1,11,cur_trees_1,2,0.197028134748455,95,0.0868815183639526,FALSE,8945.49477988958,5.79499999999996,8871.0960529421,9020.44887511834,8944.9394116083
66,TRUE,5,271,leaves,20,0.0103104648481213,15,0.750944018363953,FALSE,1193.29474980974,148.843,1114.31851320002,1198.93793083187,1266.62780539733
67,TRUE,6,226,cur_trees_1,6,0.0147750257323441,176,0.430631518363953,TRUE,2717.80729673586,97.888,2876.3498427719,2553.11453479558,2723.95751264012
68,TRUE,9,71,cur_trees_2,16,0.147750257323441,470,0.680631518363953,TRUE,1462.730134968,83.821,1362.10163629753,1484.87222310577,1541.21654550069
69,TRUE,3,26,leaves,19,0.000350371123308151,325,0.0243815165013075,FALSE,8527.23698704812,6.64800000000003,8194.21428150194,8747.54059943349,8639.95608020892
70,TRUE,4,62,res_trees,24,0.0623057668939684,156,0.461881518363953,TRUE,2957.67642576264,47.419,3001.99129121501,2798.47262506988,3072.56536100305
71,TRUE,9,169,leaves,35,0.00830860983067402,225,0.493131518363953,TRUE,1433.37162233482,58.391,1339.66703239297,1433.52242226417,1526.92541234731
72,TRUE,9,14,res_trees,1,0.0110797062394229,10,0.149381518363953,FALSE,12005.158129311,4.20299999999997,11856.0450403446,12285.0164368044,11874.412910784
73,TRUE,7,857,cur_trees_1,7,0.00103104676782363,297,0.500944018363953,TRUE,2884.55761930978,185.147,2932.11302791162,2765.20851617929,2956.35131383843
74,TRUE,5,110,res_trees,14,0.00197028188830623,13,0.586881518363953,TRUE,5041.51139542926,28.833,4979.20809113406,5004.75795025292,5140.5681449008
75,TRUE,4,147,hist,11,0.000110797079501337,75,0.649381518363953,TRUE,6218.31321535594,7.46800000000002,6303.2825039181,6240.375701474,6111.28144067571
76,TRUE,5,37,cur_trees_2,29,0.0170619335390341,23,0.00875651650130749,TRUE,4647.49234676951,16.662,4581.55557945401,4721.14959495313,4639.77186590138
77,TRUE,2,46,cur_trees_1,4,0.00110797092806867,199,0.399381518363953,TRUE,7191.73662572478,25.294,7125.53593226965,7328.55686260492,7121.11708229977
78,TRUE,5,598,leaves,6,0.669542648538216,44,0.235319018363953,TRUE,1107.26131960203,243.492,1031.59226490474,1115.23051648225,1174.96117741909
79,TRUE,8,620,hist,3,0.000623057754451094,22,0.961881518363953,FALSE,3410.65468827249,89.393,3411.14711508279,3310.01471531176,3510.80223442292
80,TRUE,1,374,leaves,4,0.000170619364661108,166,0.508756518363953,FALSE,5838.54704153559,27.622,5913.06857002197,5909.96697977247,5692.60557481233
81,TRUE,3,11,res_trees,10,0.0017061938222357,442,0.258756518363953,FALSE,9258.06425454771,7.84000000000003,9132.80822521921,9348.9899445292,9292.39459389471
82,TRUE,2,537,hist,13,0.0830860755004789,11,0.243131518363953,FALSE,2558.56892915843,99.107,2647.54922381716,2445.96648944517,2582.19107421297
83,TRUE,7,118,hist,1,0.170619335390341,62,0.758756518363953,TRUE,2402.65819288706,33.19,2480.21308070135,2239.87370854584,2487.88778941399
84,TRUE,4,716,hist,2,0.00147750297879346,66,0.180631518363953,FALSE,2403.94101632867,158.487,2461.89631733272,2267.42047287569,2482.50625877761
85,TRUE,6,955,cur_trees_1,1,0.000262741276486091,368,0.118131518363953,FALSE,4650.5448888571,134.059,4691.13101435177,4581.43912034891,4679.06453187063
86,TRUE,3,643,res_trees,16,0.000183348898637116,32,0.688444018363953,TRUE,2550.50903203985,314.358,2609.19294618633,2426.77389587281,2615.5602540604
87,TRUE,4,302,cur_trees_2,3,0.262741240426228,19,0.368131518363953,TRUE,1160.99693812818,189.893,1072.74159816582,1176.83681676945,1233.41239944926
88,TRUE,7,742,cur_trees_2,23,0.00434788816862568,10,0.407194018363953,TRUE,1093.24570313239,251.027,1022.47352204375,1091.45447241214,1165.80911494127
89,TRUE,8,261,cur_trees_2,2,0.0350371075221552,46,0.524381518363953,TRUE,1168.47123367352,137.956,1067.4240843095,1175.36969717447,1262.6199195366
90,TRUE,5,203,cur_trees_2,43,0.183348873473441,87,0.938444018363953,FALSE,1163.93274740748,343.016,1077.19086287383,1174.36668033159,1240.24069901702
91,TRUE,3,348,cur_trees_2,39,0.0197028134748455,255,0.836881518363953,FALSE,1184.09525305132,182.409,1109.74162558548,1184.57722093978,1257.9669126287
92,FALSE,4,519,leaves,9,0.651603102666239,44,0.952557384441418,TRUE,1132.59518686208,118.225,1061.9940897984,1135.82367789739,1199.96779289045
93,TRUE,7,465,leaves,31,0.110797062394229,28,0.899381518363953,FALSE,1086.3459010974,195.875,1021.60290018996,1090.46435678946,1146.97044631278
94,FALSE,4,514,leaves,7,0.00918324676681383,38,0.953552815882853,TRUE,1116.51084600743,161.798,1032.23700956008,1115.69869030705,1201.59683815516
95,FALSE,5,604,leaves,6,0.651620930710273,44,0.23451865790629,TRUE,1096.25984391473,164.745,1025.28078650304,1092.55420008153,1170.94454515962
96,TRUE,1,827,res_trees,7,0.00350371171394758,122,0.774381518363953,FALSE,5654.26323366588,226.524,5746.51332625794,5628.50067359313,5587.77570114658
97,TRUE,2,196,leaves,1,0.623057668939684,415,0.711881518363953,TRUE,1746.55085977941,261.669,1716.24744612959,1746.68858423029,1776.71654897834
98,TRUE,6,556,res_trees,4,0.0244499652339836,60,0.469694018363953,TRUE,2149.74592785334,362.342,2227.00773296797,1989.4563073465,2232.77374324556
99,FALSE,4,520,leaves,9,0.0085422362570714,40,0.955120993744673,TRUE,1118.55635571494,162.744,1038.90021467838,1126.58078140099,1190.18807106544
100,FALSE,5,597,leaves,6,0.673096062751167,44,0.237121055961898,TRUE,1099.62076398247,192.53,1018.38801498234,1116.47273505879,1164.00154190628
101,FALSE,5,598,leaves,6,0.663502099727413,45,0.223894890900002,TRUE,1097.36724163749,178.286,1029.84285538027,1100.49475086428,1161.76411866793
102,TRUE,5,798,cur_trees_2,3,0.0376511500250437,403,0.0478190146386623,TRUE,1086.67869640083,467.165,1002.66571501474,1087.64972287353,1169.72065131422
103,FALSE,5,600,leaves,6,0.688882595612273,44,0.232465560371851,TRUE,1088.27807461422,212.156,1009.54729240287,1081.93220875156,1173.35472268821
104,FALSE,4,518,leaves,9,0.00875118473314378,39,0.954343830948244,TRUE,1118.59006192431,159.93,1035.31724562606,1126.50596402633,1193.94697612053
105,TRUE,4,417,hist,5,0.137492258505363,335,0.282194018363953,TRUE,2150.79468102779,420.239,2245.5965034802,1974.86418272251,2231.92335688067
106,FALSE,5,599,leaves,6,0.708387093468873,45,0.238921491145282,TRUE,1097.01706689647,169.456,1023.04578704187,1101.70613805182,1166.29927559573
107,FALSE,4,523,res_trees,9,0.00904862208690802,37,0.955573057008053,TRUE,2348.13769601953,248.708,2406.15740193031,2215.29487854748,2422.96080758079
108,TRUE,6,82,cur_trees_1,50,0.350371075221551,17,0.274381518363953,TRUE,2470.30806952988,336.4,2595.37085716936,2317.13691040689,2498.4164410134
109,FALSE,7,492,leaves,30,0.103595264067844,10,0.946635017341203,FALSE,1098.86015599443,157.811,1029.8460406685,1098.05561865187,1168.67880866291
110,FALSE,7,471,leaves,31,0.109651181491163,27,0.950383115030332,FALSE,1086.60958783334,161.992,1015.72570457386,1095.79737320585,1148.30568572031
111,FALSE,7,436,leaves,31,0.110867066109376,28,0.895476283391434,FALSE,1089.71741160502,164.591,1017.53031621195,1096.72631488836,1154.89560371476
112,FALSE,7,755,cur_trees_2,23,0.00562946729112621,10,0.406104864434608,TRUE,1083.39929273323,241.622,1019.75233169547,1070.6887133512,1159.75683315303
113,FALSE,4,509,leaves,9,0.00848379590225075,40,0.951737250366387,TRUE,1117.31936191683,163.787,1040.93877058252,1117.76089482948,1193.2584203385
114,FALSE,5,585,leaves,6,0.882940660903091,44,0.236936585369962,TRUE,1101.29532096982,173.276,1028.67218973967,1106.13747818035,1169.07629498943
115,FALSE,6,743,cur_trees_2,23,0.614419823245164,10,0.407635165665459,TRUE,1108.55951330177,255.465,1028.06605069728,1124.89960445116,1172.71288475686
116,FALSE,7,451,leaves,31,0.140045021154896,28,0.901596639832263,FALSE,1084.38800249309,191.04,1022.82916296334,1088.98503079834,1141.34981371758
117,FALSE,7,740,cur_trees_2,23,0.00492701977124111,10,0.413232388328072,TRUE,1095.86029909378,263.08,1031.97052125293,1080.74142515314,1174.86895087527
118,FALSE,5,598,leaves,6,0.652907169894361,44,0.221955156530472,TRUE,1097.60582629724,186.2,1024.90581728091,1101.99783064289,1165.91383096791
119,FALSE,7,742,leaves,30,0.648446948442573,29,0.909197534253474,TRUE,1090.01398006323,222.654,1012.4646123484,1092.66964206817,1164.90768577313
120,FALSE,7,748,cur_trees_2,23,0.00441361109582608,10,0.397875296711729,TRUE,1088.49229116432,296.001,1020.75943091356,1081.67453622915,1163.04290635025
121,FALSE,7,731,cur_trees_2,23,0.00426465275884738,11,0.403095332863625,TRUE,1102.72677693224,303.588,1034.28207608846,1094.11100370425,1179.78725100401
122,TRUE,9,921,res_trees,2,0.282343793784878,171,0.829069018363953,TRUE,2039.00066091838,673.458,2143.11784290338,1839.84268249533,2134.04145735643
123,FALSE,5,601,leaves,6,1,44,0.232707535941891,TRUE,1098.28223411084,168.78,1029.47490726301,1100.78814011965,1164.58365494985
124,FALSE,5,604,leaves,3,0.687778617838822,51,0.23355563931391,TRUE,1092.04211254168,184.601,1021.24108739192,1088.61927670578,1166.26597352733
125,FALSE,5,599,leaves,6,0.683023914029534,39,0.224052868817357,TRUE,1094.11696159889,156.813,1022.25606940667,1098.81688875318,1161.27792663683
126,FALSE,7,484,leaves,31,0.114022300617304,27,0.896427920077758,FALSE,1088.0694017113,179.517,1017.50074010933,1094.55046441818,1152.1570006064
127,FALSE,7,480,leaves,31,0.11009036921409,27,0.949485183959081,FALSE,1080.3103317799,181.491,1017.51450724867,1091.02562097183,1132.39086711921
128,FALSE,7,599,leaves,16,0.925143811766864,41,0.23504733098722,TRUE,1098.63000890339,178.15,1025.20533206272,1110.80776999267,1159.87692465478
129,FALSE,7,468,leaves,33,0.100406984781792,27,0.945780011768196,FALSE,1078.22762553572,228.867,1012.87609732265,1081.03619607379,1140.77058321071
130,FALSE,7,481,leaves,31,0.132790806243788,27,0.901222593049435,FALSE,1084.20727867315,184.68,1016.21538942084,1086.82441235167,1149.58203424693
131,FALSE,7,467,leaves,31,0.107996122945203,28,0.94516466618292,FALSE,1084.64861211608,178.673,1023.11321788545,1084.01036505916,1146.82225340363
132,FALSE,7,478,leaves,29,0.130058562510941,27,0.904452616176329,FALSE,1079.70566445592,172.871,1008.85999607959,1087.11364879997,1143.1433484882
133,TRUE,8,402,res_trees,10,0.467227338018047,108,0.0556315146386623,FALSE,2046.37297259354,705.24,2169.26346564309,1854.77207836876,2115.08337376876
134,FALSE,7,605,leaves,6,0.946359411592048,28,0.229701331996085,TRUE,1088.21781390261,168.251,1026.81233102765,1081.44582943611,1156.39528124407
135,FALSE,7,752,leaves,25,0.141950713557067,30,0.899802563681189,TRUE,1077.05341727669,223.197,1014.10574159752,1078.19687189863,1138.85763833392
136,FALSE,7,773,cur_trees_2,23,0.00507658631111561,10,0.406211206536494,TRUE,1084.92246534591,256.154,1017.52054305781,1076.04149622736,1161.20535675256
137,FALSE,5,596,leaves,6,0.689269869284128,41,0.22897268511582,TRUE,1101.36981527797,251.323,1031.35679654747,1106.05958552038,1166.69306376606
138,FALSE,7,749,cur_trees_2,22,0.00546232077262996,10,0.405118294245125,TRUE,1084.89393279376,280.792,1019.96573153178,1073.90134024326,1160.81472660623
139,FALSE,5,609,res_trees,6,0.659270634338296,44,0.0695819982771048,TRUE,2063.30072051617,463.121,2167.64400834427,1874.71612665318,2147.54202655106
140,FALSE,7,651,leaves,31,0.669057183233022,28,0.912410574492408,FALSE,1080.88811560687,230.927,1020.12159129847,1078.20520607579,1144.33754944635
141,FALSE,7,753,cur_trees_2,29,0.00514534183591757,10,0.358313071024007,TRUE,1087.76416994814,265.139,1015.02834071271,1087.40330993584,1160.86085919588
142,FALSE,7,747,cur_trees_2,24,0.00642222124175958,10,0.397726582516017,TRUE,1079.22767406849,266.065,1017.09801968445,1074.25433637319,1146.33066614784
143,FALSE,7,459,leaves,31,0.124911775954484,28,0.92327820184684,FALSE,1085.70914572216,174.148,1016.30682374217,1091.14755147309,1149.67306195122
144,FALSE,5,785,cur_trees_2,3,0.0373578639321163,45,0.047497749162968,TRUE,1081.99094402585,419.977,1007.6582276888,1084.24839742658,1154.06620696216
145,FALSE,1,471,leaves,47,0.112749895110029,25,0.947236255375685,FALSE,5667.02602698136,136.248,5743.1108058269,5651.45352052663,5606.51375459055
146,FALSE,7,606,leaves,30,1,28,0.871986247612058,TRUE,1091.35559760374,154.628,1020.70049611282,1093.37245131222,1159.99384538619
147,FALSE,7,785,cur_trees_2,30,0.00813740638821642,10,0.385505079424598,TRUE,1078.62779587862,285.696,1015.43169833934,1071.40345774571,1149.04823155083
148,FALSE,7,468,leaves,31,0.110131530889417,26,0.950596511926013,FALSE,1085.58649590393,172.061,1015.03732738154,1091.61594579757,1150.10621453267
149,FALSE,7,465,leaves,33,0.110453872366044,24,0.917560607003946,FALSE,1080.47357751159,182.93,1005.95859563099,1092.5186207668,1142.94351613699
150,FALSE,7,604,leaves,31,0.113571727511829,27,0.770333102191351,FALSE,1074.64686100085,241.764,1012.13363381606,1081.61355969144,1130.19338949506
151,FALSE,7,676,leaves,28,0.500644099943647,29,0.907363110413233,TRUE,1083.65143317211,210.356,1020.80783073821,1077.91809154878,1152.22837722933
152,FALSE,5,809,leaves,6,0.65083303825325,436,0.0456238614706441,TRUE,1109.72361523102,582.687,1031.82342753708,1120.05318187427,1177.29423628171
153,FALSE,5,602,cur_trees_2,6,0.72588053177642,44,0,TRUE,1121.52491950035,543.607,1037.78541824005,1137.73062815557,1189.05871210543
154,FALSE,7,490,leaves,34,1,29,0.902909061733345,FALSE,1094.0771727873,177.724,1031.84335769883,1094.34132596397,1156.0468346991
155,FALSE,7,744,cur_trees_2,22,0.00522450223845029,10,0.406169937132148,TRUE,1081.97079746982,256.515,1017.27071670212,1071.87869948986,1156.76297621748
156,FALSE,7,483,leaves,32,0.14421523643417,29,0.901766238818158,FALSE,1086.62924410614,185.761,1020.09026910795,1085.12680049522,1154.67066271525
157,FALSE,5,579,leaves,6,1,32,0.23227133526114,FALSE,1085.99305486037,199.402,1010.54088612581,1090.68276826446,1156.75551019083
158,FALSE,7,470,leaves,34,0.0966118017947838,27,0.938884819089801,FALSE,1086.20318115468,182.297,1021.45773139721,1088.41660756703,1148.7352044998
159,FALSE,7,694,leaves,31,0.688507669893238,28,0.908472479852786,TRUE,1091.78250246342,219.927,1027.17551633095,1090.0699000542,1158.10209100512
160,FALSE,7,753,cur_trees_2,21,0.00571473796604114,10,0.398108955942447,TRUE,1090.20442348659,248.563,1026.44375513273,1081.84518802953,1162.32432729751
161,FALSE,7,760,leaves,25,0.134976283028578,30,0.90161607042477,TRUE,1075.88337433327,232.189,1008.06624081478,1078.65195659291,1140.93192559211
162,FALSE,7,724,leaves,29,0.17773195402682,29,0.886515387941845,TRUE,1079.72483473347,224.105,1017.21738608085,1073.89481037606,1148.06230774349
163,FALSE,7,762,cur_trees_2,23,0.00604358239992086,10,0.398877025537916,TRUE,1083.24219097806,282.011,1019.38145585904,1081.01667328324,1149.32844379191
164,FALSE,7,486,leaves,32,0.131428232995353,27,0.946822500566796,FALSE,1088.44775586057,201.183,1020.23142958013,1090.91668132451,1154.19515667707
165,FALSE,7,748,leaves,30,1,26,0.914582322958515,TRUE,1087.1052667868,233.885,1022.62324666111,1085.99575321203,1152.69680048726
166,FALSE,6,743,cur_trees_2,26,0.00570297807697493,10,0.898560224474091,TRUE,1081.71911344879,238.747,1006.57526571781,1075.68924454557,1162.89283008301
167,FALSE,7,751,leaves,27,0.136928513430322,30,0.40751091448792,TRUE,1079.49509556565,271.776,1019.27033366532,1084.01267021963,1135.20228281199
168,FALSE,7,762,cur_trees_2,25,0.00813038090347421,10,0.399574893558497,TRUE,1079.01708050218,257.713,1019.56055133257,1070.03842011596,1147.452270058
169,FALSE,7,750,leaves,25,0.154818212595899,29,0.909881757495944,TRUE,1080.32407966164,232.32,1025.99996884932,1078.72536456734,1136.24690556826
170,FALSE,7,751,cur_trees_2,24,0.00660942666627003,10,0.386765692440888,TRUE,1080.00919140263,254.613,1020.66305390646,1070.51667891502,1148.84784138641
171,FALSE,7,484,leaves,33,0.101105838704241,27,0.912664783242201,FALSE,1081.4280566912,227.927,1023.82521163049,1080.07982868155,1140.37912976155
172,FALSE,7,783,cur_trees_2,30,0.00456111948275317,10,0.325347809325715,TRUE,1085.44170209589,314.443,1016.22092513489,1079.3503026361,1160.75387851667
173,FALSE,7,786,cur_trees_2,22,0.00483548296275018,10,0.237476376675788,TRUE,1089.69674309951,241.019,1022.26154615407,1080.2990214897,1166.52966165475
174,FALSE,7,655,leaves,31,0.668554983864846,27,0.930539086624096,FALSE,1082.756075059,239.59,1021.39061236694,1081.81288197449,1145.06473083558
175,FALSE,7,658,leaves,32,0.142171223801436,27,0.806790247777646,FALSE,1071.89102269622,271.389,1014.5755575763,1067.27520313796,1133.82230737441
176,FALSE,7,697,leaves,28,0.131081404685335,28,0.919267372637051,TRUE,1079.17393971329,220.93,1021.64193623442,1078.44755733019,1137.43232557527
177,FALSE,7,759,leaves,26,0.114412976004337,30,0.888745202757192,TRUE,1073.45616634579,210.543,1013.42770837527,1076.34892558604,1130.59186507605
178,FALSE,7,748,leaves,27,0.157965329225071,28,0.901448623381955,TRUE,1086.29213228636,208.903,1025.74747606572,1084.71156354648,1148.41735724689
179,FALSE,7,752,cur_trees_1,14,0.0447114183273196,10,0.393819233265895,TRUE,2105.33650982768,415.424,2264.72696428939,1922.00149847893,2129.28106671473
180,FALSE,7,764,leaves,25,0.105521313587691,31,0.876639997966612,TRUE,1076.40164787261,243.784,1011.46695575623,1081.53832574663,1136.19966211498
181,FALSE,7,775,cur_trees_2,31,0.0107835649104562,10,0.377754567592681,TRUE,1078.24182675816,326.935,1012.42146057724,1072.11082997929,1150.19318971795
182,FALSE,5,792,cur_trees_2,3,0.119740119095677,433,0.0485203603962983,TRUE,1100.29334951933,958.24,1033.50035005342,1110.33637735175,1157.04332115283
183,FALSE,7,794,cur_trees_2,30,0.00815138444268702,10,0.382939620319227,TRUE,1075.84084192246,294.222,1011.73400637323,1076.17792407839,1139.61059531576
184,FALSE,5,759,cur_trees_2,6,0.0060361437404101,10,0.400741382600762,TRUE,1084.15871539437,240.517,1008.36793687993,1076.47267049657,1167.63553880661
185,FALSE,7,602,leaves,32,0.113617006756171,27,0.752194508206225,FALSE,1076.18970422863,313.416,1022.03363385265,1076.12299141648,1130.41248741677
186,FALSE,7,692,leaves,29,0.11197012191431,27,0.777482995979538,FALSE,1069.42397206242,303.998,1006.88869536316,1063.7230153016,1137.66020552249
187,FALSE,7,604,leaves,32,0.111743146497706,28,0.761604614260113,FALSE,1080.62998127835,215.614,1015.72015141631,1078.57267496421,1147.59711745453
188,FALSE,7,760,cur_trees_2,28,0.0061602440020219,30,0.90288154613813,TRUE,1078.6250540459,263.951,1010.76581728174,1069.84157999688,1155.26776485908
189,FALSE,7,768,cur_trees_2,30,0.0176097369872595,10,0.426917286563621,FALSE,1077.66563467667,424.162,1017.43980151956,1072.40457370038,1143.15252881006
190,FALSE,7,458,leaves,31,0.136059084280988,22,0.921363049072682,FALSE,1086.559671241,185.456,1022.09976943225,1094.4589641597,1143.12028013106
191,FALSE,7,723,leaves,33,0.124520010213771,28,0.917089748073384,TRUE,1080.303937245,230.882,1016.8292975371,1076.92736249062,1147.15515170729
192,FALSE,7,766,leaves,26,0.158960061090537,18,0.251609287422604,TRUE,1080.96114392625,229.854,1020.43970577826,1078.51927340835,1143.92445259214
193,FALSE,7,613,leaves,30,0.124783616156625,27,0.769649652668755,FALSE,1075.17797333356,255.794,1015.82264375108,1068.59896535471,1141.11231089488
194,FALSE,7,676,leaves,32,0.140617120656863,18,0.794538647618,TRUE,1079.99434228576,201.934,1007.8644218725,1075.28019368384,1156.83841130095
195,FALSE,7,773,cur_trees_2,25,0.00640989649222082,11,0.901673115056776,TRUE,1083.67271479208,284.086,1016.25397860926,1078.47384617864,1156.29031958836
196,FALSE,7,767,cur_trees_2,28,0.00759726460031309,10,0.39717639584032,TRUE,1080.15222697749,297.756,1015.50319944122,1072.42269686637,1152.53078462487
197,FALSE,8,782,cur_trees_2,22,0.00606272345193446,10,0.1904687585217,TRUE,1081.21962442335,249.81,1019.34237289526,1071.15431762887,1153.16218274593
198,FALSE,7,791,hist,30,0.00807828543753327,10,0.399254810785632,TRUE,2117.78397241801,152.842,2212.69713847463,1935.25543185539,2205.39934692402
199,FALSE,7,661,leaves,33,0.14660766388947,18,0.826288327149666,FALSE,1081.22059410887,268.88,1024.10404329897,1076.60989129211,1142.94784773555
200,FALSE,7,762,leaves,27,0.0174629291892834,32,0.898561447322944,TRUE,1069.57949981943,258.188,1002.83309360647,1077.93114064453,1127.97426520729
201,FALSE,7,655,leaves,29,0.138503493134683,26,0.77964840412509,FALSE,1078.69373927698,254.429,1022.34993717716,1083.51066509627,1130.2206155575
202,FALSE,6,760,cur_trees_2,24,0.00672287352211495,10,0.899684531709233,TRUE,1083.85468504583,319.7,1020.94457326056,1079.15201299882,1151.46746887811
203,FALSE,7,761,cur_trees_2,30,0.00652829411254399,10,0.399704586308343,TRUE,1078.63511234943,289.108,1006.05624393136,1074.94836479238,1154.90072832454
204,FALSE,7,763,leaves,31,0.147680594169156,29,0.259916072423307,TRUE,1080.10020578941,239.968,1019.93113295131,1086.18380195801,1134.18568245891
205,FALSE,7,651,leaves,28,0.135042310645393,27,0.812197239583537,FALSE,1078.47901988415,240.582999999999,1012.75523786298,1077.31146307724,1145.37035871222
206,FALSE,7,697,leaves,26,0.150690685179167,28,0.91787213869879,TRUE,1078.42959811215,201.286,1022.41497414653,1073.53556272085,1139.33825746908
207,FALSE,7,675,leaves,29,0.139292380541102,27,0.786685246091987,FALSE,1077.11301238182,249.65,1013.71131069674,1090.25138040608,1127.37634604264
208,FALSE,5,777,cur_trees_2,31,0.00762114744760954,11,0.397874785455827,TRUE,1083.59583234526,269.287,1020.17553737169,1077.22846949887,1153.3834901652
209,FALSE,7,762,leaves,25,0.121864069137133,30,0.901306747616326,TRUE,1078.02663193339,268.631,1015.60168050818,1079.00361292333,1139.47460236865
210,FALSE,7,674,leaves,28,0.138993212710471,29,0.804803195915139,FALSE,1074.55916038199,259.04,1004.98267677093,1079.12937365858,1139.56543071647
211,FALSE,7,750,leaves,32,0.113858129724411,27,0.399971876069659,FALSE,1067.91751534025,351.474,1000.67235191964,1076.4639004812,1126.61629361991
212,FALSE,6,761,cur_trees_2,24,0.00898555524047458,10,0.397209118988443,TRUE,1082.65647782608,309.344,1027.53733239847,1069.8509061987,1150.58119488107
213,FALSE,7,783,hist,32,0.0655627017762454,10,0.613255428169717,FALSE,2091.51278166884,203.617,2204.28281857813,1907.59014810765,2162.66537832075
214,FALSE,7,825,leaves,26,0.112056073504156,30,0.89180247127338,TRUE,1075.44081314586,250.78,1008.70327482387,1075.88879445047,1141.73037016323
215,FALSE,7,704,leaves,28,0.0321247981471036,26,0.773763348878198,FALSE,1065.92043742942,305.497,995.945449170078,1066.16212985879,1135.65373325938
216,FALSE,7,675,leaves,30,0.154171436556335,27,0.78643412777762,FALSE,1074.69453245474,277.216,1012.38945760146,1072.59575824849,1139.09838151428
217,FALSE,7,771,leaves,27,0.0626798869847842,31,0.884636134634517,TRUE,1075.97033426476,234.271,1015.07364077611,1077.54261998544,1135.29474203273
218,FALSE,7,754,leaves,30,0.10975861486261,29,0.776916690998054,FALSE,1064.45644679562,277.587,1003.60754856328,1058.25239694007,1131.50939488351
219,FALSE,7,635,leaves,26,0.129420443370445,30,0.903885052213108,TRUE,1078.87995271304,189.951,1016.45071693817,1081.09202551663,1139.09711568431
220,FALSE,7,658,leaves,32,0.146302820931158,27,0.800323513934289,FALSE,1073.89747244148,269.693,1010.48550666708,1081.89742426346,1129.30948639391
221,FALSE,7,631,leaves,32,0.118162187427418,10,0.770984846520276,FALSE,1085.44422090363,293.93,1032.49654347593,1072.05268112653,1151.78343810842
222,FALSE,6,760,cur_trees_2,25,0.00684043886630891,10,0.89832075587529,TRUE,1080.00854522847,265.191,1014.68858958615,1071.03712443521,1154.29992166406
223,FALSE,7,624,leaves,32,0.15423375484024,26,0.80196448542892,FALSE,1076.78480660043,284.769,1015.80422282179,1075.96331906689,1138.58687791261
224,FALSE,5,678,leaves,29,0.11301372649906,26,0.69490184473199,FALSE,1088.71960147038,230.738,1029.58504573559,1091.56980448239,1145.00395419316
225,FALSE,7,762,leaves,26,0.0856873323617336,32,0.887612384097675,TRUE,1078.43504833039,224.725,1019.42449081304,1078.8478421595,1137.03281201863
226,FALSE,7,665,leaves,32,0.00695276025563881,27,0.820590155254068,FALSE,1067.62456702097,278.45,1004.69610137685,1067.83510061111,1130.34249907495
227,FALSE,7,766,leaves,27,0.0685437059919483,33,0.890913967559282,TRUE,1068.2595034211,256.478,1008.65047833517,1066.54803011906,1129.58000180906
228,FALSE,7,762,leaves,6,0.117249176184585,30,0.865761981940746,FALSE,1060.18031647632,278.164,995.764870885297,1058.69803401356,1126.07804453011
229,FALSE,7,649,leaves,33,0.150555945884357,27,0.797993993342915,FALSE,1073.3118006748,258.801,1006.9652635183,1073.24043688386,1139.72970162225
230,FALSE,7,765,leaves,27,0.0962342818268231,34,0.903100776137409,TRUE,1081.09674207031,260.004,1016.43773603871,1086.36777806445,1140.48471210778
231,FALSE,7,693,leaves,29,0.00669591505849302,27,0.780792571266309,FALSE,1072.41863772994,379.253,1014.75351664801,1061.97066092699,1140.53173561482
232,FALSE,7,736,leaves,28,0.115472076934034,27,0.806269703585835,FALSE,1077.34462262179,288.355,1018.12855238128,1078.16913756372,1135.73617792038
233,FALSE,6,767,cur_trees_2,27,0.0119343690161823,10,0.905567310812697,TRUE,1080.89561949771,355.88,1016.45503683936,1074.56204881103,1151.66977284273
234,FALSE,7,770,cur_trees_2,31,0.0123102444548818,10,0.509025595899166,FALSE,1073.45458057492,507.354,1021.55046595776,1067.60306305631,1131.21021271068
235,FALSE,7,763,leaves,26,0.107993415572899,30,0.925893052253615,TRUE,1070.74139239768,248.537,1010.7035206713,1070.43724544722,1131.0834110745
236,FALSE,7,699,leaves,29,0.0342082382886085,29,0.774382551783566,FALSE,1071.12371007987,296.326,1003.98059795276,1084.25504388462,1125.13548840221
237,FALSE,7,762,leaves,32,0.106135697976435,31,0.433059826859664,FALSE,1072.32061754671,299.581,1003.34456757282,1083.3503348787,1130.26695018861
238,FALSE,7,784,leaves,7,0.116265520265622,26,0.876274857504001,FALSE,1060.0145145642,332.517,999.106117055447,1062.41713972757,1118.5202869096
239,FALSE,7,682,leaves,27,0.0991582135638568,30,0.716238834777903,FALSE,1071.93260766579,306.976,1005.21524557044,1069.98460763134,1140.59796979558
240,FALSE,7,636,leaves,33,0.152240884574399,28,0.804248539456716,FALSE,1075.23659816386,245.223,1014.3049920704,1075.56816987333,1135.83663254784
241,FALSE,6,766,leaves,29,0.0326901612702361,29,0.777996115836099,TRUE,1071.81267911111,250.077,1011.0009396554,1072.50694295064,1131.9301547273
242,FALSE,7,762,leaves,31,0.111729291940833,30,0.777993980579063,FALSE,1070.51106043287,293.852,1001.17567789655,1068.69421984068,1141.66328356137
243,FALSE,7,715,leaves,30,0.0324150091821254,26,0.773311822130684,FALSE,1070.55825183061,305.58,1016.1054362963,1066.10633581607,1129.46298337947
244,FALSE,7,689,leaves,28,0.0226050962796332,27,0.805562761441003,FALSE,1070.57233638271,274.931000000001,1008.73137607817,1074.80780746187,1128.1778256081
245,FALSE,7,716,leaves,28,0.0300535660544723,27,0.777019443272723,FALSE,1062.40579934888,278.732,1004.67418936954,1053.67744493244,1128.86576374465
246,FALSE,7,756,leaves,33,0.151208944784513,27,0.428756755220971,FALSE,1069.7971458471,333.391000000001,1005.31612012523,1068.26329262796,1135.81202478812
247,FALSE,7,737,leaves,30,0.109294948639395,25,0.752016567953989,FALSE,1065.88372146413,324.886000000001,1000.44338780811,1072.52201134554,1124.68576523873
248,FALSE,7,666,cur_trees_2,31,0.111621474711781,18,0.729186940453026,FALSE,1092.44933223056,608.714,1029.87488650086,1093.53732871559,1153.93578147523
249,FALSE,7,662,leaves,33,0.0167971916015004,27,0.817229514097484,FALSE,1074.00628880776,276.68,1010.98477023146,1082.55278354031,1128.48131265152
250,FALSE,7,790,leaves,6,0.119000775790798,31,0.879137352296683,FALSE,1055.57254968729,320.902,996.927127050009,1049.31614420756,1120.47437780429
251,FALSE,7,755,leaves,30,0.114702231529263,29,0.795029557315511,FALSE,1071.17650865032,278.74,1008.40129102284,1073.27686001728,1131.85137491085
252,FALSE,7,757,leaves,6,0.252453628489829,31,0.832663212824991,FALSE,1059.07766373649,286.085000000001,1003.72873870098,1050.49158285312,1123.01266965537
253,FALSE,7,701,leaves,29,0.00680643158368076,26,0.80617329321275,FALSE,1074.95108984145,320.471,1015.87149076838,1076.58671302145,1132.39506573453
254,FALSE,7,747,leaves,6,0.133033980907045,32,0.875695611234267,FALSE,1061.00279073915,282.461,999.864245456099,1057.1575432565,1125.98658350486
255,FALSE,7,751,leaves,41,0.150914701819317,368,0.447031501646618,FALSE,1081.49030567134,574.462000000001,1016.11241193484,1089.4829470193,1138.87555805988
256,FALSE,7,1000,leaves,6,0.116795533327212,33,0.929032662502906,FALSE,1057.32940592456,411.27,989.404969097358,1059.61252024722,1122.9707284291
257,FALSE,6,760,leaves,6,0.234010875040029,29,0.839219000879628,FALSE,1060.59164823558,266.448,995.032884274362,1052.2155898977,1134.52647053468
258,FALSE,7,763,leaves,28,0.070671446587551,30,0.84061786505592,FALSE,1068.83568726674,289.95,1016.43734922583,1062.51726220861,1127.55245036578
259,FALSE,7,690,leaves,28,0.0313127971638125,28,0.781021280559314,FALSE,1071.47542975439,277.926,1006.01917046854,1075.27034206201,1133.13677673262
260,FALSE,7,773,leaves,27,0.0185016750376682,32,0.88508959692528,TRUE,1072.02944485184,317.19,1011.62867821857,1071.74965760439,1132.70999873257
261,FALSE,7,754,leaves,27,0.10394190452208,29,0.801385002903204,FALSE,1072.49143561625,296.855999999999,1007.39558233655,1073.77156724667,1136.30715726554
262,FALSE,7,767,leaves,7,0.141707677413144,29,0.864090914100549,FALSE,1066.17296930835,288.935,1004.978851742,1061.33030537728,1132.20975080577
263,FALSE,7,735,leaves,34,0.11183890048111,30,0.775776400358799,FALSE,1073.25809688606,283.692999999999,1009.00621198322,1073.65501218461,1137.11306649035
264,FALSE,7,788,leaves,8,0.110295627921767,27,0.87652107861112,FALSE,1060.89360498144,309.415000000001,993.712469400717,1062.27184089917,1126.69650464445
265,FALSE,7,760,leaves,6,0.117602245050001,29,0.868537295876802,FALSE,1056.25502330519,318.404,997.106360950516,1049.17659457795,1122.4821143871
266,FALSE,7,722,leaves,28,0.0364081538371895,27,0.777650338364767,FALSE,1067.5570943343,321.98,1011.52374194701,1069.34844887516,1121.79909218074
267,FALSE,9,717,leaves,28,0.0249506445104071,27,0.808612248009272,FALSE,1069.54116507518,328.622000000001,1000.73246552975,1073.52697333098,1134.36405636482
268,FALSE,7,785,leaves,7,0.115785521978457,26,0.871660508847321,FALSE,1055.99606554004,301.131,994.96789929471,1049.14648505291,1123.8738122725
269,FALSE,7,705,leaves,28,0.0287763149214299,28,0.801588458181949,FALSE,1069.06291300397,303.222000000001,1008.08159200872,1077.24796999229,1121.8591770109
270,FALSE,8,758,leaves,30,0.11383530857955,30,0.677896934238894,FALSE,1069.756663526,358.761,1012.47026561048,1069.91238174971,1126.8873432178
271,FALSE,7,769,leaves,6,0.220823820056618,26,0.879807029965299,FALSE,1058.44646924945,312.624,993.274703471913,1055.85525176435,1126.2094525121
272,FALSE,6,802,leaves,6,0.119172983766528,30,0.883028197871816,FALSE,1062.89502835642,338.223,996.0189360084,1067.52409051907,1125.14205854179
273,FALSE,7,745,leaves,6,0.255937133032237,31,0.847893058480711,FALSE,1066.77324554934,266.76,993.921651642671,1073.53873975479,1132.85934525056
274,FALSE,7,779,leaves,6,0.122239762163633,31,0.876439306721177,FALSE,1052.10474887861,300.585,996.62876205233,1043.76114144109,1115.92434314241
275,FALSE,7,796,leaves,6,0.109028010207012,31,0.878396220402797,FALSE,1060.32860962019,315.961,996.1471737919,1049.04540904325,1135.79324602544
276,FALSE,7,761,leaves,7,0.212698479109328,29,0.802792561548224,FALSE,1060.45049876814,286.105000000001,997.284326284527,1059.6916975021,1124.3754725178
277,FALSE,7,759,leaves,6,0.399219087925987,31,0.742958965533616,FALSE,1057.51043314667,335.561,990.544047944525,1056.26210262327,1125.72514887223
278,FALSE,7,752,leaves,6,0.24470662072559,31,0.857326042582166,FALSE,1061.87945135151,299.411,1003.2159433211,1053.83265901605,1128.58975171737
279,FALSE,7,758,leaves,6,0.255254266164625,30,0.839689187569285,FALSE,1053.38685898951,322.019,991.14126880812,1048.17367533635,1120.84563282406
280,FALSE,7,749,leaves,32,0.109787224947775,27,0.18302781062899,FALSE,1078.64210359807,315.759,1018.63995041474,1079.29764414965,1137.98871622984
281,FALSE,7,778,leaves,6,0.160182227713558,31,0.886029446969065,FALSE,1060.51588786853,324.734,995.995390975546,1053.8931148392,1131.65915779084
282,FALSE,7,1000,leaves,6,0.116674360713388,32,0.813781874164624,FALSE,1056.32955668862,404.018,994.829085187267,1054.6993884057,1119.4601964729
283,FALSE,7,789,leaves,6,0.135206648437936,32,0.878835629149552,FALSE,1061.15675864864,341.564,1001.31945610624,1054.18435195423,1127.96646788544
284,FALSE,7,767,leaves,6,0.129632211328281,29,0.877434247856094,FALSE,1056.76868111546,297.708,988.939099752216,1050.12795126357,1131.23899233059
285,FALSE,7,764,leaves,6,0.116911515009138,29,0.663259337211053,FALSE,1064.08439790858,293.201,997.015062594155,1055.67117177825,1139.56695935334
286,FALSE,8,758,leaves,6,0.138345210156222,28,0.861400783524187,FALSE,1059.71037548366,286.173,994.963971713073,1057.54329628318,1126.62385845472
287,FALSE,6,786,leaves,6,0.116872165734295,30,0.87201452101369,FALSE,1064.99897558788,285.722,999.216334211363,1060.07797267839,1135.70261987387
288,FALSE,7,786,leaves,6,0.226354520581998,27,0.882813513437595,FALSE,1066.99124068885,286.991,1001.02596792671,1066.22510443966,1133.72264970019
289,FALSE,7,790,leaves,7,0.120148285044719,28,0.845021895011361,FALSE,1056.81094569562,356.726,990.440298491783,1056.74680565942,1123.24573293565
290,FALSE,8,781,leaves,7,0.178973756209167,29,0.866269416328868,FALSE,1057.8180985081,337.657,990.348085945253,1059.2477302253,1123.85847935376
291,FALSE,7,743,leaves,30,0.107141622645411,388,0.748592251674324,FALSE,1069.93757704564,619.372,1006.6044499799,1066.88546022561,1136.32282093141
292,FALSE,7,1000,leaves,6,0.117607615495618,34,0.914415683292309,FALSE,1065.61157935194,437.322,1012.09822253885,1058.17476635748,1126.56174915949
293,FALSE,7,762,leaves,7,0.141031578120139,28,0.869272401353563,FALSE,1060.2049817374,290.674,996.902882111948,1056.50040508565,1127.2116580146
294,FALSE,5,776,leaves,6,0.126128820771145,27,0.87780895152372,FALSE,1079.06264147574,282.177,1015.254293445,1072.08110106278,1149.85252991944
295,FALSE,7,773,leaves,6,0.118288789947685,30,0.875595185910978,FALSE,1061.41714314848,302.825,1001.25314402103,1060.94227186225,1122.05601356216
296,FALSE,7,775,leaves,5,0.117856874710435,30,0.875265387233018,FALSE,1059.85454947801,349.74,993.284636651453,1051.08546530677,1135.19354647581
297,FALSE,7,756,leaves,6,0.276900768875605,31,0.841608620491299,FALSE,1066.92181897383,279.797,999.810895496924,1064.81879507205,1136.13576635251
298,FALSE,7,1000,leaves,6,0.147711881699788,25,0.935022092585937,FALSE,1052.95768031794,413.884,990.825288900011,1052.81413984566,1115.23361220816
299,FALSE,7,724,leaves,7,0.192159461483622,28,0.864437119303813,FALSE,1061.67002181518,299.514000000001,1005.41160213632,1060.53017204846,1119.06829126076
300,FALSE,7,754,leaves,32,0.101454334421186,393,0.760542532265812,FALSE,1066.21852183888,617.519,996.405910033676,1071.28735993158,1130.96229555138
301,FALSE,7,797,leaves,6,0.12128638278157,31,0.933161156758454,FALSE,1054.09091908456,361.995,989.606604717275,1050.05340445387,1122.61274808254
302,FALSE,7,784,leaves,6,0.122555139479119,31,0.817718926262575,FALSE,1056.47990475249,340.104,1006.60102643218,1042.019799881,1120.81888794429
303,FALSE,8,759,leaves,6,0.124621054651146,29,0.882302184559235,FALSE,1065.62535586713,286.23,1002.92952026986,1065.54424659786,1128.40230073367
304,FALSE,8,1000,leaves,6,0.115975873433001,31,0.926366181268267,FALSE,1057.45015961447,467.853,1004.42106870134,1052.85425155343,1115.07515858865
305,FALSE,7,765,leaves,6,0.192454396926051,30,0.874282184720667,FALSE,1060.94337941508,295.368,995.921520461954,1064.34872499865,1122.55989278464
306,FALSE,8,766,leaves,6,0.124138613065964,31,0.884944578970949,FALSE,1062.51402116004,281.704,1003.37445548982,1058.43740430963,1125.73020368069
307,FALSE,7,781,leaves,6,0.121644121782971,30,0.881954529955558,FALSE,1062.35214708507,282.461,1005.26461975377,1054.00548678343,1127.78633471801
308,FALSE,7,766,leaves,6,0.130829362154839,31,0.839188933596735,FALSE,1067.23252318272,351.366999999999,995.770521787026,1070.13111546574,1135.79593229538
309,FALSE,6,1000,leaves,6,0.102860375767137,28,0.866005062640221,FALSE,1052.67302422022,415.786000000001,995.08877911797,1043.80476999651,1119.12552354618
310,FALSE,7,788,leaves,6,0.122770897786163,30,0.877830908194021,FALSE,1061.47609085211,318.71,994.144993249139,1058.37795255199,1131.90532675519
311,FALSE,7,1000,leaves,6,0.113224555190874,31,0.871279632862877,FALSE,1059.4004671882,426.302,996.070311952857,1062.02951457263,1120.10157503911
312,FALSE,7,772,leaves,6,0.297205226067845,26,0.878141887121314,FALSE,1057.39497543398,314.211999999999,996.9352942646,1046.92265070104,1128.32698133631
313,FALSE,9,760,leaves,6,0.122426820384636,30,0.915134639053491,FALSE,1065.41534824777,316.508,1009.99053263151,1064.02044612893,1122.23506598287
314,FALSE,7,769,leaves,6,0.315149419267715,29,0.884055943142326,FALSE,1062.25923451354,291.787000000001,994.971201504289,1060.68494060363,1131.12156143271
315,FALSE,7,781,leaves,6,0.124270483915363,29,0.876901942016158,FALSE,1056.28739192949,296.768999999999,997.814547841183,1047.90388839868,1123.14373954862
316,FALSE,7,835,leaves,6,0.117566529599588,32,0.856409823327676,FALSE,1057.5187917206,336.991,993.548747276834,1056.47075696561,1122.53687091937
317,FALSE,7,1000,leaves,6,0.110275561420765,32,0.878638994134509,FALSE,1053.99875387034,453.078000000001,992.224667210726,1040.47928981138,1129.2923045889
318,FALSE,7,1000,leaves,6,0.130434282528051,32,1,FALSE,1057.85915840383,491.652,992.552355532,1058.11073214571,1122.91438753379
319,FALSE,7,779,leaves,6,0.214288051973155,32,0.881182474119743,FALSE,1061.02449144168,338.719,997.276788949723,1054.59278926744,1131.20389610786
320,FALSE,7,789,leaves,7,0.120056776620316,27,0.852238098632421,FALSE,1061.77628175764,390.25,1001.13669237054,1056.40045939588,1127.79169350649
321,FALSE,9,782,leaves,7,0.0805555635690691,28,0.86632873286023,FALSE,1054.80505815088,300.108,991.584620899274,1053.35263748743,1119.47791606592
322,FALSE,7,1000,leaves,6,0.175612138598405,26,0.944793755368517,FALSE,1061.28337559942,404.693,1002.55035387687,1054.64556634242,1126.65420657897
323,FALSE,7,1000,leaves,6,0.141392927524021,25,0.933425592248292,FALSE,1059.38426669729,392.633,994.29901932046,1054.47184065056,1129.38194012085
324,FALSE,7,800,leaves,5,0.129915969447703,31,0.880570850757614,FALSE,1056.865410214,308.347,991.885156800589,1051.55833596692,1127.1527378745
325,FALSE,7,771,leaves,6,0.212843897628558,29,0.885272061324802,FALSE,1056.10472151272,334.161,998.883468961273,1043.51689233161,1125.91380324528
326,FALSE,7,823,leaves,6,0.184762152320316,24,0.932890243500404,FALSE,1060.29845005438,398.429,1005.39401974604,1045.82356988399,1129.67776053311
327,FALSE,7,996,leaves,7,0.14903533047164,27,0.849943740614315,FALSE,1054.81603854486,475.426,990.360618745898,1056.86451760101,1117.22297928768
328,FALSE,9,763,leaves,6,0.107008500091422,31,0.90195728350373,FALSE,1060.78495137887,385.113,992.985405840321,1057.16988446631,1132.19956382998
329,FALSE,7,790,leaves,6,0.122349205648236,25,0.853900763312596,FALSE,1064.62390919394,338.525,1003.73001159018,1063.30638700504,1126.83532898661
330,FALSE,6,1000,leaves,7,0.119850913165045,27,0.873995254854278,FALSE,1060.26919498643,389.675000000001,995.480358750328,1053.1329452679,1132.19428094107
331,FALSE,8,1000,leaves,8,0.128247204868258,32,0.936510100894223,FALSE,1058.92546931766,455.801000000001,1007.79456075396,1047.34021031633,1121.64163688268
332,FALSE,7,1000,leaves,6,0.147617840336315,33,0.942104360357664,FALSE,1053.79724937147,495.694,992.290177466095,1051.43635824659,1117.66521240173
333,FALSE,6,1000,leaves,6,0.114625857556479,27,0.921060104880307,FALSE,1060.68767465446,411.33,1005.51382100382,1053.46143820611,1123.08776475347
334,FALSE,7,780,leaves,5,0.15230518016831,31,0.895424296658836,FALSE,1058.12383309739,364.684,996.453656567215,1053.27269669937,1124.64514602558
335,FALSE,5,1000,leaves,23,0.104795031337686,29,0.926242241498665,FALSE,1072.71271486638,370.873,1002.98579150506,1071.51320406561,1143.63914902848
336,FALSE,6,1000,leaves,6,0.0344902442804139,28,0.856615659135031,FALSE,1051.50656718807,480.601,991.177803426896,1047.80419208059,1115.53770605674
337,FALSE,6,1000,cur_trees_2,6,0.115408426411401,10,0.949289110454041,FALSE,1084.40431305244,520.598,1024.29112715183,1078.31610449632,1150.60570750916
338,FALSE,7,1000,leaves,6,0.0921752406967308,31,0.867488146974716,FALSE,1057.3233392708,453.451,999.015920073589,1051.54010641661,1121.41399132219
339,FALSE,7,795,leaves,6,0.121931796938654,31,0.874369699661152,FALSE,1059.60881614001,343.287,998.498797458135,1058.03910732884,1122.28854363305
340,FALSE,8,1000,leaves,6,0.0985341292138471,28,0.873505722250786,FALSE,1056.27338852712,453.958999999999,994.060083600943,1051.73090326795,1123.02917871246
341,FALSE,5,1000,leaves,6,0.118847760822504,32,0.863818422892765,FALSE,1073.57543996131,355.575,1002.66265442319,1079.05333671458,1139.01032874616
342,FALSE,9,780,leaves,6,0.105522730269861,32,0.915591961092,FALSE,1055.16669661352,309.968,999.246830617819,1047.97382020711,1118.27943901563
343,FALSE,6,1000,leaves,6,0.109646264912074,28,0.0295115362056879,FALSE,1066.31326069845,449.976999999999,991.751594508088,1075.23873480791,1131.94945277935
344,FALSE,7,1000,leaves,6,0.106156311800734,29,0.86509113710017,FALSE,1052.36228939037,463.505,990.569687635215,1046.0803502523,1120.43683028358
345,FALSE,9,787,leaves,6,0.0722601053859442,31,0.894011612425169,FALSE,1057.91710049111,361.723,989.909027606491,1049.41301408073,1134.42925978612
346,FALSE,8,1000,leaves,6,0.156645251065019,25,0.935160988227711,FALSE,1056.54208815906,410.806000000001,995.112056545717,1046.43964763176,1128.0745602997
347,FALSE,7,1000,leaves,6,0.112985430440395,32,0.941205925498457,FALSE,1050.59668612562,458.436,984.581632768614,1054.86847270157,1112.33995290668
348,FALSE,7,1000,leaves,7,0.778455426431222,26,0.921790834599862,FALSE,1053.9696588612,394.458,995.974234149663,1047.49411393774,1118.44062849621
349,FALSE,8,1000,leaves,6,0.117271875736463,24,0.459176776583486,FALSE,1059.31052439039,444.228,1002.57300540359,1054.26264456193,1121.09592320563
350,FALSE,9,807,leaves,6,0.123468155184438,31,0.858030932102881,FALSE,1057.9720283255,308.511,991.04801666601,1056.80806368309,1126.0600046274
351,FALSE,7,1000,leaves,7,0.152387773910654,24,0.889190211926884,FALSE,1061.19045795186,439.327,996.885628851326,1057.10963293956,1129.57611206469
352,FALSE,7,931,leaves,7,0.135375679066716,30,1,FALSE,1060.03469747784,465.241,990.860950603236,1059.67088770572,1129.57225412456
353,FALSE,7,1000,leaves,6,0.54055829585302,26,0.934190897548715,FALSE,1052.40271659334,407.174,993.562949974435,1052.67721892479,1110.96798088078
354,FALSE,7,1000,leaves,7,0.118970651644243,31,0.860261149372267,FALSE,1056.34167032917,479.739000000001,996.632637650559,1052.2481541546,1120.14421918234
355,FALSE,7,1000,leaves,7,0.131511005451235,31,1,FALSE,1063.14738493771,483.591,996.946299627877,1064.04313842375,1128.45271676149
356,FALSE,8,779,leaves,7,0.0877443775503285,28,0.877421590151193,FALSE,1058.84903500784,332.499,997.347156213323,1049.5560978126,1129.64385099758
357,FALSE,8,1000,leaves,6,0.124259232088605,31,0.946609493907719,FALSE,1052.86022363389,450.517,997.734374551815,1053.30144915077,1107.54484719909
358,FALSE,6,1000,leaves,6,0.0847457715242315,28,0.856988295760242,FALSE,1059.10235353848,404.775,998.478300393881,1056.61240966343,1122.21635055813
359,FALSE,6,1000,leaves,6,0.123842398660533,32,0.934268869037116,FALSE,1057.92335850641,529.264000000001,1000.47954995547,1044.85102682019,1128.43949874358
360,FALSE,5,808,cur_trees_2,3,0.669699499069865,399,0.0495869231105513,TRUE,1119.98192719838,3592.645,1038.55680180264,1143.24501456961,1178.14396522289
361,FALSE,7,817,leaves,7,0.21708395832353,26,0.871973393508102,FALSE,1063.50650167303,308.930999999999,996.754668288268,1059.44476646785,1134.32007026297
362,FALSE,6,1000,leaves,6,0.0469130542779461,27,0.856596061071211,FALSE,1057.88098439254,400.903,1000.9885875426,1054.06274857071,1118.59161706432
363,FALSE,6,1000,leaves,6,0.0397631078742573,27,0.845527043717562,FALSE,1056.06926533508,403.911000000001,994.707412439887,1052.78390062152,1120.71648294384
364,FALSE,6,1000,leaves,6,0.0206457549480421,27,0.79728764971029,FALSE,1053.22355314055,491.776,989.62047743964,1050.69633055535,1119.35385142665
365,FALSE,7,984,leaves,6,0.117621542638044,35,0.943350669291574,FALSE,1050.01188233159,424.881999999999,989.144018024933,1045.03953331851,1115.85209565132
366,FALSE,6,1000,leaves,6,0.033362880572944,27,0.883569062770486,FALSE,1054.89301254952,455.055000000001,1001.81236362286,1050.24089099724,1112.62578302845
367,FALSE,7,1000,leaves,6,0.135225798395077,28,0.938379468175536,FALSE,1056.03947623903,402.026,996.174442136363,1057.43871330362,1114.50527327712
368,FALSE,8,1000,leaves,6,0.0896286460892843,27,0.768951194038793,FALSE,1053.7493205167,440.672000000001,993.411952689237,1046.55418017302,1121.28182868785
369,FALSE,6,1000,leaves,6,0.116379271373896,34,0.938518161587703,FALSE,1067.71902276648,489.792,999.910676963088,1066.94926326096,1136.2971280754
370,FALSE,7,1000,leaves,6,0.167088704602219,10,0.990665332742284,FALSE,1059.54721909722,473.396,999.208327450753,1055.02308266801,1124.41024717291
371,FALSE,7,1000,leaves,7,0.436048095437248,26,0.188022649872282,FALSE,1061.50220923336,491.343,998.202860828828,1058.83211136668,1127.47165550458
372,FALSE,7,1000,leaves,6,1,32,0.943806508258729,FALSE,1060.64857597854,379.816000000001,996.888767457364,1062.70792284167,1122.34903763658
373,FALSE,7,1000,leaves,6,0.111894325404875,32,0.941231323198063,FALSE,1055.11064800113,474.075000000001,1002.76080625371,1052.59001483536,1109.9811229143
374,FALSE,7,1000,leaves,7,0.761432663817412,25,0.939003360070321,FALSE,1062.64225537929,394.509000000001,1006.59303728415,1052.47506313086,1128.85866572286
375,FALSE,9,799,leaves,6,0.0353446460002256,31,0.916430385348671,FALSE,1057.10779998522,421.022000000001,998.94853418935,1045.37470967081,1127.0001560955
376,FALSE,9,1000,leaves,6,0.112191747855662,31,0.946234282574865,FALSE,1059.18593844758,406.150000000001,1006.12758974678,1055.80099339726,1115.62923219871
377,FALSE,8,1000,leaves,6,0.115817722509427,33,0.939013740342677,FALSE,1057.6775608072,469.561999999998,999.170150132388,1051.67589946536,1122.18663282386
378,FALSE,7,1000,leaves,7,0.416663887375197,26,0.851334289259313,FALSE,1058.57086028882,513.420000000002,991.904713338029,1059.29305566915,1124.51481185929
379,FALSE,6,1000,leaves,7,0.0386694273800095,28,0.878969410054603,FALSE,1061.66015928827,498.124000000001,1004.38965223884,1065.89287113572,1114.69795449025
380,FALSE,7,1000,leaves,7,0.0352013315445545,28,0.856652292229672,FALSE,1049.56783961472,429.169,982.029042557086,1052.03681275954,1114.63766352753
381,FALSE,8,1000,leaves,7,0.685467731285749,26,0.938635126547641,FALSE,1054.62088815898,581.85,997.753671741358,1048.49958095085,1117.60941178474
382,FALSE,7,1000,leaves,6,0.0649381631495652,29,0.928665122830046,FALSE,1057.17013281888,483.116000000002,994.081559149197,1052.1373062426,1125.29153306485
383,FALSE,8,1000,leaves,7,0.532608682543137,25,0.839917941043643,FALSE,1060.72601190474,522.046999999999,998.548130827871,1059.40878781641,1124.22111706994
384,FALSE,6,1000,leaves,6,0.0351485771101271,27,0.867899383157656,FALSE,1062.88703261114,401.013,990.047940124868,1071.79565987687,1126.81749783169
385,FALSE,6,1000,leaves,7,0.0339431000539132,28,0.856037701361227,FALSE,1054.7365662444,486.490999999998,987.291415290478,1058.6011505153,1118.31713292741
386,FALSE,7,1000,leaves,6,0.0482749449939615,27,0.867235947825889,FALSE,1059.62023824358,523.108999999999,992.67541625073,1059.60734556562,1126.5779529144
387,FALSE,8,1000,leaves,6,0.100553022294196,27,0.772298873876666,FALSE,1051.83713228955,527.045999999999,1000.17714265022,1044.34886963387,1110.98538458455
388,FALSE,6,1000,leaves,6,0.0340175975627152,27,0.878851044828741,FALSE,1054.61462617858,449.170999999999,987.505868132385,1058.79347493128,1117.54453547207
389,FALSE,8,1000,leaves,6,0.103089953093742,16,0.594851751302317,FALSE,1058.61811848391,387.613,997.561845692273,1046.83590122274,1131.45660853672
390,FALSE,6,1000,leaves,7,0.0384707407086276,28,0.914108831650725,FALSE,1054.24889613155,500.652999999999,994.675362059772,1050.5058781116,1117.56544822328
391,FALSE,6,1000,leaves,6,0.027405178572458,28,0.870959348893656,FALSE,1051.89487353081,430.442000000001,992.67627692419,1047.20269363914,1115.80565002911
392,FALSE,7,1000,leaves,7,0.446705870561232,22,0.835683894525998,FALSE,1062.41030784546,416.050000000002,997.21882774514,1059.90448535142,1130.10761043981
393,FALSE,7,1000,leaves,5,0.101712802681314,31,0.94500677415906,FALSE,1051.52095590096,407.982999999999,986.809481967324,1050.15789691141,1117.59548882414
394,FALSE,8,1000,leaves,6,0.0756386846085884,27,0.933974705868179,FALSE,1053.89214945193,451.647000000001,1000.01682544468,1044.14241104415,1117.51721186696
395,FALSE,7,1000,leaves,6,0.100725545400529,26,0.775477982867486,FALSE,1056.00970579981,534.704000000001,993.726009448921,1052.6693313582,1121.63377659231
396,FALSE,7,1000,leaves,6,0.138329965026409,27,0.940998077434389,FALSE,1052.17251410414,438.816,1005.52633344502,1041.54643889062,1109.44476997677
397,FALSE,8,1000,leaves,6,0.108767797795018,22,0.602770797327617,FALSE,1054.24869644188,447.081,1000.65988237286,1046.66660342966,1115.41960352311
398,FALSE,6,1000,leaves,6,0.0314481974775013,27,0.855955528154368,FALSE,1052.40420911266,433.253000000001,991.423391333191,1047.73494785552,1118.05428814928
399,FALSE,6,1000,leaves,6,0.0327918690162507,29,0.904796409623454,FALSE,1059.90351405948,430.453,992.6680504383,1062.77842066777,1124.26407107235
400,FALSE,6,1000,cur_trees_2,6,0.100878444119969,27,0.514864503127589,FALSE,1083.41658841654,1121.07,1019.57185644217,1082.90704246756,1147.77086633988
401,FALSE,6,1000,leaves,6,0.0321672771285197,27,0.79800411928376,FALSE,1053.09265767055,469.428,992.367233414495,1043.38699910772,1123.52374048944
402,FALSE,7,1000,cur_trees_2,6,0.148113940583339,33,1,FALSE,1093.31888502816,1375.282,1018.53644372226,1105.20849103811,1156.21172032412
403,FALSE,7,1000,leaves,6,0.0938492069012995,27,0.349064064265698,FALSE,1059.18715217296,427.330999999999,1001.31997687087,1050.23160074069,1126.00987890733
404,FALSE,6,1000,leaves,6,0.034224888408919,26,0.789626438617885,FALSE,1053.37244678386,486.230000000001,989.356673343472,1055.04878799637,1115.71187901175
405,FALSE,8,1000,leaves,5,0.104608914303157,29,0.633417461102873,FALSE,1055.86016693254,495.422000000001,989.955536405236,1054.00759477318,1123.6173696192
406,FALSE,7,1000,leaves,7,0.034402103925194,29,0.851060713846809,FALSE,1054.71153065838,440.802,1001.09944466946,1045.44217173918,1117.59297556651
407,FALSE,9,1000,leaves,6,0.0969934730523038,27,0.894131508874016,FALSE,1055.35307316563,431.213000000002,994.553970308601,1047.53334447459,1123.97190471371
408,FALSE,7,1000,leaves,6,0.0348203644296183,27,0.839028750207408,FALSE,1051.80711329231,525.595,992.756566856005,1047.34058485813,1115.3241881628
409,FALSE,7,1000,leaves,6,0.0698254131952095,27,0.829140963769583,FALSE,1056.90175927229,437.964,1001.52006385303,1053.98675935879,1115.19845460506
410,FALSE,9,1000,leaves,6,0.101716595140144,22,0.714404735068198,FALSE,1055.13965424079,414.749,987.374014750831,1054.46662364245,1123.5783243291
411,FALSE,7,1000,leaves,7,0.0351338341759295,29,0.861615206949486,FALSE,1052.55487784304,509.653000000001,994.285632607186,1056.20016539393,1107.178835528
412,FALSE,8,1000,leaves,6,0.0980814903794546,24,0.8848114207586,FALSE,1054.40712109351,391.772999999998,994.14335451762,1047.36721255371,1121.71079620921
413,FALSE,8,1000,leaves,6,0.103322001176785,17,0.476431459284673,FALSE,1058.75528607464,419.515999999999,991.873281853986,1048.79324707838,1135.59932929154
414,FALSE,8,1000,leaves,6,0.0832450233031752,27,0.781764135841326,FALSE,1058.83037985066,509.171,997.060549607905,1056.06335756447,1123.36723237962
415,FALSE,9,1000,leaves,6,0.0333401092842734,28,0.898962914174608,FALSE,1055.41417226852,461.893999999999,994.544493688842,1056.78997814017,1114.90804497656
416,FALSE,8,1000,leaves,6,0.0768763936659113,27,0.94555088874917,FALSE,1046.75490599446,496.226000000001,991.704124726404,1037.51418444762,1111.04640880936
417,FALSE,8,1000,leaves,6,0.143297714742038,27,0.941219733513991,FALSE,1055.10555390662,428.171000000001,998.842987354004,1058.05261290227,1108.42106146359
418,FALSE,7,969,leaves,6,0.112681829830009,32,0.942581595864321,FALSE,1057.39971904988,364.549000000001,1002.0863445888,1052.16732515648,1117.94548740435
419,FALSE,6,1000,leaves,6,0.0234055977346114,27,0.847885475243585,FALSE,1055.22188190163,430.918999999997,994.741983121854,1050.00129917587,1120.92236340716
420,FALSE,8,1000,leaves,6,0.0931448153826024,19,0.759064380062908,FALSE,1053.46355480998,437.079000000001,987.905965966637,1051.62344968319,1120.86124878012
421,FALSE,8,1000,leaves,6,0.103840012051812,23,0.773739906233828,FALSE,1048.22537723543,413.296,984.786060268707,1041.35761380736,1118.53245763021
422,FALSE,8,1000,leaves,6,0.124984174545058,28,1,FALSE,1049.53535210947,429.686000000001,988.063921704872,1042.7578255864,1117.78430903714
423,FALSE,6,1000,leaves,6,0.0234438669785115,27,0.851476402544183,FALSE,1054.74733667805,441.888,987.867529999142,1053.45762804079,1122.91685199421
424,FALSE,8,1000,leaves,6,0.10255633645043,15,0.556481857634958,FALSE,1053.90675919023,413.610000000002,985.727329293193,1050.90137259933,1125.09157567818
425,FALSE,9,1000,leaves,7,0.0331752511388684,28,0.904492685503384,FALSE,1053.280112447,456.853999999999,997.023789001453,1039.5443889547,1123.27215938485
426,FALSE,8,1000,leaves,6,0.0956202036905477,27,0.778318298136735,FALSE,1056.47640081444,462.813000000001,994.204268960763,1055.95216878719,1119.27276469537
427,FALSE,7,1000,leaves,6,0.056239441404946,26,0.824948689747555,FALSE,1053.60078318484,410.362999999999,990.323705384445,1053.30912031564,1117.16952385444
428,FALSE,8,952,leaves,6,0.0868882954282377,26,0.938300375820235,FALSE,1058.08065399654,408.812000000002,997.861556807948,1053.66713666715,1122.71326851453
429,FALSE,7,1000,leaves,6,0.0693572987687552,29,0.821995416591361,FALSE,1055.64207585814,457.583000000002,995.201782974948,1057.8276054455,1113.89683915398
430,FALSE,7,1000,leaves,7,0.0257734084548059,27,0.862685298839737,FALSE,1048.92825366441,483.358999999999,985.261165482711,1042.22011617304,1119.30347933747
431,FALSE,8,1000,leaves,5,0.0665235601563976,27,0.682119431374921,FALSE,1052.2847657301,412.388,988.77537547683,1052.25870601314,1115.82021570034
432,FALSE,8,1000,leaves,6,0.0960890996231487,28,0.768226157205167,FALSE,1054.7517665014,489.996000000001,991.900574743117,1049.84834282813,1122.50638193294
433,FALSE,8,995,leaves,6,0.0583864132330032,27,0.925058906081335,FALSE,1051.43387300736,463.356000000001,989.177672365564,1042.34430920629,1122.77963745022
434,FALSE,6,1000,leaves,6,0.0281048385581652,27,0.844650703843354,FALSE,1051.74357003408,424.294,993.333149046382,1049.7444593539,1112.15310170197
435,FALSE,8,984,leaves,6,0.0928531313049854,27,0.940682912886006,FALSE,1050.74491941345,407.755999999999,995.019370431458,1043.33450299776,1113.88088481111
436,FALSE,6,1000,leaves,6,0.0263807801942561,30,0.79800670585095,FALSE,1055.09904986072,495.433999999998,1001.50955561679,1046.93244349461,1116.85515047077
437,FALSE,7,1000,leaves,6,0.036704872026034,25,0.821430286754572,FALSE,1053.56168476561,461.273999999999,989.087223349745,1047.92713302518,1123.67069792191
438,FALSE,8,1000,leaves,6,0.107577582516506,23,0.622665684084027,FALSE,1055.71695276479,399.517,996.416172722403,1056.64546135397,1114.089224218
439,FALSE,9,1000,leaves,6,0.0932481817069161,27,0.570720446398785,FALSE,1058.30016793914,444.906999999998,993.703581455268,1054.67226416892,1126.52465819324
440,FALSE,7,1000,leaves,6,0.0272473548683787,28,0.848299176425053,FALSE,1051.89177181962,488.183999999998,987.244047241766,1052.61414266673,1115.81712555037
441,FALSE,5,1000,leaves,6,0.0704275737358542,26,1,TRUE,1075.79531288677,292.541999999999,1010.6878930654,1080.48904061511,1136.20900497981
442,FALSE,9,1000,leaves,7,0.0325314480597522,27,0.858348199028292,FALSE,1054.14969361039,461.510000000002,994.670558079725,1049.45103219036,1118.32749056108
443,FALSE,8,1000,leaves,6,0.102223907577821,16,0.712100093660081,FALSE,1056.04523728771,449.477000000002,989.464560059461,1054.65104141843,1124.02011038523
444,FALSE,9,1000,leaves,6,0.0304274996042823,30,0.503731325394628,FALSE,1058.43139183802,479.887000000001,1001.78671462219,1056.285918981,1117.22154191087
445,FALSE,9,928,leaves,6,0.0710006320374838,26,0.943969754913928,FALSE,1055.35422890357,439.144000000001,993.22467262772,1049.53347345765,1123.30454062535
446,FALSE,7,987,leaves,6,0.0609775732360236,29,0.834079898803401,FALSE,1051.89302685228,420.121000000001,993.04265027754,1045.15713410847,1117.47929617083
447,FALSE,8,1000,leaves,7,0.0286289078894807,28,0.861364588781169,FALSE,1049.63364223108,465.038000000001,987.388242754402,1051.26112468903,1110.25155924981
448,FALSE,7,1000,leaves,6,0.0369987115768818,22,0.826366265504896,FALSE,1050.45247958019,422.664000000002,983.521198615887,1058.28567741495,1109.55056270974
449,FALSE,8,1000,leaves,5,0.103219405933383,23,0.736277028606774,FALSE,1050.43828714666,434.239000000002,990.099641868907,1048.61913907918,1112.5960804919
450,FALSE,8,1000,leaves,6,0.092522600506241,27,0.763962876220257,FALSE,1054.53914141325,474.593000000001,991.179785417773,1047.39661101408,1125.04102780791
451,FALSE,6,1000,leaves,6,0.0264130049820611,28,0.822038232240543,FALSE,1056.61556956453,449.155000000001,988.857072731877,1057.98067001486,1123.00896594685
452,FALSE,9,1000,cur_trees_2,8,0.0364192055921453,27,0.844839457058719,FALSE,1079.93506527088,855.852,1012.42539575406,1077.17030972935,1150.20949032923
453,FALSE,8,1000,leaves,6,0.090066828109257,27,0.779131738977814,FALSE,1047.90124417046,422.484000000002,985.045048066865,1039.94496746115,1118.71371698337
454,FALSE,7,1000,leaves,6,0.0578331262549205,27,1,FALSE,1050.39455908502,494.176999999998,986.91088861317,1050.32473454523,1113.94805409665
455,FALSE,7,1000,leaves,6,0.0543480472365649,28,0.827281539666951,FALSE,1058.88116862531,483.077000000003,988.219594266081,1058.44000861297,1129.98390299687
456,FALSE,6,1000,leaves,6,0.0339172888304108,24,0.814060071895606,FALSE,1053.66686229235,407.290999999998,991.563163803261,1052.63214125976,1116.80528181402
457,FALSE,8,1000,leaves,6,0.0921091628834074,27,0.75294781150674,FALSE,1055.59860749257,463.054000000001,988.869571297823,1063.4659444252,1114.46030675469
458,FALSE,8,1000,leaves,6,0.101456586249268,23,0.77209418123013,FALSE,1054.37760307855,442.002,991.656046335762,1056.13279894297,1115.34396395691
459,FALSE,8,1000,leaves,7,0.0284071021102494,27,0.850362918109562,FALSE,1048.84878036048,414.243000000001,982.573814032145,1050.84526600511,1113.12726104417
460,FALSE,9,1000,leaves,5,0.0972958329539348,28,0.716411632565985,FALSE,1047.28499051989,448.186000000001,982.712645855936,1040.73117630962,1118.41114939411
461,FALSE,8,1000,leaves,6,0.0536525524677654,28,0.828778980708067,FALSE,1047.78225459558,479.931999999999,987.975892869551,1043.8076170029,1111.5632539143
462,FALSE,6,1000,leaves,6,0.02832680118722,28,0.832576594205749,FALSE,1053.79961388082,469.301,997.082515851974,1056.03251088202,1108.28381490847
463,FALSE,6,1000,leaves,6,0.02581189452869,28,0.811974068545448,FALSE,1055.15854437694,470.301,998.872636737087,1058.44237388408,1108.16062250966
464,FALSE,9,1000,leaves,6,0.0372695281882179,25,0.947637881113961,FALSE,1051.1421391314,469.595000000002,998.758857082207,1036.39802102407,1118.26953928793
465,FALSE,6,1000,leaves,6,0.02758897990054,381,0.844409058951868,FALSE,1055.65419719271,772.396000000001,994.994426395079,1054.22039692065,1117.7477682624
466,FALSE,8,1000,leaves,7,0.0277163186176266,28,0.858486160667797,FALSE,1054.46395184145,428.595,998.427420556444,1054.27513469239,1110.68930027553
467,FALSE,7,995,leaves,6,0.0612848283179287,27,1,FALSE,1049.27801046835,475.361,989.143034149569,1048.58064569842,1110.11035155706
468,FALSE,9,1000,leaves,6,0.0281106402060367,26,0.852184667788052,FALSE,1054.52757512449,408.813999999999,987.766979268042,1049.1034267324,1126.71231937303
469,FALSE,7,1000,leaves,6,0.0791203118268274,26,0.821762846682161,FALSE,1054.38807019422,534.303999999999,1003.07120079038,1053.12866230144,1106.96434749084
470,FALSE,6,1000,leaves,6,0.0322815981567471,24,0.78304081196451,FALSE,1056.22458454106,409.711000000002,993.869626828772,1056.93820796297,1117.86591883144
471,FALSE,9,1000,leaves,7,0.0277457910374792,27,0.907363624349403,FALSE,1048.20171219086,495.482000000001,985.313576388627,1047.00384621372,1112.28771397024
472,FALSE,9,1000,leaves,6,0.0266702273868749,27,0.860744977067306,FALSE,1049.42609049888,481.619,985.985300388749,1046.03248681601,1116.26048429188
473,FALSE,6,1000,leaves,6,0.0305783375164161,21,0.773305421501092,FALSE,1058.04988979496,428.440000000001,992.3984696736,1056.20736124787,1125.54383846343
474,FALSE,8,1000,leaves,6,0.0645918558433412,27,0.94540978324329,FALSE,1051.52485420124,472.618000000001,994.152141521058,1049.35024373729,1111.07217734537
475,FALSE,9,1000,leaves,8,0.040754426115938,27,0.939367416382413,FALSE,1058.39703968451,463.22,1002.66217014494,1057.71918963957,1114.80975926902
476,FALSE,9,1000,leaves,6,0.0296999863831771,26,0.806172379712274,FALSE,1051.46362333564,470.974000000001,990.890769677887,1047.88914298339,1115.61095734563
477,FALSE,7,1000,leaves,6,0.0553073310349175,27,0.996110725483858,FALSE,1051.15414723583,462.028999999999,996.809734527415,1039.41417711651,1117.23853006356
478,FALSE,7,1000,leaves,6,0.030816478357161,24,0.820324391601513,FALSE,1053.16458642826,445.274,988.113776878482,1057.1356259092,1114.24435649711
479,FALSE,8,990,leaves,7,0.0768848467051316,22,0.941927749237077,FALSE,1055.47711192995,420.667,986.513025376158,1059.61895370179,1120.29935671192
480,FALSE,7,1000,leaves,5,0.0682717878637697,24,0.842009190600922,FALSE,1052.45483283034,424.03,989.476640207163,1052.22946939394,1115.6583888899
481,FALSE,8,1000,leaves,6,0.0298789466332905,27,0.853814218224539,FALSE,1051.35719864592,442.276000000001,988.801194127162,1053.31788728781,1111.95251452279
482,FALSE,8,997,leaves,5,0.067680586340736,27,1,FALSE,1053.87865102936,481.343,988.260530014636,1051.57325906971,1121.80216400374
483,FALSE,9,1000,leaves,7,0.0286819691804237,27,0.554668775659084,FALSE,1057.54740892507,478.630999999999,991.565107786398,1056.35112487855,1124.72599411025
484,FALSE,8,1000,leaves,7,0.0288440210047611,25,0.840675879635893,FALSE,1053.90646108309,511.239999999998,986.821443419806,1053.06824768345,1121.82969214601
485,FALSE,8,1000,leaves,4,0.0721240647117176,27,0.839635573544388,FALSE,1048.65295398066,426.458,995.000575452491,1037.59573243416,1113.36255405534
486,FALSE,9,990,leaves,7,0.0281228298385838,29,0.864913579803459,FALSE,1053.1882594379,489.775000000001,996.665565879561,1045.78156224165,1117.1176501925
487,FALSE,8,1000,leaves,6,0.0309472760552017,29,0.831696722743154,FALSE,1050.35200135545,504.284,994.855877218556,1046.63620948373,1109.56391736406
488,FALSE,8,1000,leaves,7,0.0264538181214783,30,0.872531342967688,FALSE,1051.83896530425,507.883000000001,988.499712523762,1057.62602636599,1109.39115702298
489,FALSE,9,1000,leaves,6,0.0251334978693689,30,0.859482443466021,FALSE,1051.02819873879,448.292,985.833386184399,1054.17260735593,1113.07860267603
490,FALSE,8,1000,leaves,6,0.0284624113855503,27,0.860852376139112,FALSE,1053.37305762429,462.94,987.294726692898,1045.54165170296,1127.28279447701
491,FALSE,8,1000,leaves,5,0.085608735887572,26,0.866304437140796,FALSE,1046.53692736453,499.761,982.29329427583,1037.74153637568,1119.57595144208
492,FALSE,8,997,leaves,5,0.0514136000438674,25,0.823797907256755,FALSE,1052.70806931202,434.592000000001,992.729883297331,1049.73757329508,1115.65675134366
493,FALSE,8,1000,leaves,5,0.0899874177920546,26,0.814527605673389,FALSE,1051.49132540629,481.26,992.883766194694,1040.39726051065,1121.19294951354
494,FALSE,8,1000,leaves,7,0.0292752674978192,28,0.870232719894928,FALSE,1053.48853397992,480.331999999999,993.000837840556,1050.28901779407,1117.17574630513
495,FALSE,9,1000,leaves,7,0.0279857662703333,27,0.879966825450351,FALSE,1060.41724471552,439.931,1001.29221066381,1060.30875015779,1119.65077332495
496,FALSE,8,1000,leaves,6,0.028414872853819,27,0.924166803518774,FALSE,1043.17501278903,458.477000000002,979.618904929289,1044.63109797381,1105.27503546401
497,FALSE,9,1000,leaves,6,0.0245506958038816,29,0.658113063983468,FALSE,1051.90313060062,493.058999999998,991.52187204352,1046.07570523998,1118.11181451837
498,FALSE,8,1000,leaves,6,0.0279964255368809,25,0.400453306141587,FALSE,1050.0273061264,463.982999999999,987.468793985386,1054.29098233892,1108.32214205489
499,FALSE,9,1000,leaves,7,0.02719928508229,28,0.883671194994657,FALSE,1045.58210636177,457.077999999999,986.636276339797,1042.58574899462,1107.5242937509
500,FALSE,9,1000,leaves,7,0.0254850721329139,27,1,FALSE,1048.13300667287,441.546,989.101853804989,1040.20521963785,1115.09194657579
501,FALSE,7,1000,leaves,5,0.102692423301904,24,0.156104965043437,FALSE,1054.61982523733,449.389999999999,994.55150749171,1046.24539607809,1123.06257214217
502,FALSE,9,1000,leaves,5,0.086018776241641,28,1,FALSE,1051.87433417572,461.467000000001,1000.4709581978,1044.59115149763,1110.56089283173
503,FALSE,9,1000,leaves,5,0.0692209264904348,28,0.848398679038801,FALSE,1049.55367702742,421.121000000001,985.288130524686,1049.92610240682,1113.44679815076
504,FALSE,8,1000,leaves,5,0.0549559856863454,26,0.995687455474203,FALSE,1053.15400345529,523.034,995.044339379449,1050.99022194753,1113.4274490389
505,FALSE,7,1000,leaves,5,0.0535769532195916,23,0.773581164796629,FALSE,1056.32880066879,504.503999999999,988.731346999578,1050.1321735139,1130.12288149289
506,FALSE,8,1000,leaves,5,0.0519160364585977,25,0.668303479762991,FALSE,1051.18029497896,422.971000000002,987.809280279646,1041.17668035706,1124.55492430019
507,FALSE,7,1000,leaves,5,0.0930828751978254,23,1,FALSE,1051.10987142781,434.29,993.315868644708,1041.69623472865,1118.31751091007
508,FALSE,9,1000,leaves,6,0.0279406709637301,24,0.487593444644175,FALSE,1052.37366313089,517.176,988.422267299865,1049.44020400849,1119.25851808431
509,FALSE,8,1000,leaves,5,0.112019836329402,22,0.556477546332919,FALSE,1054.09626889685,446.953999999999,992.922968832204,1044.29772547684,1125.0681123815
510,FALSE,8,1000,leaves,5,0.0772863300518958,27,0.886692469629725,FALSE,1057.46076147574,485.469,993.049365284111,1045.45719723468,1133.87572190844
511,FALSE,9,999,leaves,5,0.092084840954939,29,1,FALSE,1054.74525400852,417.294,992.100687850727,1048.44865657343,1123.6864176014
512,FALSE,9,1000,leaves,7,0.0280125972398508,25,0.472129194603162,FALSE,1055.08051552744,496.834,993.454238301245,1045.63890820546,1126.14840007562
513,FALSE,8,832,leaves,5,0.101300079686375,28,1,FALSE,1057.79209377691,365.606,988.496018391984,1063.55411889437,1121.32614404437
514,FALSE,9,1000,leaves,6,0.0310768110192252,387,0.828836499218649,FALSE,1053.33206777462,804.338999999999,1002.51243065699,1051.50716520912,1105.97660745775
515,FALSE,8,1000,leaves,5,0.0885092431930778,27,0.997779415423636,FALSE,1057.5274125514,488.548000000001,1000.98905208356,1056.49213989178,1115.10104567885
516,FALSE,8,1000,leaves,5,0.0866873994659435,26,0.864582119851684,FALSE,1056.38867077452,539.431000000001,994.123451763245,1049.90376087081,1125.1387996895
517,FALSE,8,1000,leaves,5,0.0646230156763592,26,0.843143104289589,FALSE,1054.17146621972,467.212000000001,989.97714891571,1052.98514678904,1119.5521029544
518,FALSE,8,1000,leaves,5,0.0826170185982414,27,0.845694973361852,FALSE,1053.49389058598,539.883000000002,996.158830577005,1056.03429931391,1108.28854186703
519,FALSE,8,1000,leaves,5,0.0639639830161478,27,0.141839035185393,FALSE,1053.64199799975,438.312999999999,993.233405794131,1050.68868795282,1117.0039002523
520,FALSE,7,1000,leaves,5,0.0720740066480291,23,0.797029595719954,FALSE,1050.34366743587,488.485,990.329443979741,1049.99003315653,1110.71152517135
521,FALSE,7,1000,leaves,4,0.102183513796342,27,0.882258284033692,FALSE,1051.70934800583,430.813999999999,991.901987103209,1049.02412917415,1114.20192774011
522,FALSE,8,1000,leaves,5,0.0889545911596467,26,0.816477438918805,FALSE,1057.6672761591,442.725999999999,1001.29894941517,1049.87790677264,1121.82497228949
523,FALSE,9,1000,leaves,5,0.0685913984315757,28,0.837806129392625,FALSE,1055.47939410638,454.117000000001,1004.23008693788,1041.18148490248,1121.02661047878
524,FALSE,9,1000,leaves,7,0.0249633562871185,25,0.912251062138947,FALSE,1049.60587447365,488.498000000001,992.606614636912,1041.74882760037,1114.46218118367
525,FALSE,9,1000,leaves,5,0.0223425310574385,23,1,FALSE,1052.50035588798,502.156000000001,978.282179306087,1053.33849194387,1125.88039641398
526,FALSE,9,1000,leaves,5,0.0703551852911759,28,0.915178002420717,FALSE,1048.17238596662,450.369000000001,984.34823365948,1047.84014132412,1112.32878291626
527,FALSE,9,1000,leaves,5,0.0684931036412288,27,0.1330331450982,FALSE,1061.01285744213,522.134000000002,1001.21505619778,1060.4601634604,1121.3633526682
528,FALSE,8,1000,leaves,5,0.0494214958942516,24,0.735606190032388,FALSE,1054.12959202777,525.414999999998,993.025066201168,1059.36058513366,1110.00312474847
529,FALSE,8,1000,leaves,5,0.0967474146796322,29,0.899707016281773,FALSE,1053.18276774202,491.572000000001,997.601551084803,1043.75859577859,1118.18815636266
530,FALSE,9,1000,leaves,5,0.0891396273174916,32,1,FALSE,1052.96989817622,486.906000000001,991.61678656848,1051.81240812167,1115.48049983851
531,FALSE,9,1000,leaves,7,0.0241664713990528,28,0.89798067503316,FALSE,1056.42830801665,457.981,997.318083953976,1052.59211915505,1119.37472094091
532,FALSE,8,1000,leaves,5,0.0870895484976335,25,0.86096102823895,FALSE,1047.27959100306,493.252999999999,977.654640080327,1048.19808283886,1115.98605009
533,FALSE,9,1000,leaves,7,0.0234559296963358,385,0.915706544805347,FALSE,1054.34190178572,798.539000000002,1004.46581271277,1038.25890165084,1120.30099099354
534,FALSE,8,1000,leaves,5,0.0826816549556864,27,0.872339152949291,FALSE,1056.54507890998,429.788,1000.72336783562,1048.10281854034,1120.80905035397
535,FALSE,8,1000,leaves,5,0.0690036073992434,23,0.85197019220638,FALSE,1048.64504153942,453.005999999999,992.915707828742,1034.60977741168,1118.40963937784
536,FALSE,8,1000,leaves,5,0.054511382824448,23,0.823790099430104,FALSE,1047.70734949367,433.176999999998,986.013718335599,1041.87460148455,1115.23372866086
537,FALSE,9,1000,leaves,6,0.0244076048683105,24,0.999349793154923,FALSE,1051.88143465582,445.756,986.885554683856,1044.76573814154,1123.99301114208
538,FALSE,8,1000,leaves,5,0.0747160277803042,30,0.802594972100198,FALSE,1055.28416272236,568.221000000001,995.577078012478,1049.65060483693,1120.62480531768
539,FALSE,9,1000,leaves,6,0.023280155808999,27,0.870985408591704,FALSE,1050.48552119045,449.432999999998,980.019214684427,1056.04148687824,1115.39586200868
540,FALSE,8,1000,leaves,5,0.0535814504542655,22,0.718670148073103,FALSE,1055.03591457479,444.377,995.986570570207,1049.63734708785,1119.48382606631
541,FALSE,7,1000,leaves,5,0.0893646604036063,24,0.856245180304331,FALSE,1051.25804026903,414.823,992.146680493082,1047.06099981087,1114.56644050313
542,FALSE,8,1000,leaves,5,0.0779916294608013,27,0.840792865106563,FALSE,1049.7169673861,498.654,982.801373860518,1048.5197101162,1117.82981818158
543,FALSE,9,1000,leaves,6,0.0208508752560917,27,0.852428062507616,FALSE,1051.86395129385,485.829000000001,985.219234513127,1048.81915611801,1121.55346325042
544,FALSE,9,1000,leaves,5,0.0708797996134158,27,0.147699043245055,FALSE,1055.68404662156,478.975999999999,996.278744423077,1057.14822430983,1113.62517113177
545,FALSE,8,1000,leaves,5,0.0833502162566649,24,0.860519929159359,FALSE,1052.40045103675,487.456999999999,994.216304584513,1041.95277781039,1121.03227071535
546,FALSE,8,1000,leaves,5,0.0358976447152788,22,0.632082537602513,FALSE,1055.51284343409,520.745,991.366374881509,1052.7017827028,1122.47037271795
547,FALSE,8,1000,leaves,7,0.0263635372411314,25,1,FALSE,1048.48822799581,443.945,991.919570938995,1044.64152646655,1108.9035865819
548,FALSE,8,1000,leaves,5,0.0868227109307674,25,0.86687546045519,FALSE,1053.38768397324,428.642,986.784503993825,1050.77767975997,1122.60086816592
549,FALSE,8,1000,leaves,6,0.024931481348427,17,1,FALSE,1054.17999962759,443.356,995.707636886474,1052.79702618889,1114.03533580741
550,FALSE,9,1000,leaves,7,0.0245690133269093,27,1,FALSE,1057.51037660407,495.5,992.176328128109,1063.58602405077,1116.76877763332
551,FALSE,7,1000,leaves,5,0.0718688737092471,23,0.812965739192735,FALSE,1057.68377604065,465.327,997.072255734702,1046.53094828729,1129.44812409996
552,FALSE,7,1000,leaves,5,0.0964051702906681,23,0.548268802515556,FALSE,1054.47556013998,444.712,988.178174532031,1053.8665277944,1121.38197809352
553,FALSE,7,1000,leaves,5,0.0899402423020405,26,0.632331281893516,FALSE,1050.69088836819,444.317,989.049116495102,1038.51239540024,1124.51115320923
554,FALSE,9,1000,leaves,5,0.0713196728216828,27,0.143988830033582,FALSE,1052.50861662799,583.583999999999,991.901893638066,1045.85500649867,1119.76894974725
555,FALSE,7,1000,leaves,5,0.101215014886953,25,0.548213517034505,FALSE,1059.61851718255,462.658000000001,990.383754780476,1057.2310004223,1131.24079634486
556,FALSE,7,1000,leaves,4,0.0709101157275345,25,0.812021518960187,FALSE,1052.72679036922,507.003,980.478273510791,1063.47607624316,1114.2260213537
557,FALSE,8,1000,leaves,1,0.0929995553965924,25,0.867798589251096,FALSE,1063.01864900729,458.819999999999,986.432418435895,1069.85776365273,1132.76576493324
558,FALSE,9,1000,leaves,5,0.0737436286434411,26,0.15450987641095,FALSE,1049.18968554813,408.955999999999,987.347366866842,1047.25016204956,1112.971527728
559,FALSE,8,1000,leaves,7,0.0262303961993549,25,1,FALSE,1055.17400552311,451.848,1000.25565966155,1054.00934163133,1111.25701527646
560,FALSE,6,1000,leaves,5,0.0238793507769264,23,1,FALSE,1055.78104957596,487.938999999999,993.32577789367,1046.46903369627,1127.54833713793
561,FALSE,9,1000,leaves,5,0.0581455034019676,24,0.845906673311492,FALSE,1049.4654717452,546.545000000002,983.083965911075,1048.10440392638,1117.20804539815
562,FALSE,7,1000,leaves,5,0.0646559555750394,24,0.834617398632993,FALSE,1053.3329244069,418.289000000004,992.411807607249,1048.40190783482,1119.18505777864
563,FALSE,9,1000,leaves,6,0.0212170347453661,28,0.851458545401467,FALSE,1055.71451034106,458.493,985.313153887625,1057.8019153184,1124.02846181716
564,FALSE,9,1000,leaves,7,0.0249189204947985,27,1,FALSE,1050.74636439069,476.809999999997,996.398481599142,1048.33403090249,1107.50658067043
565,FALSE,9,1000,leaves,5,0.0223959595329749,17,1,FALSE,1056.12513345753,461.208000000001,995.97202053615,1047.80495728565,1124.59842255079
566,FALSE,9,1000,leaves,7,0.0267718543326894,25,1,FALSE,1049.53981626435,432.770000000001,983.067873593917,1056.18905707437,1109.36251812475
567,FALSE,9,1000,leaves,7,0.0260758103648469,27,1,FALSE,1053.20505263087,522.092000000002,997.122304736924,1049.77509825506,1112.71775490064
568,FALSE,9,1000,leaves,7,0.0244837738202276,26,0.994334434736769,FALSE,1052.98120398314,496.595,996.066422720689,1054.53230406363,1108.3448851651
569,FALSE,7,1000,leaves,5,0.0600192761811187,23,0.83735213633712,FALSE,1052.01917711281,484.900999999997,991.06322258674,1046.93290318323,1118.06140556847
570,FALSE,9,958,leaves,6,0.0211710423118342,24,0.981304535497932,FALSE,1049.24831575227,468.923999999999,986.641893445152,1053.88801255031,1107.21504126133
571,FALSE,9,1000,leaves,6,0.025588169052917,13,1,FALSE,1060.55286303545,408.705999999999,994.642521752435,1062.68873818871,1124.32732916521
572,FALSE,9,1000,leaves,6,0.0253072608589266,23,0.923916731685867,FALSE,1054.92843271697,551.394,991.768394637113,1056.91568963871,1116.10121387509
573,FALSE,8,1000,leaves,7,0.0262981734191249,25,1,FALSE,1055.77464129522,532.085,989.251175552166,1056.16887747167,1121.90387086183
574,FALSE,7,1000,leaves,5,0.0947265029509051,23,0.84318010300491,FALSE,1053.2668340608,483.683999999999,987.453302218701,1048.75371672694,1123.59348323677
575,FALSE,9,1000,leaves,6,0.0203301779228678,29,0.828460667169384,FALSE,1051.42438194614,509.561000000001,993.879199962438,1045.93347528009,1114.4604705959
576,FALSE,7,1000,leaves,5,0.0791721987218142,23,0.848412991464656,FALSE,1053.36773473918,451.178,984.731319360576,1053.18445127374,1122.18743358322
577,FALSE,7,1000,leaves,5,0.0727865679205999,24,0.759212236359982,FALSE,1049.42027761836,450.167000000001,986.800068210181,1048.31590137866,1113.14486326625
578,FALSE,7,1000,leaves,4,0.0701483189432027,24,0.85496140229343,FALSE,1050.41833791067,520.162999999999,982.829727568927,1056.92304438792,1111.50224177517
579,FALSE,9,1000,leaves,6,0.0227446384583545,25,0.879191285924157,FALSE,1054.96070010409,448.713,985.031492214469,1056.64192266944,1123.20868542836
580,FALSE,9,1000,leaves,6,0.0254885212979347,23,0.910143943740188,FALSE,1055.29822156348,519.694999999998,996.945531903213,1048.5913531414,1120.35777964583
581,FALSE,7,1000,leaves,5,0.0409501968962378,22,0.755611127431294,FALSE,1050.15990495219,455.929999999999,991.742421005894,1039.7784119749,1118.95888187578
582,FALSE,8,1000,leaves,7,0.0262894018234444,159,0.918225776488099,FALSE,1058.81512885768,628.962,998.749742922807,1057.20140042007,1120.49424323016
583,FALSE,9,1000,leaves,6,0.0206946122679352,30,0.0731476936989278,FALSE,1053.33643920509,522.368999999999,987.349515151028,1062.09077428838,1110.56902817587
584,FALSE,7,1000,leaves,4,0.0592872802803897,24,0.445176082921797,FALSE,1054.95337354532,467.933000000001,990.288281223233,1043.39369492505,1131.17814448768
585,FALSE,8,974,leaves,7,0.0262127289813454,205,0.901463944126354,FALSE,1054.66872747403,585.562,989.467091290205,1055.60118693969,1118.9379041922
586,FALSE,9,1000,leaves,6,0.0250999896249587,22,0.512255049386319,FALSE,1053.28723794866,509.711999999998,989.961517581503,1050.52878083038,1119.37141543409
587,FALSE,7,993,leaves,4,0.0597840492082903,24,0.445590964605032,FALSE,1052.78699899606,547.635,987.603707669416,1041.98427671542,1128.77301260336
588,FALSE,7,1000,leaves,7,0.024160538111142,25,0.991156825591919,FALSE,1052.8701753077,486.068999999998,997.093473382549,1055.43921668075,1106.07783585981
589,FALSE,9,1000,leaves,6,0.0216198060843617,28,0.812870256642351,FALSE,1051.21923750032,463.599,991.012059967222,1046.65502930168,1115.99062323206
590,FALSE,9,1000,leaves,6,0.0207445220793556,28,0.723187329867728,FALSE,1061.84704993993,537.965,1003.6000397451,1063.99431597033,1117.94679410437
591,FALSE,9,1000,leaves,5,0.0235157579808529,24,0.877828077035272,FALSE,1049.80684749464,423.670000000004,991.359631250989,1038.7508512334,1119.31005999952
592,FALSE,7,1000,leaves,7,0.024759968860451,24,0.989406312386672,FALSE,1054.59862898714,454.016999999998,991.91858646644,1056.42664878402,1115.45065171096
593,FALSE,8,1000,leaves,7,0.0269278346636883,25,1,FALSE,1057.07880302011,464.176999999998,997.706844538997,1058.9709965198,1114.55856800154
594,FALSE,7,1000,leaves,1,0.0525605698209457,25,0.440255039628287,FALSE,1059.57686933487,564.854000000003,987.436492336481,1052.84109531635,1138.45302035178
595,FALSE,9,1000,leaves,5,0.0191981090666484,16,0.997259887792378,FALSE,1057.0886974232,529.76,994.73644088682,1050.69082668099,1125.83882470178
596,FALSE,7,991,leaves,4,0.0676343702390196,25,0.854362380131269,FALSE,1050.10513987521,457.788999999999,992.931127072519,1047.5046967497,1109.87959580341
597,FALSE,7,1000,leaves,5,0.0767284478361007,24,0.73220028728569,FALSE,1060.22283365604,445.778,995.586599671845,1056.27288654067,1128.8090147556
598,FALSE,9,1000,leaves,5,0.0250592555464185,24,0.291144972331392,FALSE,1054.71584315978,484.324999999999,988.884834910355,1058.28908966576,1116.97360490323
599,FALSE,9,1000,leaves,6,0.0217859232170126,28,0.809507951492442,FALSE,1050.85238254252,465.616999999997,995.880312385621,1042.097208061,1114.57962718093
600,FALSE,7,1000,leaves,4,0.0605150024780509,25,0.850460546526966,FALSE,1044.35753463016,439.338,979.484869442126,1037.28340693875,1116.30432750961
601,FALSE,8,1000,leaves,6,0.0255982654991983,324,0.885131143010216,FALSE,1054.25976866402,767.892,1002.47279511934,1046.94326099341,1113.36324987931
602,FALSE,9,1000,leaves,6,0.02092027707866,28,0.724726311677926,FALSE,1053.30928164563,435.425999999998,989.872204985404,1053.86480790864,1116.19083204285
603,FALSE,9,1000,leaves,6,0.0215517206538325,30,0.828007075915402,FALSE,1051.97513008379,497.192000000003,982.947758152233,1054.38099033871,1118.59664176042
604,FALSE,7,1000,leaves,7,0.0227987909384596,22,0.991903553623122,FALSE,1050.95186796823,491.744999999999,986.839283727772,1046.29822118537,1119.71809899154
605,FALSE,7,1000,leaves,5,0.0750578137598951,23,0.669953915544133,FALSE,1051.68460242702,445.403000000002,984.882006029326,1053.7583918649,1116.41340938683
606,FALSE,9,1000,leaves,6,0.0192494482997723,30,0.821158348066401,FALSE,1050.87982366317,474.660000000004,990.747917807919,1040.98443006356,1120.90712311804
607,FALSE,7,1000,leaves,5,0.0738390821530113,24,0.678851248386244,FALSE,1057.18752266146,543.328,997.061700685552,1054.56157691089,1119.93929038794
608,FALSE,9,1000,leaves,6,0.0198394397624914,29,0.811000285204606,FALSE,1046.68819763148,552.103000000001,987.001599829314,1040.05641701765,1113.00657604748
609,FALSE,9,1000,leaves,6,0.0230257533802052,28,0.810613902184326,FALSE,1051.51452005302,534.097000000002,985.222491853522,1054.90130319884,1114.41976510669
610,FALSE,9,1000,leaves,6,0.0268988792040064,500,0.895441525227644,FALSE,1055.2014393516,661.743,992.164873411092,1053.70752900094,1119.73191564277
611,FALSE,8,1000,leaves,1,0.0706926206437874,16,0.423061374982626,FALSE,1068.65964936782,468.210999999999,995.254835417952,1076.37514464749,1134.34896803802
612,FALSE,7,1000,leaves,5,0.0706162507358579,26,0.918347540967245,FALSE,1052.06148574322,476.846,994.965834405312,1048.39305476517,1112.82556805919
613,FALSE,7,1000,leaves,7,0.0240229090051826,24,1,FALSE,1055.63822236485,586.475,994.009678787224,1054.54999726965,1118.35499103768
614,FALSE,9,1000,leaves,5,0.0217233902722241,28,0.822679852178494,FALSE,1047.57211197817,504.088000000002,984.502714897739,1048.50927432331,1109.70434671345
615,FALSE,8,1000,leaves,4,0.0563680840880624,24,0.434411772429173,FALSE,1050.55081308645,576.619000000001,977.751458144014,1052.41724045644,1121.48374065891
616,FALSE,8,999,leaves,4,0.0650982544273133,23,0.850747942459344,FALSE,1052.15898545423,432.125999999997,991.158468084152,1048.2206794511,1117.09780882744
617,FALSE,7,1000,leaves,4,0.0698658682223301,26,0.913037081174204,FALSE,1052.53834386911,495.995999999999,989.484270862263,1049.63364456478,1118.49711618029
618,FALSE,8,1000,leaves,6,0.0218259128439161,27,0.1205887410803,FALSE,1046.09709902419,571.265,983.417591072639,1043.04474180126,1111.82896419868
619,FALSE,9,1000,leaves,6,0.0259476336344828,500,0.902893427386184,FALSE,1057.77487642522,862.6,1002.03315230087,1045.62498415823,1125.66649281657
620,FALSE,8,1000,leaves,4,0.058811677082013,23,0.853123348240217,FALSE,1053.0734143207,456.242,989.048070974203,1048.94518865236,1121.22698333554
621,FALSE,7,1000,leaves,5,0.0730610712747357,24,0.810405858498985,FALSE,1050.69205795094,478.084000000001,986.044450765414,1046.71369837386,1119.31802471356
622,FALSE,9,1000,leaves,5,0.0220906892813653,28,0.815868238427091,FALSE,1052.45963204414,449.323999999999,992.729967304615,1053.17740600075,1111.47152282706
623,FALSE,9,1000,leaves,4,0.0272367909939435,471,0.926413515864875,FALSE,1046.27206030843,941.747999999998,986.323998790079,1041.63262365382,1110.85955848139
624,FALSE,8,1000,leaves,5,0.0651701555924954,24,0.886271959281923,FALSE,1048.06397272535,420.198,985.157085782413,1046.20082096675,1112.83401142688
625,FALSE,7,1000,leaves,4,0.0555076556983536,24,0.431285372189767,FALSE,1057.1823486818,457.666000000001,997.89285060549,1051.69115886851,1121.96303657139
626,FALSE,9,1000,leaves,6,0.0206640739281032,29,0.840899636686494,FALSE,1053.34324936766,513.015999999996,996.182664269556,1052.46594239913,1111.38114143431
627,FALSE,8,971,leaves,6,0.0213655881636226,29,0.191277224745867,FALSE,1052.22868947973,499.760000000002,991.542084896068,1057.84447403283,1107.2995095103
628,FALSE,9,1000,leaves,6,0.020500847724716,28,0.853560833765425,FALSE,1046.22778511938,561.946,972.396970935923,1046.25920437287,1120.02718004933
629,FALSE,7,1000,leaves,4,0.0617317069338942,24,0.844431870556942,FALSE,1049.24921532885,510.938000000002,983.980807897799,1050.94561560762,1112.82122248112
630,FALSE,7,1000,leaves,5,0.0695955453837473,24,0.855396386182271,FALSE,1053.53473842571,469.055,990.912648444751,1051.77005427301,1117.92151255938
631,FALSE,7,1000,leaves,4,0.0613621380038518,25,0.829242642456946,FALSE,1053.72784427714,446.651000000002,992.663218408224,1044.19237008042,1124.32794434279
632,FALSE,7,1000,leaves,5,0.0726975956376946,23,0.48711872964485,FALSE,1052.03299346983,544.012999999999,995.381911514805,1039.78775175288,1120.92931714181
633,FALSE,8,1000,leaves,7,0.0258916959137051,325,0.867604797392512,FALSE,1055.42341875256,834.687000000004,990.973792556069,1059.34653534398,1115.94992835763
634,FALSE,9,1000,leaves,6,0.0199690053348113,24,0.815654812699654,FALSE,1050.98448514308,505.864000000001,996.978973997726,1041.6462739697,1114.32820746182
635,FALSE,9,1000,leaves,5,0.0207876287347725,26,0.807267061749736,FALSE,1059.07480087283,444.726000000002,987.800500806077,1061.75584135171,1127.6680604607
636,FALSE,7,1000,leaves,4,0.0701877823866415,24,0.780603169123695,FALSE,1054.3454624135,501.231,996.005052837461,1044.28464323809,1122.74669116495
637,FALSE,8,1000,leaves,4,0.0650660066574155,25,0.843036131392301,FALSE,1049.5819275091,511.183999999998,977.171678945291,1049.56023465122,1122.01386893079
638,FALSE,7,1000,leaves,4,0.0669595367440093,32,0.923440210404282,FALSE,1051.95810832032,532.929,985.449201070714,1053.26929503095,1117.1558288593
639,FALSE,9,1000,leaves,5,0.0207124913192284,30,0.818844792379959,FALSE,1046.00333965431,538.251999999999,986.495060454514,1049.22591207589,1102.28904643253
640,FALSE,8,1000,leaves,7,0.0240229895908923,345,0.8591760498161,FALSE,1059.01518522084,696.364999999998,1001.60705642571,1058.21390614903,1117.22459308778
641,FALSE,7,1000,leaves,4,0.0640123010334426,29,0.919011103149472,FALSE,1049.26182437909,491.313999999999,996.260048490665,1043.00193218501,1108.52349246159
642,FALSE,7,1000,leaves,4,0.0623470354174903,24,0.866080237814064,FALSE,1056.75772334719,512.624000000002,995.671497216315,1051.27973046142,1123.32194236383
643,FALSE,7,1000,leaves,5,0.0604305120611978,24,0.856089375956058,FALSE,1050.66558537056,429.929000000002,984.036467265394,1051.04583249344,1116.91445635284
644,FALSE,7,1000,leaves,4,0.0491572231231064,25,0.841991643472921,FALSE,1056.21817709846,498.904999999997,994.664661217738,1051.85861904103,1122.13125103662
645,FALSE,7,1000,leaves,4,0.0759699799225394,28,0.986248469114039,FALSE,1047.8853215675,449.200999999999,988.890239850494,1048.46565953424,1106.30006531776
646,FALSE,7,1000,leaves,4,0.0682684865934278,25,0.856335243258467,FALSE,1049.77659393878,447.857000000002,984.198529471217,1047.55651394108,1117.57473840403
647,FALSE,7,1000,leaves,4,0.0592807102034373,27,0.88870665898282,FALSE,1054.28436543358,482.480000000001,994.944922006932,1043.78191967404,1124.12625461978
648,FALSE,9,1000,leaves,6,0.0250757959031549,500,0.906308995384898,FALSE,1051.18690715114,752.646000000001,990.377375855118,1049.46688896705,1113.71645663125
649,FALSE,9,1000,leaves,5,0.0199072653305139,28,0.783924607638261,FALSE,1056.29718777717,532.066000000001,986.589669921599,1058.13496894317,1124.16692446675
650,FALSE,8,999,leaves,4,0.0603984800976362,26,0.815035628435059,FALSE,1050.14720416856,445.395999999999,987.269848871667,1048.31612274816,1114.85564088585
651,FALSE,9,1000,leaves,4,0.0294721316433141,32,0.938235112035795,FALSE,1041.93230528808,440.299000000001,982.696556599917,1034.52519655734,1108.57516270697
652,FALSE,8,1000,leaves,4,0.0467181491686899,25,0.818440027726488,FALSE,1055.48693570331,515.438,989.769422028127,1052.05230697012,1124.63907811168
653,FALSE,7,1000,leaves,4,0.0720794718688677,25,0.848687594659883,FALSE,1051.66931272842,535.474,992.07731799248,1038.80002578614,1124.13059440663
654,FALSE,9,1000,leaves,6,0.0247707353117255,500,0.910110949128755,FALSE,1054.60830183798,831.191000000001,993.777667790898,1054.57390013061,1115.47333759243
655,FALSE,8,1000,leaves,4,0.0681888253351526,26,0.787407326978222,FALSE,1048.73382316029,469.853000000001,986.205885821458,1042.94324224392,1117.05234141551
656,FALSE,9,1000,leaves,7,0.0255283961129864,341,0.890726463795757,FALSE,1056.96885153484,861.140000000003,998.864436276971,1056.42240850715,1115.61970982041
657,FALSE,9,1000,leaves,5,0.0216985500792787,25,0.564114124814374,FALSE,1045.24835392628,686.183999999999,985.245387928215,1040.02802556918,1110.47164828145
658,FALSE,7,1000,leaves,4,0.0855521843735943,28,0.938928706969698,FALSE,1057.15375147038,464.304999999999,997.373654558278,1047.04311486331,1127.04448498956
659,FALSE,9,1000,leaves,5,0.0197807424307798,30,0.490254569813063,FALSE,1053.21491356758,530.035,985.662495484211,1054.035195006,1119.94705021253
660,FALSE,9,1000,leaves,5,0.0193888958764082,28,0.0857184633681179,FALSE,1055.16680271978,565.740999999998,996.098182472346,1055.96541098227,1113.43681470473
661,FALSE,9,1000,leaves,4,0.045001794666446,24,0.562655390558152,FALSE,1055.45300304132,475.256,1001.40616638626,1047.19270380512,1117.76013893258
662,FALSE,9,1000,leaves,6,0.0203938561182039,28,0.860409839129851,FALSE,1051.84342979832,665.492999999999,993.558179526214,1042.88516714193,1119.08694272682
663,FALSE,7,1000,leaves,4,0.093093006734674,28,0.988589063666829,FALSE,1043.7316292218,430.449000000001,980.825793498237,1032.46762476562,1117.90146940156
664,FALSE,7,1000,leaves,4,0.0615793621434613,25,0.870030759649639,FALSE,1056.75834799914,465.401000000004,1001.95061092373,1046.11084626766,1122.21358680602
665,FALSE,9,1000,leaves,6,0.0157942553993559,10,0.0863099308180135,FALSE,1064.10784534796,517.792000000001,1002.22907160036,1059.14075980596,1130.95370463755
666,FALSE,8,1000,leaves,4,0.0463259839881624,25,0.860718663320042,FALSE,1048.00159893158,524.105,988.167604828395,1044.38069781737,1111.45649414898
667,FALSE,9,1000,leaves,5,0.0219310589439825,330,0.902946703683184,FALSE,1042.36725984966,717.236999999999,980.19748153552,1038.2890525084,1108.61524550505
668,FALSE,5,1000,leaves,4,0.0781263025700959,26,0.918671104451468,FALSE,1063.38930532663,470.131000000001,998.074090011764,1058.05621050788,1134.03761546023
669,FALSE,7,1000,leaves,4,0.0709101580937472,27,0.975296050185578,FALSE,1052.30068079252,443.097999999998,998.225334752861,1048.53320995276,1110.14349767194
670,FALSE,9,1000,leaves,4,0.0435601858127825,356,0.935042920626097,FALSE,1055.82675541565,834.065000000001,989.00838287359,1060.3933374917,1118.07854588166
671,FALSE,9,1000,leaves,4,0.0295076277664491,43,0.946038887567878,FALSE,1045.76635773446,458.08,982.18188411198,1043.98662863476,1111.13056045665
672,FALSE,9,1000,leaves,4,0.0638193254533734,31,0.915280849209588,FALSE,1049.2135035927,483.524000000001,995.554113765273,1046.09382534389,1105.99257166895
673,FALSE,9,1000,leaves,6,0.0231692956791221,500,0.918009761194092,FALSE,1053.99390529833,665.585999999999,998.520698868979,1053.21852074991,1110.24249627609
674,FALSE,9,1000,leaves,4,0.0347452980995405,30,0.51620728345837,FALSE,1048.70598227814,545.136999999999,980.656658062724,1044.78576893601,1120.67551983569
675,FALSE,9,1000,leaves,5,0.0220938131918903,24,0.207178077682164,FALSE,1053.39459353649,575.505000000001,985.976108346168,1060.67102737018,1113.53664489312
676,FALSE,9,1000,leaves,4,0.0632283675815942,500,0.921898151070343,FALSE,1057.81633695625,919.759000000002,1000.23982248189,1050.91482334096,1122.29436504588
677,FALSE,7,1000,leaves,4,0.0655298589769587,34,1,FALSE,1045.19125276141,478.737999999998,985.029345541707,1036.33970947929,1114.20470326324
678,FALSE,8,1000,leaves,4,0.081156421047594,30,0.891847794091124,FALSE,1058.33152600324,499.400999999998,993.190070373972,1051.40598337321,1130.39852426253
679,FALSE,7,1000,leaves,4,0.0615635785795408,29,0.981548707383091,FALSE,1055.33343119739,454.240000000002,995.435326206124,1054.42952011295,1116.13544727308
680,FALSE,9,1000,leaves,5,0.0169676248542358,14,0.0911759135268827,FALSE,1056.85300250861,442.421,990.862842862499,1050.87536091318,1128.82080375015
681,FALSE,7,1000,leaves,5,0.0203818786066968,28,0.86582985659388,FALSE,1056.34113232832,553.666000000001,992.472210328887,1049.73572970294,1126.81545695314
682,FALSE,7,991,leaves,4,0.104616767059882,26,0.891228057802423,FALSE,1054.23024975596,458.859999999997,991.009256697294,1051.91840288954,1119.76308968105
683,FALSE,7,986,leaves,4,0.0999575754304179,25,0.794230311647745,FALSE,1050.75284821154,435.540000000006,982.818918219091,1048.58044233456,1120.85918408096
684,FALSE,9,1000,leaves,5,0.0184497065844452,18,0.0835744935698404,FALSE,1054.54713675495,511.996000000001,988.725518496486,1053.5056888406,1121.41020292776
685,FALSE,8,1000,leaves,5,0.0216365458418746,30,0.868373397912339,FALSE,1044.60693158539,498.140000000001,976.374562571022,1039.5047245241,1117.94150766104
686,FALSE,7,1000,leaves,4,0.0984842153340018,26,0.87101688053727,FALSE,1055.49276037813,467.042999999998,999.601813883949,1047.73471844585,1119.14174880459
687,FALSE,7,1000,leaves,4,0.0795919611852615,466,1,FALSE,1060.74122902176,929.951999999999,1001.1970814501,1063.67738421473,1117.34922140046
688,FALSE,8,1000,leaves,4,0.0827644369698424,27,0.990660428379612,FALSE,1046.77747433574,530.242,976.43529757973,1045.17397862185,1118.72314680565
689,FALSE,7,1000,leaves,4,0.0740021625784832,27,0.998668313911833,FALSE,1045.03585327149,553.199999999999,988.497902209343,1034.99717476479,1111.61248284034
690,FALSE,9,1000,leaves,5,0.017640569536694,32,0.957528667925299,FALSE,1050.53410395291,454.885999999999,986.913983173971,1043.1358747562,1121.55245392856
691,FALSE,9,1000,leaves,4,0.0215838724558233,31,0.918612040579474,FALSE,1051.51682612548,473.003999999999,993.91732567433,1045.95862194055,1114.67453076157
692,FALSE,8,1000,leaves,4,0.065294471745455,30,0.953900793478741,FALSE,1049.14247957443,495.161,985.118925506027,1047.8709599992,1114.43755321806
693,FALSE,9,1000,leaves,4,0.0323948964699408,57,0.64377185245562,FALSE,1048.71604253093,543.691999999997,987.738886465685,1049.82179640567,1108.58744472143
694,FALSE,9,1000,leaves,4,0.0230199694082546,34,0.957809716015966,FALSE,1055.07776415078,431.626999999999,992.81900957631,1053.16802891579,1119.24625396024
695,FALSE,7,1000,leaves,4,0.0641797080746671,33,1,FALSE,1051.33889080031,454.134,987.082602945031,1051.57094342749,1115.36312602843
696,FALSE,7,1000,leaves,4,0.0658679309815116,28,1,FALSE,1052.81623697128,500.196000000002,995.027473095859,1044.06528478984,1119.35595302813
697,FALSE,7,1000,leaves,4,0.0684300111740052,33,0.999588960797986,FALSE,1047.27083605711,506.246000000003,988.573330953715,1044.86968565213,1108.36949156547
698,FALSE,8,1000,leaves,5,0.0216594783886375,381,0.932267124764803,FALSE,1052.52478279512,799.936000000003,992.404892610734,1048.15364086915,1117.01581490547
699,FALSE,8,1000,leaves,4,0.0933210815221992,27,0.985183907188068,FALSE,1056.05434079771,517.377999999999,993.682169201808,1050.45501033522,1124.02584285611
700,FALSE,9,1000,leaves,5,0.0203069869615644,30,0.863687554055522,FALSE,1056.07079398427,541.201999999999,993.986727706081,1053.56044935316,1120.66520489357
701,FALSE,8,1000,leaves,4,0.0340457146793609,32,0.929504059978459,FALSE,1051.7063882384,527.887999999999,989.374142962461,1051.137459155,1114.60756259774
702,FALSE,9,1000,leaves,5,0.0207237325897569,386,0.925850856202766,FALSE,1051.8824551706,789.768999999998,990.175150283376,1049.66198335642,1115.81023187202
703,FALSE,7,1000,leaves,4,0.0826575028638115,28,0.991811392746006,FALSE,1049.95146736601,511.877000000002,985.216506999097,1042.13607775691,1122.50181734201
704,FALSE,9,994,leaves,4,0.0612349675717916,30,0.545265176333944,FALSE,1060.31844935504,503.154000000001,1003.7682024677,1050.69564055617,1126.49150504125
705,FALSE,7,1000,leaves,4,0.397680122676225,27,0.99310577402461,FALSE,1055.91317323026,405.125999999998,993.78771198811,1048.88103469333,1125.07077300935
706,FALSE,9,1000,leaves,4,0.0641828996104303,25,0.724457954432173,FALSE,1059.1149137772,559.398999999999,1004.29276704405,1050.41742188325,1122.63455240429
707,FALSE,9,1000,leaves,4,0.0275786942715738,500,0.925390747499991,FALSE,1048.76698641435,734.189000000002,994.080262126017,1036.5707228027,1115.64997431435
708,FALSE,9,1000,leaves,4,0.0690497854782711,25,0.726896026954483,FALSE,1049.9399859853,566.139999999996,985.867862898612,1042.60661559091,1121.34547946637
709,FALSE,7,1000,leaves,5,0.010362226183452,32,0.891198402928394,FALSE,1053.03370382005,491.176999999998,989.295097258829,1047.91647836925,1121.88953583207
710,FALSE,9,1000,leaves,4,0.0339820467476385,500,0.936901317447282,FALSE,1053.86864502388,819.785,989.158820218922,1055.15184637285,1117.29526847986
711,FALSE,9,1000,leaves,5,0.0202994228809596,31,0.886137958311232,FALSE,1050.34592454827,488.108,983.865824389897,1043.87955553902,1123.29239371589
712,FALSE,9,1000,leaves,5,0.0217816565554941,292,0.914787699273781,FALSE,1051.56240396482,679.674000000001,982.306655187298,1051.94270649712,1120.43785021006
713,FALSE,9,1000,leaves,5,0.0212980436153426,371,0.85428892194421,FALSE,1051.02491453661,801.373999999998,989.622471045429,1042.71200732436,1120.74026524005
714,FALSE,9,1000,leaves,4,0.0238604359945871,32,0.94838376559203,FALSE,1049.44112990269,503.578000000001,988.436189943261,1045.58542560541,1114.30177415941
715,FALSE,7,1000,leaves,4,0.0826752755090316,26,0.994948110224344,FALSE,1052.26890042027,502.484,986.457226051469,1051.50328886412,1118.84618634522
716,FALSE,8,1000,leaves,4,0.402963275990967,26,0.270935767220753,FALSE,1055.49203619986,530.215,993.534247337992,1047.52509153293,1125.41676972865
717,FALSE,9,1000,leaves,5,0.0198367285455795,31,0.854356304676755,FALSE,1050.58440125184,525.509000000004,999.270083731624,1041.73608629861,1110.7470337253
718,FALSE,9,1000,leaves,5,0.0200757542421645,31,0.815127735131187,FALSE,1048.25426750715,503.422999999999,988.15799106039,1045.35725190627,1111.2475595548
719,FALSE,7,1000,leaves,4,0.0860161279469351,26,1,FALSE,1053.85671105874,482.535999999998,995.680284610991,1045.34577863868,1120.54406992654
720,FALSE,9,1000,leaves,4,0.0346601180728484,32,0.610776017971085,FALSE,1045.01899504416,531.202999999998,988.510542645102,1034.64507788457,1111.90136460282
721,FALSE,7,1000,leaves,4,0.0880571104450411,26,0.98072711888898,FALSE,1048.10541762024,431.268000000002,984.80421738336,1050.60096777029,1108.91106770707
722,FALSE,8,1000,leaves,4,0.083113996869625,28,0.990992280360836,FALSE,1053.20747253063,507.427999999998,995.765946532547,1048.28026740813,1115.57620365122
723,FALSE,7,1000,leaves,4,0.111999350397991,26,0.989812599990254,FALSE,1054.37566523153,572.494999999999,988.465318242652,1048.04074540698,1126.62093204497
724,FALSE,9,1000,leaves,4,0.0296521075455995,35,1,FALSE,1051.98851391418,433.018,993.38418948854,1042.67919551479,1119.90215673921
725,FALSE,8,1000,leaves,5,0.0092021068231458,32,0.953249639777302,FALSE,1046.19589851894,625.345000000001,980.202968322477,1049.73252023785,1108.65220699648
726,FALSE,9,996,leaves,5,0.0178683805622624,31,1,FALSE,1049.86144894257,432.158999999998,988.297018299209,1055.9504675565,1105.33686097199
727,FALSE,9,1000,leaves,5,0.0197352945608228,31,0.996147487821983,FALSE,1044.7412428349,554.992999999999,977.015447612913,1048.06389533765,1109.14438555415
728,FALSE,9,1000,leaves,4,0.414993646091387,26,0.277616078162198,FALSE,1056.32762496497,519.024999999998,993.436626556592,1049.32125986909,1126.22498846922
729,FALSE,9,1000,leaves,5,0.0213901798411468,32,0.230607617804991,FALSE,1054.94659971239,611.948,993.093018618158,1056.22037769982,1115.52640281919
730,FALSE,9,1000,leaves,4,0.0296604439533817,32,0.952672018208643,FALSE,1051.79449255055,470.995000000001,982.215244600515,1048.87981410362,1124.28841894752
731,FALSE,9,1000,leaves,4,0.0306474904917947,35,1,FALSE,1046.3558907515,572.543000000002,980.930305708068,1048.81003009408,1109.32733645234
732,FALSE,8,1000,leaves,5,0.0127786130413124,32,0.957014604311799,FALSE,1048.40054580931,582.725999999999,988.644514848415,1040.77841282905,1115.77870975046
733,FALSE,7,1000,leaves,4,0.0945218836149026,27,0.96620703627235,FALSE,1050.50628188773,483.460000000001,983.759974437255,1045.44953923343,1122.30933199251
734,FALSE,9,1000,leaves,4,0.0217304072716558,333,0.33145751777746,FALSE,1051.68891273585,791.927000000002,986.485348122065,1054.12240819709,1114.45898188841
735,FALSE,9,997,leaves,5,0.0218511839447682,365,0.887662560658945,FALSE,1046.38601725215,787.128000000002,979.616618085372,1043.42189650828,1116.11953716279
736,FALSE,9,1000,leaves,5,0.0196527241844381,31,0.103721765003662,FALSE,1056.64968283723,536.394000000002,995.346994234167,1051.72099097328,1122.88106330424
737,FALSE,7,984,leaves,4,0.0973077370853442,27,1,FALSE,1046.46261252624,454.280999999999,998.92719706248,1037.64062235849,1102.82001815774
738,FALSE,9,1000,leaves,4,0.413186047379229,28,1,FALSE,1057.05925108118,462.921999999997,993.317540386744,1055.33642881885,1122.52378403795
739,FALSE,9,1000,leaves,5,0.0181315792769868,399,0.96237102396364,FALSE,1055.41690014709,695.625000000002,991.458368927919,1052.60931805974,1122.18301345362
740,FALSE,7,1000,leaves,4,0.0945334689883604,27,0.991304672394835,FALSE,1055.36352550792,468.499999999998,991.312575855298,1052.99955992328,1121.77844074519
741,FALSE,9,1000,leaves,4,0.0302655315921407,32,0.950009563001978,FALSE,1048.1441828731,562.553999999996,990.096615942956,1049.44414232176,1104.89179035457
742,FALSE,9,1000,leaves,5,0.0219644671733328,321,0.857543176870306,FALSE,1055.48238380776,813.188,1006.18297063528,1044.67482596233,1115.58935482568
743,FALSE,7,1000,leaves,4,0.260977524447279,28,1,FALSE,1054.19898566388,535.091,994.191532849695,1051.31161160536,1117.09381253659
744,FALSE,9,1000,leaves,4,0.0218328584546307,32,1,FALSE,1053.23729358338,512.716000000004,982.430196242779,1048.76031734347,1128.52136716389
745,FALSE,9,1000,leaves,5,0.0219597195846856,113,0.868747358489676,FALSE,1053.99559184829,581.354999999998,996.491708974376,1049.22338443001,1116.27168214049
746,FALSE,9,1000,leaves,5,0.0219382587123033,377,0.878223063859229,FALSE,1049.51825801821,822.003000000002,992.525909616116,1045.15460210823,1110.8742623303
747,FALSE,7,994,leaves,4,0.0193046392387496,32,1,FALSE,1049.08828972894,517.239,983.610399232917,1051.28264735736,1112.37182259655
748,FALSE,9,1000,leaves,4,0.019718439056539,31,0.993867494051482,FALSE,1048.7669346249,548.619000000003,991.720987813698,1050.50534111542,1104.07447494557
749,FALSE,8,1000,leaves,5,0.021206652206053,325,0.608190188676666,FALSE,1056.2033104136,755.999000000002,995.236806059571,1051.29630134451,1122.07682383671
750,FALSE,9,1000,leaves,5,0.0197570345034199,32,0.994547881056326,FALSE,1045.17069945163,586.580000000004,981.505866734352,1045.22624774149,1108.77998387906
751,FALSE,9,1000,leaves,4,0.0320962580384984,32,0.950424994500774,FALSE,1051.00170924249,491.066000000001,990.414091962142,1041.48462727387,1121.10640849146
752,FALSE,9,1000,leaves,5,0.0219619065307956,190,0.869354969409454,FALSE,1052.29703897741,634.218000000001,996.866311672198,1051.85871123604,1108.16609402398
753,FALSE,9,1000,leaves,5,0.0213654266677432,327,0.904152270295042,FALSE,1043.24586928742,716.532000000001,986.898381060676,1041.23216661111,1101.60706019047
754,FALSE,9,1000,leaves,5,0.0195398506289894,31,1,FALSE,1058.20226590027,472.536999999997,991.604392125395,1061.68631339462,1121.31609218081
755,FALSE,9,1000,leaves,5,0.0167511255451723,31,0.103575936493654,FALSE,1054.57534908761,684.060000000001,987.652475062989,1062.25402548927,1113.81954671058
756,FALSE,7,1000,leaves,4,0.100757453991041,27,1,FALSE,1053.25656756831,495.803,982.368448886218,1047.78918716594,1129.61206665278
757,FALSE,9,1000,leaves,5,0.0211201686475288,255,0.875229186482031,FALSE,1054.45322222079,739.884000000002,990.324035495745,1050.11401592656,1122.92161524006
758,FALSE,9,1000,leaves,5,0.0188061704482173,31,0.105826963001306,FALSE,1053.60564740551,665.247999999998,986.468627373984,1056.65681015163,1117.69150469092
759,FALSE,7,1000,leaves,4,0.260531105939626,29,1,FALSE,1053.25768287383,481.407999999999,989.199221592685,1050.69034406258,1119.88348296624
760,FALSE,9,1000,leaves,5,0.0215231658419706,365,0.905274341913913,FALSE,1051.58302158352,818.388000000001,996.716554224786,1049.35106032878,1108.681450197
761,FALSE,9,1000,leaves,5,0.019010051453293,31,0.22330516244725,FALSE,1048.68526900379,595.285999999998,988.256325770181,1056.01416003316,1101.78532120804
762,FALSE,8,1000,leaves,4,0.0219205686775911,31,1,FALSE,1048.27044943885,508.305999999997,978.300390550824,1056.90890652506,1109.60205124066
763,FALSE,9,1000,leaves,5,0.021822450596514,357,0.879921349189736,FALSE,1047.60916279208,753.241,989.873691250368,1041.55679417319,1111.39700295269
764,FALSE,9,1000,leaves,5,0.0213462648585389,400,0.902805388250342,FALSE,1056.39441365214,726.311,995.866096468661,1057.05932094015,1116.25782354761
765,FALSE,9,1000,leaves,5,0.0192219783924206,32,1,FALSE,1051.37082163333,470.005999999999,978.766895697283,1055.79062444431,1119.5549447584
766,FALSE,9,1000,leaves,5,0.021958678719331,213,0.901393452297929,FALSE,1050.31509701159,708.626,988.199714451912,1049.40937931196,1113.33619727089
767,FALSE,7,1000,leaves,4,0.135764726170157,29,1,FALSE,1053.35789208895,505.039000000003,993.48687574348,1053.01634451649,1113.57045600688
768,FALSE,9,1000,leaves,4,0.0241462083248453,31,0.927202274578462,FALSE,1051.25071301299,518.616999999997,986.169917355782,1045.70208401552,1121.88013766766
769,FALSE,8,1000,leaves,5,0.0212542515718752,363,0.92579200990893,FALSE,1056.13521293615,881.782000000001,984.544293685721,1062.02049299625,1121.84085212647
770,FALSE,9,1000,leaves,5,0.021893740420587,328,0.89797428281542,FALSE,1051.38735903774,792.388000000001,993.136335291,1040.3014034606,1120.72433836163
771,FALSE,9,1000,leaves,5,0.019607122383727,57,0.913322114526868,FALSE,1051.42619229495,538.789999999999,993.215917248073,1044.91803699662,1116.14462264016
772,FALSE,8,1000,leaves,5,0.019431116951842,44,0.89926008317448,FALSE,1050.42246984483,526.954000000002,990.018851276273,1035.81340713489,1125.43515112334
773,FALSE,9,1000,leaves,5,0.0218808718873332,371,0.454246022353293,FALSE,1048.23997451868,869.071999999998,987.412951154703,1046.68635526538,1110.62061713597
774,FALSE,8,1000,leaves,5,0.018769851801086,31,0.112573947701321,FALSE,1054.37770668374,566.714999999998,991.26430351078,1053.281249839,1118.58756670144
775,FALSE,9,1000,leaves,4,0.022278040886258,454,0.251220444484863,FALSE,1051.30411092043,1047.427,988.588797194689,1047.07765731276,1118.24587825384
776,FALSE,9,1000,leaves,5,0.02060873589304,336,0.925552004183379,FALSE,1049.75324679013,585.557999999997,987.416433559867,1048.86964023695,1112.97366657357
777,FALSE,9,1000,leaves,5,0.0171043997208029,400,0.86461741830659,FALSE,1047.45237550327,755.607999999998,987.297877067872,1041.57991584876,1113.47933359316
778,FALSE,9,1000,leaves,5,0.0186143972056684,32,0.115809987150015,FALSE,1052.45517476051,557.769000000004,992.409509343802,1050.4887900902,1114.46722484752
779,FALSE,9,1000,leaves,5,0.0222630100042929,443,0.872930141531273,FALSE,1051.15374902313,876.357999999998,991.379396098898,1046.91740456949,1115.164446401
780,FALSE,9,1000,leaves,5,0.0177351019830368,409,0.918484511948618,FALSE,1051.87666195863,735.600999999999,988.457421256238,1045.72834066013,1121.44422395953
781,FALSE,9,1000,leaves,4,0.0214369761463161,327,0.915727193196355,FALSE,1043.99030134655,728.235999999999,975.431046990523,1041.80316539231,1114.73669165682
782,FALSE,7,1000,leaves,4,0.0188753336618235,34,0.223918480901632,FALSE,1047.90073877275,702.255000000001,981.879438645757,1049.11141641082,1112.71136126166
783,FALSE,9,1000,leaves,5,0.0189149510211558,34,0.112235828949214,FALSE,1048.78046151177,530.646999999999,984.540003807646,1050.51146132121,1111.28991940644
784,FALSE,9,1000,leaves,4,0.0231853729427196,316,0.898971319322427,FALSE,1051.53067957099,717.432000000004,986.241670255476,1050.15503817022,1118.19533028728
785,FALSE,9,1000,leaves,4,0.0240231780551238,300,0.898278332347953,FALSE,1043.96955980202,761.395999999999,972.838851565115,1037.59870979845,1121.47111804249
786,FALSE,9,1000,leaves,5,0.0216801453062206,375,0.815833017060245,FALSE,1053.27724133873,1051.807,995.922319451656,1042.87178351361,1121.03762105092
787,FALSE,9,1000,leaves,4,0.0275024469823117,34,0.616823810626771,FALSE,1051.13787347978,591.656000000003,980.209453821456,1054.25902466162,1118.94514195628
788,FALSE,7,988,leaves,4,0.0180113185866448,32,0.109807731638018,FALSE,1054.41853744015,521.767000000002,992.098054963012,1056.44507407647,1114.71248328097
789,FALSE,8,1000,leaves,4,0.0180608694999764,32,0.569120170479426,FALSE,1047.83344128647,511.383000000002,980.716956739093,1042.46156847449,1120.32179864581
790,FALSE,9,1000,leaves,4,0.0216249955393784,480,0.868883092681418,FALSE,1053.47909952266,822.199000000001,990.734182793134,1052.23181990404,1117.4712958708
791,FALSE,9,1000,leaves,5,0.0192777229153528,43,0.983507538114108,FALSE,1050.98565468485,465.897999999999,990.301379407695,1046.07107931278,1116.58450533408
792,FALSE,9,1000,leaves,5,0.0213655939515844,378,0.862595598855282,FALSE,1048.39523611601,726.125,988.558522514958,1042.44379533459,1114.18339049847
793,FALSE,9,1000,leaves,5,0.0217589996193721,304,1,FALSE,1047.0581033667,802.624000000002,988.40748329302,1036.6176119381,1116.14921486898
794,FALSE,9,1000,leaves,4,0.0218111478803929,351,0.542743034889986,FALSE,1049.43242701048,765.993999999999,989.867908187901,1050.23195461448,1108.19741822904
795,FALSE,9,1000,leaves,5,0.0221673711113778,133,0.61692851440076,FALSE,1053.85066053419,646.323,986.795154534235,1057.41626145037,1117.34056561798
796,FALSE,9,1000,leaves,5,0.0212954176269042,373,0.8147321733515,FALSE,1051.38437075916,826.970999999996,988.568892448372,1055.58607236604,1109.99814746307
797,FALSE,7,1000,leaves,4,0.020996769989574,32,0.900921640383845,FALSE,1054.25853075647,554.806000000002,985.30800390162,1052.04185360678,1125.42573476102
798,FALSE,5,1000,leaves,5,0.0214965606177544,371,0.841012553576733,FALSE,1062.84870872401,720.424999999999,985.844589955602,1061.76058972807,1140.94094648835
799,FALSE,8,1000,leaves,4,0.0174327866677427,33,0.917671303248451,FALSE,1053.67476236655,467.834999999997,991.558066170681,1048.11976902076,1121.3464519082
800,FALSE,9,1000,leaves,5,0.0210298466689924,500,1,FALSE,1047.93633720684,808.829000000003,982.154938001583,1051.11156962302,1110.54250399591
801,FALSE,9,1000,leaves,5,0.0214174632452038,341,0.849915005411381,FALSE,1054.99188447269,748.755999999999,991.432699026471,1050.58329233025,1122.95966206135
802,FALSE,9,1000,leaves,4,0.0205668323951251,336,0.899426610047991,FALSE,1049.85792465413,725.076000000001,991.515164292869,1046.22444585905,1111.83416381047
803,FALSE,9,1000,leaves,4,0.0102641665231728,32,0.252694691457084,FALSE,1043.02494823946,531.323999999999,977.45241399061,1037.0512124201,1114.57121830766
804,FALSE,9,1000,leaves,5,0.0216674308991627,306,1,FALSE,1048.60825075129,813.644999999999,986.030417953994,1056.81766965162,1102.97666464826
805,FALSE,9,1000,leaves,5,0.0210193033635891,324,0.310459887671609,FALSE,1048.09100782125,781.662000000002,983.290291211012,1049.22186429118,1111.76086796156
806,FALSE,7,1000,leaves,4,0.0215255213611955,36,0.908590781013526,FALSE,1049.15179303044,530.225999999999,985.553338519735,1033.28017919673,1128.62186137485
807,FALSE,9,1000,leaves,4,0.0229371545508167,230,0.897472140342486,FALSE,1057.92489338522,728.26,999.95913126642,1052.41206070494,1121.4034881843
808,FALSE,9,1000,leaves,4,0.0201424364327172,396,0.899139433353603,FALSE,1047.82244135139,849.583999999999,983.399822649244,1041.60300698489,1118.46449442005
809,FALSE,8,1000,leaves,4,0.0203789630083657,32,0.937354090147599,FALSE,1055.33907798095,539.276,982.47262439687,1060.18101959124,1123.36358995474
810,FALSE,9,1000,leaves,4,0.0179370235936599,33,0.542310810520986,FALSE,1052.32521773124,512.174000000001,984.950442864673,1054.5403413036,1117.48486902545
811,FALSE,9,1000,leaves,4,0.0197920903802094,325,0.90907810057751,FALSE,1050.23322384022,758.714,985.797146747854,1053.34829026344,1111.55423450936
812,FALSE,9,1000,leaves,4,0.0211003859398294,164,0.914378466839152,FALSE,1046.54698373977,672.171000000002,984.72641176113,1041.73159461352,1113.18294484467
813,FALSE,9,987,leaves,4,0.0220676656192152,42,0.919859049171503,FALSE,1042.65621816774,537.812999999998,980.767433662139,1040.26688383745,1106.93433700362
814,FALSE,9,1000,leaves,4,0.0151539137292633,33,0.581729607080139,FALSE,1047.16883772095,574.504999999997,989.35984756708,1039.83482480315,1112.31184079263
815,FALSE,9,1000,leaves,4,0.024978893208586,44,1,FALSE,1054.39377168189,445.608999999999,986.54877784305,1048.76638494557,1127.86615225706
816,FALSE,8,1000,leaves,4,0.0182057823909669,34,0.565362487155763,FALSE,1052.03468536716,505.564,989.856382314777,1046.4850933216,1119.76258046511
817,FALSE,9,1000,leaves,4,0.0221533663725014,238,0.617172671757909,FALSE,1052.56152233322,692.281999999999,991.277396385195,1052.08754647946,1114.31962413499
818,FALSE,9,1000,leaves,4,0.0227346628144392,277,0.91992488630354,FALSE,1051.11471127628,619.170999999999,983.425273824959,1044.89977697285,1125.01908303103
819,FALSE,9,1000,leaves,4,0.0172846236917577,32,0.523840852675358,FALSE,1049.96493045893,584.632000000002,991.284240720018,1046.45956194569,1112.15098871109
820,FALSE,9,1000,leaves,4,0.0165703718476163,432,0.862852401791209,FALSE,1041.52001320127,663.015000000003,978.575879594096,1039.90805682563,1106.07610318409
821,FALSE,9,1000,leaves,4,0.0214661269428604,315,0.911754882053464,FALSE,1057.62035876091,779.999999999998,991.874396029764,1052.84296836545,1128.14371188751
822,FALSE,9,1000,leaves,5,0.0205124392393871,343,1,FALSE,1043.28080126384,774.506000000001,984.382333617057,1036.82627438678,1108.63379578767
823,FALSE,9,1000,leaves,5,0.0195187095544835,480,0.730516870808195,FALSE,1050.66053373451,828.940000000001,994.527303495109,1038.66668162922,1118.78761607922
824,FALSE,8,1000,leaves,4,0.0226001942438787,39,0.899531392698035,FALSE,1051.34006843545,506.723999999998,994.495099969014,1049.00987940327,1110.51522593406
825,FALSE,8,1000,leaves,4,0.0180935589176442,33,0.220628128665188,FALSE,1050.03007286433,510.561000000003,983.919988543366,1054.51183778274,1111.65839226689
826,FALSE,9,1000,leaves,4,0.0100393421749348,33,0.681776138790947,FALSE,1049.37725907234,616.847999999996,979.548928229657,1048.5599312188,1120.02291776856
827,FALSE,8,1000,leaves,4,0.0222794615823114,34,0.612768599153879,FALSE,1047.71080930054,504.157000000003,982.694632041913,1045.38458373015,1115.05321212955
828,FALSE,9,1000,leaves,4,0.020397756965042,34,0.243004735274793,FALSE,1051.16202995437,713.937,990.89487084021,1048.12790048331,1114.46331853958
829,FALSE,9,1000,leaves,4,0.0181858002102532,450,0.872476045282814,FALSE,1049.87262945879,744.016,989.098789877927,1049.60108389406,1110.91801460439
830,FALSE,9,1000,leaves,5,0.0212953896529584,273,1,FALSE,1057.06150798137,706.832,992.535833071229,1061.5793602298,1117.06933064307
831,FALSE,9,1000,leaves,5,0.0199624019306615,328,0.306526365127182,FALSE,1049.43966126508,977.174000000001,979.811073046015,1048.54690464561,1119.96100610363
832,FALSE,9,1000,leaves,5,0.020825301382848,284,1,FALSE,1052.54385907952,663.397000000001,989.834275150263,1049.70321922796,1118.09408286034
833,FALSE,9,1000,leaves,4,0.00984752878257289,32,0.599493935820297,FALSE,1049.42944320322,461.664999999999,984.70596067954,1049.08422579681,1114.49814313331
834,FALSE,9,1000,leaves,5,0.0168642441229695,200,0.867145306033105,FALSE,1051.38540724635,844.467000000002,995.951636134042,1047.64153935542,1110.56304624959
835,FALSE,9,1000,leaves,4,0.0098644420368054,32,0.339826620241626,FALSE,1049.57792939517,514.241999999998,989.738680827059,1041.70122990873,1117.29387744972
836,FALSE,9,1000,leaves,4,0.00927434827503399,32,0.584453582447893,FALSE,1048.89415675481,518.432000000001,981.82708613148,1044.49143579542,1120.36394833754
837,FALSE,9,1000,leaves,4,0.00936046873271523,31,0.501357299241971,FALSE,1049.69231308091,711.436000000003,988.806101187076,1047.64617172111,1112.62466633455
838,FALSE,9,1000,leaves,4,0.0102721705875204,35,0.310208026209272,FALSE,1051.19984873628,561.637999999997,991.698196543189,1047.20267728719,1114.69867237847
839,FALSE,8,1000,leaves,2,0.0189805289699536,396,0.214541108492629,FALSE,1054.22062913238,976.187000000002,989.538437158387,1047.24821200068,1125.87523823809
840,FALSE,9,1000,leaves,5,0.0204835839686841,282,0.285759932236993,FALSE,1056.08960072472,858.646999999999,1004.04107404683,1044.04757974185,1120.18014838548
841,FALSE,9,1000,leaves,4,0.0146109131612442,436,0.859325925034421,FALSE,1050.57920454566,641.180999999999,991.196586751612,1044.406354747,1116.13467213836
842,FALSE,8,1000,leaves,4,0.0224841391979413,39,0.613827908539258,FALSE,1049.64193855686,677.243000000004,980.749091044398,1052.09256806849,1116.08415655768
843,FALSE,8,1000,leaves,4,0.0107257992061735,32,0.257232157277833,FALSE,1046.05810649405,660.950000000001,980.068330811388,1044.36172132897,1113.7442673418
844,FALSE,9,941,leaves,4,0.0180335038722316,500,1,FALSE,1048.33493791198,690.763000000003,983.652107503483,1053.78896775338,1107.56373847907
845,FALSE,9,1000,leaves,6,0.0205788585482516,297,0.263230383889854,FALSE,1053.60494205344,910.687,989.44588905839,1045.93365060502,1125.43528649691
846,FALSE,9,1000,leaves,4,0.0164249136191942,429,0.831490174670909,FALSE,1046.73383332243,772.591,988.665467590321,1041.86489819116,1109.67113418581
847,FALSE,9,1000,leaves,4,0.0101692126551099,32,0.255939740183428,FALSE,1056.23002114589,538.785,988.222507536863,1057.73888050563,1122.72867539517
848,FALSE,9,1000,leaves,4,0.0173343631973887,404,0.866270479722469,FALSE,1051.81708644269,907.237000000001,989.142013259127,1043.96205935843,1122.34718671052
849,FALSE,9,1000,leaves,3,0.0204070316366506,42,0.179529200498237,FALSE,1049.39377072453,641.055,983.823058866625,1045.7219703869,1118.63628292005
850,FALSE,8,1000,leaves,4,0.0224980489855217,39,0.605635356378118,FALSE,1047.84716579672,524.944000000001,982.388870344477,1044.87597185232,1116.27665519337
851,FALSE,9,958,leaves,5,0.0189618978674657,107,0.263479473294874,FALSE,1046.78728130273,536.312,987.753773991184,1039.00434439677,1113.60372552023
852,FALSE,9,1000,leaves,4,0.0109420216023943,34,0.600212365116383,FALSE,1048.36085771804,490.353999999998,984.101604633512,1045.63370449539,1115.3472640252
853,FALSE,9,1000,leaves,5,0.020787193199779,31,1,FALSE,1047.81853981495,542.770000000002,990.002809926403,1043.66846432187,1109.78434519657
854,FALSE,7,1000,leaves,5,0.0173490360447573,431,1,FALSE,1053.84459929468,641.084999999999,995.223884339834,1055.64422650224,1110.66568704198
855,FALSE,9,1000,leaves,4,0.0166301030666092,429,0.717648185893278,FALSE,1050.83170046461,788.404000000002,993.283270226685,1042.3623414397,1116.84948972743
856,FALSE,9,1000,leaves,4,0.0099360963698845,32,0.312743747419954,FALSE,1046.50958902462,521.511000000001,981.546773396911,1048.98153823739,1109.00045543954
857,FALSE,9,1000,leaves,5,0.0181850349145538,498,1,FALSE,1052.39588097099,826.533,997.494066310172,1044.5370711126,1115.15650549019
858,FALSE,8,1000,leaves,4,0.024401694027093,38,0.613358011222005,FALSE,1050.44298363827,634.650999999998,983.671528726031,1050.87218295523,1116.78523923354
859,FALSE,9,1000,leaves,4,0.0137401046742222,34,0.597914139256936,FALSE,1050.34092139465,486.966000000002,991.870174620813,1043.14848850322,1116.0041010599
860,FALSE,9,1000,leaves,5,0.0200072128736362,31,1,FALSE,1051.14662099775,486.152999999997,991.204238861851,1050.37384757068,1111.86177656074
861,FALSE,9,1000,leaves,4,0.0155415298496499,224,0.885078510809146,FALSE,1049.04451913534,700.362999999999,987.02091555475,1049.95804776022,1110.15459409106
862,FALSE,9,1000,leaves,4,0.0112745595842316,33,0.194892122958164,FALSE,1049.10709074895,590.247000000001,983.15400128397,1046.63679272151,1117.53047824138
863,FALSE,9,1000,leaves,4,0.00944465191798379,33,0.870251299112574,FALSE,1056.5106053695,628.534,986.321514247364,1057.77350702241,1125.43679483874
864,FALSE,9,1000,leaves,4,0.0175209654248716,37,0.623380872757983,FALSE,1048.61056833825,484.921999999999,994.569645878443,1047.41203550323,1103.85002363309
865,FALSE,9,1000,leaves,4,0.0178648048728433,500,0.612743074892574,FALSE,1050.67889144411,653.084999999999,986.930690876849,1053.60427047485,1111.50171298063
866,FALSE,9,1000,leaves,4,0.0181688637876625,37,0.814392160605941,FALSE,1053.43570372161,427.169999999998,982.988450738177,1060.55175626586,1116.76690416077
867,FALSE,9,1000,leaves,4,0.0100988170657922,33,0.602664129380061,FALSE,1052.95782963146,564.350000000004,980.661238590694,1053.65071010512,1124.56154019855
868,FALSE,9,1000,leaves,4,0.0103710194291645,33,0.418011437250932,FALSE,1054.55236322603,608.819000000001,991.501914891054,1056.13240543976,1116.02276934729
869,FALSE,8,973,leaves,4,0.0220343629448617,36,0.612057631377597,FALSE,1054.3799898628,543.348000000002,985.110921227243,1053.36644906151,1124.66259929965
870,FALSE,9,1000,leaves,4,0.016591248774926,481,0.883741178265242,FALSE,1047.90867936903,637.584999999997,983.166157106783,1050.43634489398,1110.12353610632
871,FALSE,9,1000,leaves,4,0.0101323942009397,32,0.316522866136426,FALSE,1051.69071322392,573.358000000002,993.903310060051,1042.03206974688,1119.13675986484
872,FALSE,7,1000,leaves,4,0.0182303309532874,36,0.667306954294672,FALSE,1047.58551158492,586.495999999997,978.670117050748,1040.91387238726,1123.17254531674
873,FALSE,9,1000,leaves,6,0.018853323277666,114,0.254143280177797,FALSE,1052.53069651948,804.097000000003,992.044259267929,1042.19241254581,1123.3554177447
874,FALSE,9,1000,leaves,3,0.0189787708620774,262,0.181207105785313,FALSE,1052.05074804561,874.491999999998,990.867600557502,1049.91216140043,1115.37248217889
875,FALSE,9,1000,leaves,5,0.0183095735882914,445,1,FALSE,1049.50654536085,698.994999999999,983.880882477459,1048.31585249472,1116.32290111038
876,FALSE,9,958,leaves,4,0.0158716682178075,395,0.86266942193557,FALSE,1053.27012242383,685.407000000001,995.933199228853,1048.70463320022,1115.17253484242
877,FALSE,9,928,leaves,4,0.0152682421364102,34,0.716398176414235,FALSE,1044.20433274949,459.186000000002,980.949142659539,1040.17616203941,1111.48769354953
878,FALSE,9,1000,leaves,4,0.00788737332545024,32,0.278663265180239,FALSE,1048.35721504394,654.430999999999,977.961591500748,1048.0870721601,1119.02298147099
879,FALSE,9,1000,leaves,4,0.0173888061486811,500,0.848625223149935,FALSE,1047.53387850758,762.485000000001,980.019019716039,1051.74527416199,1110.83734164471
880,FALSE,9,1000,leaves,4,0.0181023618703231,114,0.626932841276768,FALSE,1050.5100678802,639.743999999999,989.043708305851,1044.4714934036,1118.01500193116
881,FALSE,9,1000,leaves,5,0.0181853508029463,500,1,FALSE,1049.89264034305,792.127,983.753929783893,1048.1043918175,1117.81959942775
882,FALSE,9,1000,leaves,4,0.0097500579206697,33,0.6079053803516,FALSE,1044.40394363081,558.613000000005,986.262314485112,1038.15326312308,1108.79625328424
883,FALSE,8,977,leaves,4,0.0226207766580093,39,0.592189547181034,FALSE,1054.57910617982,534.76,995.615260297873,1047.42383456526,1120.69822367633
884,FALSE,9,984,leaves,4,0.017922556896984,500,1,FALSE,1045.55205597917,761.100999999997,978.266510464529,1049.72781823328,1108.66183923969
885,FALSE,9,983,leaves,5,0.0188361993260522,500,0.995014827280475,FALSE,1049.87437058545,816.570000000002,985.027735292869,1051.0804056893,1113.51497077418
886,FALSE,7,1000,leaves,4,0.0182766383391337,421,1,FALSE,1051.7690925854,708.346999999998,978.554193207362,1053.21448028568,1123.53860426315
887,FALSE,9,982,leaves,4,0.0190170662031743,38,0.589050646705052,FALSE,1049.57180093573,556.322999999999,985.09385813059,1041.0700729412,1122.55147173539
888,FALSE,9,987,leaves,5,0.0185160325927594,64,0.260920592176436,FALSE,1053.07793479028,601.503000000001,997.491367443243,1048.7163220115,1113.0261149161
889,FALSE,7,1000,leaves,4,0.0188190110008127,42,0.199238934279651,FALSE,1050.36535902397,587.267000000005,990.64214352053,1042.15516653138,1118.29876702
890,FALSE,9,1000,leaves,4,0.00964587987774913,34,0.631534080592307,FALSE,1046.20070116531,568.422000000002,982.233377016294,1054.20888455856,1102.15984192107
891,FALSE,9,1000,leaves,4,0.00952253526836858,32,0.998821050241075,FALSE,1053.44678240332,617.599999999995,990.425038587272,1042.24610352336,1127.66920509933
892,FALSE,9,1000,leaves,4,0.0193924442780105,42,0.177818411444338,FALSE,1049.51593182647,619.562999999998,981.62491824625,1044.63515575902,1122.28772147415
893,FALSE,7,1000,leaves,4,0.00864603757085346,500,0.840606077177226,FALSE,1054.10064611592,718.533000000003,994.322116843819,1053.97704081379,1114.00278069015
894,FALSE,8,984,leaves,4,0.0190120081964889,37,0.604852259241846,FALSE,1056.66981644947,517.208999999999,993.262465386236,1046.29201920513,1130.45496475704
895,FALSE,9,1000,leaves,4,0.0125597179393634,202,0.245756111660827,FALSE,1057.4232444195,642.587,992.343464034211,1057.02881400006,1122.89745522421
896,FALSE,9,1000,leaves,4,0.00947991332921479,32,0.620351101613135,FALSE,1046.10800214328,570.953999999998,981.528066327196,1048.09010088874,1108.7058392139
897,FALSE,9,1000,leaves,4,0.00889429698567242,30,0.622300495123966,FALSE,1048.61946109235,519.321999999993,983.49183066152,1045.50999749673,1116.85655511879
898,FALSE,8,1000,leaves,4,0.0169261170363596,500,0.828415547693993,FALSE,1044.82550062956,700.698000000004,984.86576034432,1038.26648352265,1111.3442580217
899,FALSE,9,1000,leaves,4,0.0124774829965951,175,0.249384722647519,FALSE,1050.5879564483,776.786999999997,987.555680678654,1043.1412678228,1121.06692084346
900,FALSE,9,1000,leaves,4,0.0165807017454509,500,0.866085360693649,FALSE,1047.01635109796,752.276999999998,981.794921451165,1042.55918422974,1116.69494761297
901,FALSE,9,1000,leaves,4,0.018369837488103,491,1,FALSE,1054.05911065289,678.672000000002,986.757671685465,1055.29993156014,1120.11972871308
902,FALSE,9,1000,leaves,4,0.00864137570392846,34,0.605808901321753,FALSE,1053.37533728328,508.5,977.162699236565,1058.2260072327,1124.73730538057
903,FALSE,9,1000,leaves,4,0.0157430803116938,45,0.248592650584788,FALSE,1054.08928894838,614.027000000002,997.837404276433,1039.32078834419,1125.10967422453
904,FALSE,9,1000,leaves,5,0.0186763010987468,110,0.166862894596474,FALSE,1056.50600074943,822.416000000005,1006.33547172631,1046.67344853601,1116.50908198597
905,FALSE,9,1000,leaves,4,0.0173439689695449,500,0.847451511205582,FALSE,1048.30590895444,805.164999999997,989.068953893081,1038.57060810518,1117.27816486506
906,FALSE,9,950,leaves,4,0.0186325778568038,500,1,FALSE,1048.07830137624,569.850000000002,988.941099095946,1045.14319428223,1110.15061075055
907,FALSE,8,978,leaves,3,0.0342875926494326,42,0.994877167348781,FALSE,1051.4022217061,517.649000000001,987.144517463664,1044.56014735708,1122.50200029755
908,FALSE,8,978,leaves,4,0.0209436678994484,168,0.997405688990129,FALSE,1039.75561406574,736.270000000008,973.641400085944,1036.55014090085,1109.07530121043
909,FALSE,7,1000,leaves,4,0.0207456225450045,41,0.166187560639189,FALSE,1058.20559341569,492.780000000003,993.604509253407,1056.37563880958,1124.63663218408
910,FALSE,9,1000,leaves,4,0.00869627839479458,31,0.285453698359726,FALSE,1051.21404712319,521.604000000003,985.539218946026,1049.84051522752,1118.26240719603
911,FALSE,9,1000,leaves,4,0.0178565236919169,500,0.995162387437664,FALSE,1051.74677606208,816.519999999997,983.733793357028,1050.79440116165,1120.71213366757
912,FALSE,7,1000,leaves,4,0.0175287895332227,500,0.842341938537465,FALSE,1045.8101565889,764.365000000009,982.271558893215,1043.36932075286,1111.78959012063
913,FALSE,9,985,leaves,4,0.0138121880807419,500,0.812270418732611,FALSE,1048.06123237361,617.290000000001,978.747086948362,1050.96838179198,1114.4682283805
914,FALSE,7,993,leaves,5,0.0185430211939429,493,1,FALSE,1055.18701530997,916.335999999999,990.615515202951,1045.5853905719,1129.36014015507
915,FALSE,9,1000,leaves,4,0.0179774417858922,500,1,FALSE,1053.81779163456,849.262999999999,989.49297307065,1053.13516533023,1118.82523650281
916,FALSE,9,1000,leaves,5,0.00609097918431866,500,1,FALSE,1050.22109740278,578.581000000002,991.091411601411,1048.26558806537,1111.30629254155
917,FALSE,7,1000,leaves,4,0.0191641862428597,500,1,FALSE,1048.10527553713,837.788000000004,978.201651476246,1047.9730050832,1118.14117005194
918,FALSE,9,1000,leaves,4,0.00822143705218379,31,0.260696714153677,FALSE,1053.01379253826,560.738000000008,999.492038527944,1046.85900015492,1112.69033893192
919,FALSE,8,1000,leaves,4,0.0218868141333434,40,0.168858511132739,FALSE,1055.56724323088,533.973000000002,989.88046935227,1063.12763082045,1113.69362951993
920,FALSE,9,1000,leaves,4,0.00733762015290944,32,0.263433375583329,FALSE,1050.53253718249,623.026999999991,979.771658668751,1056.70752448147,1115.11842839724
921,FALSE,9,976,leaves,4,0.0207986909689759,91,1,FALSE,1046.27987180265,569.624999999996,985.928590525089,1042.19765663153,1110.71336825132
922,FALSE,9,1000,leaves,4,0.0181385788650768,500,0.612797399561933,FALSE,1049.10565863834,779.047999999999,986.043919107734,1042.16909469573,1119.10396211157
923,FALSE,9,1000,leaves,4,0.00793104199130729,30,0.281589152484598,FALSE,1049.0105081015,687.310000000001,986.291645891583,1045.97359415826,1114.76628425465
924,FALSE,5,1000,cur_trees_2,1,0.0104611922524184,500,0.612749154272399,FALSE,1073.46453342445,670.283000000007,998.185797502965,1061.69915713143,1160.50864563897
925,FALSE,9,984,leaves,4,0.00930766131541347,500,0.828724339374026,FALSE,1047.7666910763,571.699999999994,980.899965775373,1052.45281657241,1109.94729088111
926,FALSE,7,1000,leaves,4,0.0212706248516231,41,0.163536314692512,FALSE,1053.49976567709,576.870999999992,992.992739365904,1049.01493211399,1118.49162555136
927,FALSE,7,1000,leaves,5,0.0193611482522738,500,0.346265899368424,FALSE,1050.50704722236,882.525999999998,983.803396908684,1052.77163395663,1114.94611080175
928,FALSE,8,1000,leaves,4,0.0171860119316894,500,0.85191532668282,FALSE,1046.62397476452,811.218999999997,983.99514270769,1040.45598174793,1115.42079983794
929,FALSE,8,1000,leaves,4,0.0155688696574619,500,0.831225045369196,FALSE,1046.07481266967,550.241999999995,969.576022455546,1057.96772071712,1110.68069483636
930,FALSE,8,1000,leaves,4,0.0216821444002961,31,0.181744683978532,FALSE,1050.20677503328,588.043999999998,987.349157632821,1043.8661267116,1119.40504075544
931,FALSE,6,1000,leaves,4,0.010739631452288,500,0.608612050482566,FALSE,1055.13267762044,767.315000000002,988.840879634461,1054.60496805046,1121.95218517639
932,FALSE,7,1000,leaves,3,0.0214816069429104,42,0.159530169434039,FALSE,1047.11914467078,563.139999999999,979.151210442778,1043.86450358833,1118.34171998123
933,FALSE,8,902,leaves,4,0.0148348638199077,500,1,FALSE,1046.55509952901,635.821999999997,984.184231322764,1038.93986249918,1116.54120476511
934,FALSE,9,1000,leaves,4,0.0117293430969647,500,0.644206151352602,FALSE,1049.87088924338,858.038000000008,985.496920400911,1046.01010459555,1118.10564273368
935,FALSE,9,1000,leaves,4,0.00815434967858231,32,0.322397933154291,FALSE,1051.2398900467,567.608999999997,989.714511417877,1050.64603929402,1113.35911942822
936,FALSE,9,1000,leaves,4,0.0084000961355473,426,0.577476315054284,FALSE,1045.67136240555,533.437000000005,984.036628225689,1047.51305063624,1105.46440835472
937,FALSE,8,1000,leaves,5,0.021572598696818,500,0.331694340156895,FALSE,1047.70213374793,927.754000000004,988.994469201869,1043.26779035542,1110.84414168652
938,FALSE,9,941,leaves,4,0.0121060757491088,87,1,FALSE,1048.22283648154,610.571999999997,990.078785349963,1042.5993373776,1111.99038671704
939,FALSE,7,982,leaves,4,0.0204472520387228,500,1,FALSE,1050.29914354019,618.607999999997,991.527996990407,1045.4724986959,1113.89693493428
940,FALSE,9,1000,leaves,4,0.00775603033822686,32,0.283522454286507,FALSE,1049.14362082101,562.160000000004,979.294401135782,1045.43505258935,1122.70140873788
941,FALSE,8,1000,leaves,4,0.016161697066085,500,0.850636494832371,FALSE,1058.18149020848,669.749999999993,991.810631738279,1060.01986775457,1122.71397113259
942,FALSE,9,963,leaves,4,0.0116062020342188,88,0.98336371742478,FALSE,1048.23380087189,609.870000000006,990.001922280507,1038.81412423942,1115.88535609574
943,FALSE,9,967,leaves,4,0.0207860561834984,131,1,FALSE,1051.0848985446,670.052,989.151769948656,1051.38824287094,1112.71468281422
944,FALSE,7,1000,leaves,5,0.017156608687,500,0.86223518758235,FALSE,1052.36786359432,688.324000000004,998.651064907624,1044.1093311447,1114.34319473064
945,FALSE,9,1000,leaves,5,0.0166901594131764,500,0.796880284483287,FALSE,1052.13574984451,681.884999999998,983.9228168355,1051.93576132911,1120.54867136891
946,FALSE,9,943,leaves,5,0.0158951444851034,119,1,FALSE,1053.82731306371,673.149999999994,993.749704082694,1048.89613095752,1118.83610415092
947,FALSE,7,1000,leaves,4,0.0213009992691516,41,0.156873181210089,FALSE,1044.84154236222,601.784,985.651577778932,1038.08596880873,1110.78708049901
948,FALSE,9,1000,leaves,19,0.0102417519716696,500,0.771137035596622,FALSE,1055.02536991585,748.192000000003,999.440453501688,1057.43422550638,1108.20143073949
949,FALSE,7,1000,leaves,3,0.0217140349090466,33,0.184083894394608,FALSE,1057.35414960657,563.830000000002,987.106705265713,1055.26888385574,1129.68685969826
950,FALSE,8,1000,leaves,4,0.00705863355884935,32,0.282126297867454,FALSE,1046.74483125071,544.842000000004,984.834957974844,1044.73053224436,1110.66900353294
951,FALSE,7,1000,leaves,4,0.00755226202950872,491,0.290112959446976,FALSE,1048.5735488887,716.314999999999,993.161978290013,1044.63525424597,1107.92341413012
952,FALSE,9,969,leaves,4,0.0181427035414333,111,0.948535938311089,FALSE,1048.90707591339,615.008999999998,981.218377979276,1042.00987567442,1123.49297408647
953,FALSE,9,1000,leaves,4,0.00607776434369354,462,0.841890268480211,FALSE,1050.36459545221,659.003000000001,988.658201293948,1048.0393223335,1114.39626272919
954,FALSE,8,1000,leaves,5,0.0158856418945299,500,1,FALSE,1050.57390915336,662.682999999997,995.713422698832,1041.30049192812,1114.70781283312
955,FALSE,7,1000,leaves,3,0.0232250317012857,37,0,FALSE,1049.59355141662,602.468000000001,987.232999070896,1045.03909662392,1116.50855855505
956,FALSE,9,951,leaves,4,0.0110003627201524,33,1,FALSE,1053.71242375605,432.370999999999,986.992460898959,1055.69657518704,1118.44823518216
957,FALSE,9,1000,leaves,3,0.025684808818292,31,0.147626744621857,FALSE,1053.83661997971,558.703999999998,982.881418491334,1052.55755131626,1126.07089013153
958,FALSE,7,1000,leaves,4,0.0208140250247444,52,0.150294480604844,FALSE,1049.26551345112,728.373,987.830017338873,1051.74160031246,1108.22492270201
959,FALSE,7,1000,leaves,5,0.0205729371730023,500,0.330705905537641,FALSE,1052.98136128675,904.861999999997,982.430465893764,1048.99824186875,1127.51537609774
960,FALSE,8,1000,leaves,26,0.0183511503607513,500,0.330322994407753,FALSE,1063.58162345369,991.648999999998,1005.68420140725,1064.02363726333,1121.03703169051
961,FALSE,9,951,leaves,5,0.0163737337081122,247,1,FALSE,1052.5515690392,750.358000000004,986.613318493631,1051.36454907532,1119.67683954866
962,FALSE,9,1000,leaves,4,0.00810297481634476,381,0.275254613867103,FALSE,1051.05848730397,788.718999999997,989.659692059386,1049.18895487051,1114.32681498202
963,FALSE,8,961,leaves,4,0.0203510320447176,500,0.963264616550075,FALSE,1054.56796253517,737.720000000001,996.039879823914,1050.16743675792,1117.49657102369
964,FALSE,9,969,leaves,4,0.0206485410801309,41,0.773183477537769,FALSE,1046.55297298516,483.73,979.256755786201,1047.17868025573,1113.22348291356
965,FALSE,9,1000,leaves,5,0.00628406296746152,500,1,FALSE,1050.094373017,643.851999999999,976.52486619465,1056.82881644505,1116.92943641131
966,FALSE,7,966,leaves,4,0.0141050802097257,95,0.742608852318112,FALSE,1048.76484950346,567.902999999998,992.164297088418,1041.43441910178,1112.69583232018
967,FALSE,9,970,leaves,4,0.0168480469738641,129,0.955336998081803,FALSE,1043.60921853686,598.518,979.796654902899,1039.19196175058,1111.83903895709
968,FALSE,7,1000,leaves,4,0.00760846693268771,35,0.187631437126708,FALSE,1050.25162717614,584.262000000002,982.849525146351,1051.18515450325,1116.72020187881
969,FALSE,8,1000,leaves,5,0.0181229113134173,500,1,FALSE,1047.6212686568,764.234999999997,980.997140926308,1048.23992526041,1113.62673978368
970,FALSE,9,945,leaves,5,0.0123531183586842,86,1,FALSE,1050.65602135782,815.839999999997,986.939479870717,1052.68309867061,1112.34548553214
971,FALSE,8,967,leaves,4,0.0170246514895013,500,0.969430243086559,FALSE,1047.06233078492,695.019999999997,988.891709166573,1039.48864707783,1112.80663611037
972,FALSE,9,1000,leaves,4,0.00803799844322869,45,0.275130688550273,FALSE,1057.83704811722,660.705999999998,997.761968105324,1053.393419505,1122.35575674133
973,FALSE,8,1000,leaves,4,0.00642676256677146,500,0.998357335702852,FALSE,1052.15744988583,633.086999999996,981.684591090674,1051.49871978375,1123.28903878308
974,FALSE,9,974,leaves,4,0.0111786980767865,128,0.974253460478813,FALSE,1044.99191474613,647.163000000001,981.416525533959,1045.55510180382,1108.00411690061
975,FALSE,9,947,leaves,5,0.0179599766473274,258,1,FALSE,1050.74905510414,609.828000000009,989.672111891158,1047.28775961537,1115.28729380591
976,FALSE,9,974,leaves,4,0.0083596238340649,164,0.967358937875231,FALSE,1048.54858905216,741.543999999994,986.754275361243,1041.10981040244,1117.7816813928
977,FALSE,9,983,leaves,4,0.00609266347252264,496,0.328719741972897,FALSE,1048.4311627535,630.754000000001,987.309499566714,1041.09947395736,1116.88451473643
978,FALSE,7,1000,leaves,4,0.00754634508828542,33,0.211001450572119,FALSE,1050.49594802463,522.923000000003,978.661252145188,1054.23898139086,1118.58761053783
979,FALSE,8,1000,leaves,4,0.00727022000905714,500,1,FALSE,1045.89073825687,548.712000000003,979.528858309528,1041.74409846139,1116.39925799968
980,FALSE,9,965,leaves,4,0.018412385856807,71,1,FALSE,1049.99012985993,521.742000000002,979.133425103197,1045.25798139627,1125.57898308031
981,FALSE,7,1000,leaves,5,0.0195262613026036,500,0.278840912076623,FALSE,1054.52301071882,876.775000000005,995.762839214575,1048.66498250386,1119.14121043801
982,FALSE,9,1000,leaves,4,0.00645646644372227,31,0.995553697043649,FALSE,1054.21544480812,481.742999999995,989.093607899811,1051.56253215869,1121.99019436585
983,FALSE,9,1000,leaves,4,0.00678223459462785,31,0.254468451451943,FALSE,1055.78403964634,638.642999999993,988.127382884919,1050.02792711895,1129.19680893514
984,FALSE,8,965,leaves,4,0.0199681606926912,167,1,FALSE,1057.00186709774,661.903999999999,994.602191137027,1048.7138259159,1127.6895842403
985,FALSE,9,973,leaves,4,0.0114287473834393,158,0.944013778224086,FALSE,1047.08305264293,530.519,979.725358175444,1043.43327268313,1118.09052707021
986,FALSE,9,965,leaves,4,0.0153535403061494,500,0.993275265732142,FALSE,1050.41803630856,810.664999999997,988.43557370262,1048.87262503748,1113.94591018559
987,FALSE,9,872,leaves,5,0.0134184073158991,266,1,FALSE,1047.95091229665,660.847000000005,978.202280792045,1045.69652404211,1119.9539320558
988,FALSE,9,937,leaves,5,0.0215481506755064,96,1,FALSE,1048.64479759739,586.501999999997,982.712641935046,1048.65666755861,1114.56508329852
989,FALSE,9,942,leaves,5,0.0151416798052634,253,1,FALSE,1052.04389112173,603.613000000009,994.550453295354,1048.55522573881,1113.02599433101
990,FALSE,8,897,leaves,4,0.0147095339264468,483,1,FALSE,1053.38844461754,552.787999999997,989.41019781713,1047.22793104325,1123.52720499223
991,FALSE,9,1000,leaves,4,0.00799403132888448,82,0.280278508627396,FALSE,1050.34572560493,717.529000000002,981.482210642332,1051.54523934038,1118.00972683208
992,FALSE,8,1000,leaves,22,0.0178250851139152,500,0.333642311002053,FALSE,1058.36509560963,935.778999999999,1005.73548216096,1051.38255868512,1117.97724598281
993,FALSE,7,1000,leaves,3,0.00749156938068478,31,0.200838467209117,FALSE,1053.96745091298,682.244999999999,984.896332973693,1054.51635291381,1122.48966685143
994,FALSE,9,908,leaves,4,0.014600984247201,500,1,FALSE,1052.77385516137,697.905000000003,993.20092540655,1044.23288810494,1120.88775197262
995,FALSE,9,1000,leaves,4,0.00726635289074481,490,0.293359941590418,FALSE,1051.68842464529,660.736000000004,982.912401074904,1057.26133425085,1114.89153861013
996,FALSE,8,1000,leaves,4,0.00731661686498464,53,0.235119931791584,FALSE,1048.23381015575,674.102999999999,982.361355073204,1043.79839124632,1118.54168414774
997,FALSE,8,1000,leaves,4,0.0069207107160718,32,0.779557334491687,FALSE,1049.77981953021,585.424999999996,982.961970518735,1041.98354687965,1124.39394119223
998,FALSE,9,977,leaves,4,0.0122932531011366,179,1,FALSE,1050.29254810018,656.726000000002,993.523114510998,1038.56783394567,1118.78669584386
999,FALSE,9,1000,leaves,4,0.0052325457920884,31,0.749887510063966,FALSE,1056.07564455024,541.024999999994,988.898557939969,1049.07448195313,1130.25389375761
1000,FALSE,9,1000,leaves,4,0.00607420505002096,413,0.264794409293038,FALSE,1048.55531728908,614.201000000001,980.600414590671,1049.61090310642,1115.45463417014
1001,FALSE,9,1000,leaves,4,0.00710711340545536,34,0.814858462228973,FALSE,1047.81601522211,494.714000000007,979.974015921053,1047.42361356667,1116.0504161786
