eval,init_design,alpha,colsample_bytree,eta,gamma,lambda,max_depth,min_child_weight,subsample,regr.mse,internal_tuned_values_nrounds,runtime_learners,mse_fold1,mse_fold2,mse_fold3
1,TRUE,0.00142034482637536,0.733780547976494,0.144793655758627,161.802848554585,0.614640013306536,8,33.3093166006373,0.927133178710938,1153.15081673929,207,0.698,1172.42204835878,1153.62345534939,1133.4069465097
2,TRUE,33.6816902429718,0.796280533075333,0.295385851980016,28.7730674070265,3.45637479597811,4,1.87312052383873,0.589633178710938,1316.21341439401,309,1.076,1341.41522397152,1312.96984732357,1294.25517188694
3,TRUE,0.643641261718399,0.749405547976494,0.0593880871666433,7.87927327254132,0.00224450665090377,11,1.6220554913432,0.899008178710938,1472.35866400521,276,1.929,1505.98499913125,1408.90951280466,1502.18148007973
4,TRUE,0.00598954459789641,0.921280533075333,0.0709756496711501,909.884282757587,0.109300168024906,12,5.9233271873381,0.364633205533028,1173.71861265775,205,0.755999999999999,1225.35467314873,1109.64309806341,1186.15806676112
5,TRUE,2.7142126952901,0.936905533075333,0.121154484519859,1.40115494266302,0.0126217890942807,9,28.8446798116571,0.336508205533028,1247.25317845716,309,1.545,1267.90553998924,1258.32202951498,1215.53196586726
6,TRUE,0.0361945955873921,0.624405540525913,0.247160833419084,249.164498481192,70.9775214435677,2,5.12939001982352,0.224008192121983,2179.69224392587,1718,2.596,2097.16127770342,2358.67282081401,2083.24263326018
7,TRUE,0.00417968740979431,0.530655542388558,0.0415794996463057,0.590861896804514,0.0299309787765844,6,3.84649987327335,0.280258192121983,1199.10581403126,838,2.641,1217.60828652155,1173.38873580343,1206.32041976879
8,TRUE,0.218722634595901,0.952530533075333,0.206809084344869,0.38369486258313,8.19635630809416,7,7.89888375403106,0.420883205533028,1206.11931631974,165,0.881,1223.67771989526,1209.83297107067,1184.84725799328
9,TRUE,7.98718746044241,0.608780540525913,0.0347911848751128,5.11665533335772,19.4366238312486,5,10.5333307761671,0.252133192121983,1243.78171073892,2020,4.136,1255.7015246495,1232.12492025364,1243.51868731362
10,TRUE,3.88950091064746,0.827530533075333,0.0496923228410609,0.0121334994205688,0.259191544478664,5,2.49784636356394,0.645883178710938,1149.74834097527,761,2.407,1173.82846235919,1119.90145808918,1155.51510247745
11,TRUE,0.0176255956613473,0.843155533075333,0.0848241303362146,0.105071754526401,0.00532256378020065,2,68.4015152535932,0.617758178710938,2106.39913686983,3263,4.884,1852.81178388928,2410.15373964335,2056.23188707687
12,TRUE,0.922346018765644,0.515030541457236,0.101374670335984,0.00215767510808305,0.0460914986802595,3,14.0464223420844,0.308383192121983,1629.24270750327,930,1.53,1592.60616839566,1644.68177680565,1650.44017730848
13,TRUE,11.445740031653,0.874405533075333,0.0142698397964363,0.249164395891643,0.0709775214435677,8,51.2939001982352,0.674008178710938,1159.1361702661,2356,6.356,1184.60815570416,1159.82223836426,1132.97811672986
14,TRUE,0.0518673104513762,0.640030547976494,0.024358421498745,0.0682316673869294,1.45754116600265,12,44.4186875776634,0.983383178710938,1149.26206608431,1112,3.556,1159.90112309524,1121.7961074551,1166.08896770258
15,TRUE,6.67219725998479,0.991593033075333,0.0775915443743914,309.197634804076,0.321640574811132,7,1.50943948908046,0.153695695474744,1271.74188629772,227,0.751000000000005,1298.07472089375,1265.85911540048,1251.29182259894
16,TRUE,0.00500344123041624,0.554093040525913,0.158290391394508,1.73874607701446,1.80871787074278,11,84.8820231708185,0.491195705533028,1337.9928941646,709,1.81,1359.76465458042,1329.48935548177,1324.72467243162
17,TRUE,0.074326507861205,0.905655533075333,0.00999077133270629,18.6847014582272,0.946500460468294,3,12.1637006190928,0.505258205533028,1575.2156906738,5000,8.387,1590.98087740696,1593.03571532536,1541.63047928909
18,TRUE,23.5041136013219,0.655655547976494,0.17304520613524,0.0186846976116613,946.500460468294,9,1.21637002017417,0.955258178710938,1093.29980039436,1377,8.352,1107.80665534445,1080.35325785533,1091.73948798329
19,TRUE,0.313432284771272,0.718155547976494,0.00117673460555735,3.32266198858896,0.168314228044313,4,2.16304583608104,0.842758178710938,2097.73901534146,5000,9.353,2165.24360645459,2085.30888591733,2042.66455365245
20,TRUE,69.1661938473201,0.702530547976494,0.0119401300813914,383.695020563498,0.00819635799545485,2,78.9888375403106,0.870883178710938,3257.65821797816,5000,7.11,3277.91190950494,3199.09533350784,3295.96741092171
21,TRUE,0.106510820066923,0.546280540525913,0.0170541130145065,0.0287730614835977,0.00345637515175515,10,18.7312052383873,0.139633195474744,1345.10766912762,2280,8.842,1337.37433973113,1367.45648832014,1330.4921793316
22,TRUE,0.449152558104892,0.983780533075333,0.00835966703394528,0.161802781934816,614.640013306536,3,3.33093166006373,0.477133205533028,2180.61832912286,5000,9.1,2221.50142052266,2152.75529144592,2167.59827539999
23,TRUE,0.0433280085625139,0.772843033075333,0.110824166714335,0.023186546814538,0.135634705758614,10,3.57944523750781,0.884945678710938,1291.53829378096,113,0.800999999999998,1367.81728482688,1164.45741005614,1342.34018645986
24,TRUE,0.152631344022148,0.811905533075333,0.029111137827793,44.3084097361779,399.135934673023,6,91.2148865831131,0.561508178710938,1294.08278185373,4993,10.808,1335.90323224484,1275.35320697695,1270.99190633938
25,TRUE,0.0020353719466194,0.999405533075333,0.00342877310265349,0.00787927165045796,2.24450630435116,5,16.2205554699786,0.449008205533028,1270.54330752976,5000,10.894,1301.76619621519,1284.5852819549,1225.27844441919
26,TRUE,99.1160252186562,0.968155533075333,0.0203816388565911,0.00332266130456208,168.314228044313,10,21.6304583608104,0.392758205533028,1143.20781739779,3987,11.518,1190.56934896709,1154.59932493484,1084.45477829144
27,TRUE,3.24914338711324,0.710343047976494,0.226086500360626,0.130387507780246,24.1196404537231,6,20.1286997830642,0.772445678710938,1191.44742585011,310,0.800000000000001,1207.96048877264,1182.19887361196,1184.18291516574
28,TRUE,0.0122996797288615,0.577530540525913,0.00286898784073825,12.133501918458,259.191544478664,10,24.9784636356394,0.195883198827505,3168.88297414488,5000,10.353,3293.29309167917,3039.07303506594,3174.28279568953
29,TRUE,0.182712697113358,0.585343040525913,0.0543243223648294,0.00412321587901966,0.76273000178102,9,63.6525376522202,0.547445705533028,1217.13004301829,882,2.326,1264.93212072669,1188.28401534143,1198.17399298675
30,TRUE,0.00118650287171929,0.866593033075333,0.0186437848463131,9.77768773117831,10.1711680432896,10,4.7732669394716,0.828695678710938,1098.45960058792,887,4.414,1144.66523020893,1024.96313171474,1125.75043984009
31,TRUE,28.1364225472135,0.679093047976494,0.0380341959190582,54.9839787604823,0.057196681161972,3,26.8420525622974,0.716195678710938,1433.76464502635,3577,8.449,1410.41677118605,1458.62101175209,1432.25615214091
32,TRUE,1.58222731413157,0.804093033075333,0.00913890156165992,0.00173874562957614,0.00180871815000949,6,8.48820231708185,0.941195678710938,1103.43388956873,3298,7.421,1128.63807594654,1066.69758647169,1114.96600628796
33,TRUE,0.53767380371623,0.850968033075333,0.189175370043508,84.6712874015583,88.078686523888,12,13.071207906634,0.800570678710938,1115.32334476784,232,1.024,1171.044450988,1097.22351026048,1077.70207305503
34,TRUE,0.00858309269878046,0.686905547976494,0.00699485861413479,0.00140115461815482,12.6217864958692,4,2.88446798116571,0.786508178710938,1344.16998272497,5000,13.666,1344.27621991433,1340.98884130643,1347.24488695414
35,TRUE,48.2662855050063,0.561905540525913,0.00168073254040495,0.0443083914928896,0.399135934673022,12,9.1214886583113,0.111508197151124,1679.49628174036,5000,13.812,1692.35184634205,1666.11536100513,1680.02163787389
36,TRUE,0.0302356095559924,0.975968033075333,0.0454552738413707,2.67754120607644,0.00278529291401479,4,41.334788754565,0.125570697151124,1736.13426648487,1476,2.562,1798.30883186476,1738.75558181427,1671.33838577557
37,TRUE,0.127502508287938,0.663468047976494,0.0927308915592333,15.0569207007679,0.0156628546953372,5,7.35048037605512,0.688070678710938,1194.2618039047,487,1.16800000000001,1187.06850399063,1180.61259011293,1215.10431761053
38,TRUE,0.0102746917850673,0.960343033075333,0.0130531124031805,130.387561465267,0.0241196454191652,12,2.01286997830642,0.322445692121983,1118.43314053862,683,4.025,1161.46843916431,1045.97630211312,1147.85468033841
39,TRUE,16.4018893410232,0.890030533075333,0.00140633427034415,68.2316954802529,0.00145754135354007,6,4.44186875776634,0.533383205533028,1252.7393409146,5000,12.925,1298.23281740427,1245.05746069801,1214.92774464151
40,TRUE,82.7978152709928,0.569718040525913,0.132447728274902,0.20078718189759,0.00117454832820212,11,3.09967187310286,0.519320705533028,1342.59081958482,216,1.451,1328.08386879027,1395.40936569247,1304.27922427172
41,TRUE,1.32173343899919,0.780655533075333,0.00240059373539007,590.862140082673,29.9309726147797,11,38.4649987327335,0.730258178710938,1208.66738005454,5000,15.72,1246.59717337822,1189.54244738404,1189.86251940135
42,TRUE,0.770493319412479,0.897843033075333,0.0266289572743178,0.733222839134107,4.28914599963976,2,1.13191994190856,0.209945698827505,2490.68462204167,4998,7.006,2449.99833882325,2515.1919181878,2506.86360911395
43,TRUE,19.6344562019863,0.757218033075333,0.0649238636356417,0.0357055711368224,0.00660497105873366,7,17.4307358877591,0.856820678710938,1120.63634065086,478,1.32400000000001,1127.54687616832,1095.60004348346,1138.76210230081
44,TRUE,5.57370369690592,0.593155540525913,0.00489732428081526,105.071797788055,5.32256323233016,7,6.84015152535932,0.167758198827505,1198.51701864582,4715,17.044,1211.1417010093,1191.96806348368,1192.44129144449
45,TRUE,0.00170027349333449,0.600968040525913,0.0109220469384612,0.0846712525394923,0.088078686523888,7,1.30712074581453,0.350570705533028,1147.25837267418,1812,5.13800000000001,1167.64368008274,1107.98720142644,1166.14423651336
46,TRUE,0.375205224911126,0.616593040525913,0.00107639954576704,0.00977768571827382,0.0101711701371992,4,47.732669394716,0.378695705533028,3317.0256873571,5000,9.662,3387.0411357107,3285.2982516803,3278.73767468029
47,TRUE,0.00349155432013333,0.882218033075333,0.270199580598466,0.00112910948835807,208.867481251963,5,55.1208266981559,0.181820698827505,1592.64471483251,781,2.27,1630.4247192666,1576.76487252721,1570.74455270372
48,TRUE,1.89406063258836,0.671280547976494,0.00409778139263735,0.909883908127096,109.300168024906,7,59.233271873381,0.814633178710938,1322.52382046812,5000,18.029,1355.11896505217,1313.69990223139,1298.7525941208
49,TRUE,0.0192844043243746,0.909561783075333,0.0969565034527295,49.3584102240414,2.50032135164073,9,20.8660730017611,0.652914428710938,1149.77918326063,212,0.850999999999999,1169.27441099265,1148.09087525078,1131.97226353847
50,TRUE,57.7788478556761,0.835343033075333,0.00313641648066121,4.12321672785444,762.730001781019,4,6.36525376522201,0.997445678710938,2520.33769738907,5000,9.374,2551.39153089716,2490.24060127689,2519.38095999315
51,TRUE,0.0813216587429182,0.722061797976494,0.0475266045763236,277.562738146763,14.0603402228337,10,1.17338547407264,0.315414442121983,1106.04100980342,552,2.025,1159.6313188119,1049.15862189236,1109.33308870601
52,TRUE,1.10412661200169,0.632218047976494,0.0155999827111227,1.12910976438839,0.208867481251964,10,5.51208266981559,0.631820678710938,1201.94825927603,997,4.476,1197.33143087551,1156.55984945564,1251.95349749694
53,TRUE,0.0889751499296718,0.929093033075333,0.00219590551186448,0.0549839561216969,57.196681161972,8,2.68420525622974,0.266195692121983,1297.70623373656,5000,16.089,1349.01493870502,1281.58198595018,1262.52177655448
54,TRUE,0.00716999417762837,0.788468033075333,0.00128642224223368,0.476141443585848,0.495302853008685,2,23.2442598847052,0.913070678710938,5612.68462022017,5000,8.12699999999999,5646.20657251871,5453.97237861833,5737.87490952347
55,TRUE,0.00222692865196838,0.940811783075333,0.0332748962367877,0.117047187966201,0.187497650306568,11,27.825355552933,0.596664428710938,1131.48031964095,563,2.095,1181.47631240129,1102.11941525836,1110.8452312632
56,TRUE,0.342930709112602,0.784561783075333,0.0232968193170814,1.56084997992912,0.0790671035353549,6,65.9843165089118,0.427914455533028,1293.56926379,2556,5.564,1293.67549890136,1310.76834344107,1276.26394902758
57,TRUE,0.0210993331000527,0.741593047976494,0.00447975066463404,0.309197507496831,321.640574811132,12,15.0943954087113,0.603695678710938,1344.23064987371,5000,15.187,1385.03922369005,1327.64395123286,1320.00877469823
58,TRUE,0.0147237624833119,0.694718047976494,0.0318246913275154,0.00634944950477207,37.1424741337057,3,9.80202311816544,0.744320678710938,1410.97052868192,4960,8.42,1406.7687878433,1419.74436031567,1406.39843788679
59,TRUE,52.8088095562888,0.503311791457236,0.0678823496993204,0.020814264721298,1.05437677143472,7,4.94812568567929,0.934164428710938,1177.05616240379,625,1.742,1205.68084369841,1143.32788169805,1182.15976181491
60,TRUE,0.00939088025919991,0.628311797976494,0.282512182604079,0.658204707907175,0.0333423210970849,9,1.56473467786498,0.259164442121983,2141.8087867808,35,0.336999999999996,1931.08712304763,2037.89069089302,2456.44854640176
61,TRUE,0.26182959170534,0.819718033075333,0.00764687445716815,200.787264568576,1.174548161964,6,30.9967187310286,0.969320678710938,1165.93016344858,4913,9.041,1189.31594298729,1167.05000857323,1141.42453878521
62,TRUE,12.5229422409077,0.815811783075333,0.138483178667477,0.00370135783889838,5.92919630898524,3,87.9915002512821,0.371664455533028,1636.71887681676,1187,2.406,1627.83432986522,1660.59221636946,1621.73008421558
63,TRUE,1.44612680951069,0.597061790525913,0.197795816586953,8.77730446136674,0.44462699781034,2,3.71057079874009,0.990414428710938,1844.95372604006,3561,4.831,1768.10955172102,1763.7476242053,2003.00400219385
64,TRUE,0.0620895809134171,0.507218041457236,0.00374838133327292,35.7055858380337,6.60496969898722,2,1.74307352896898,0.406820705533028,4560.79480865667,5000,8.1,4595.57093177812,4459.44298429396,4627.37050989792
65,TRUE,40.3198471916557,0.913468033075333,0.00535382143046616,0.0150569176010429,15.6628514708703,11,73.5048037605513,0.238070692121983,1701.07268187386,5000,10.923,1764.59988160828,1658.74944986184,1679.86871415145
66,TRUE,0.00155401885699399,0.800186783075333,0.165503454369057,427.426223117905,0.0091305285540961,3,2.40957651936488,0.399789455533028,1553.17122436611,655,1.342,1549.04018290464,1504.86131386995,1605.61217632374
67,TRUE,13.7015240548376,0.522843042388558,0.00639843733616819,23.1865515878868,135.634705758614,5,35.7944523750781,0.434945705533028,1646.63600738207,5000,15.187,1669.76492462286,1639.71112706827,1630.43197045508
68,TRUE,4.65606331623558,0.944718033075333,0.00183739964473087,6.34945081191527,0.0371424741337058,9,98.0202311816544,0.294320692121983,2138.49568740742,5000,11.196,2204.28847712664,2065.83454460041,2145.36404049519
69,TRUE,36.8516024584183,0.737686797976494,0.0811272782299613,2.40359428729228,51.344724697794,7,42.8490031129983,0.287289442121983,1269.40296152777,1259,2.99300000000001,1287.93551123804,1261.81660201976,1258.45677132552
70,TRUE,1.00915151726238,0.956436783075333,0.23638893344219,0.00569981911855785,0.0038503115693908,8,5.71400639980162,0.568539428710938,1247.60415110205,52,0.349000000000004,1300.2527726524,1193.74122833705,1248.81845231671
71,TRUE,2.2673516301228,0.538468040525913,0.0222814844681418,476.141639629652,495.302853008685,8,2.32442598847052,0.463070705533028,1288.05424597814,4999,15.326,1299.78612228079,1289.46563976446,1274.91097588917
72,TRUE,0.0567487406823451,0.831436783075333,0.0567998027450036,0.180244069549825,121.757530072785,5,1.80692747881518,0.343539455533028,1163.03601007356,1775,3.774,1167.99756926766,1184.84363296784,1136.26682798519
73,TRUE,0.0396010069004217,0.565811790525913,0.0079953314072843,3.70135860088645,0.00592919752961211,8,8.79915002512821,0.821664428710938,1157.37651178215,2577,7.991,1172.67282147652,1125.22045289668,1174.23626097325
74,TRUE,6.09826619084988,0.659561797976494,0.00559778728835701,0.0493583899014951,0.00250032160900776,3,2.08660730017611,0.202914448827505,1929.1752730228,4998,12.518,1941.73887753582,1925.40536361907,1920.38157791352
75,TRUE,0.704216793503425,0.690811797976494,0.00192112727488011,117.047236158553,187.497650306568,5,2.7825355552933,0.146664445474744,3723.66201683447,5000,9.908,3863.22331287565,3585.37633835708,3722.38639927068
76,TRUE,9.56134254465882,0.725968047976494,0.00262436168189267,0.00267754065485873,2.78529262731465,9,4.13347887545649,0.575570678710938,1090.82873242466,4999,19.38,1124.86026431303,1035.73002294345,1111.8959100175
77,TRUE,2.96965759476082,0.878311783075333,0.0163108512401969,658.204978912685,33.3423210970849,4,15.647347315529,0.709164428710938,1221.84850783266,4773,8.79700000000001,1224.81707999224,1237.60964589655,1203.1187976092
78,TRUE,0.00655324346362645,0.612686790525913,0.0194933550128637,76.0083251881274,0.00162366300948744,4,13.550044530472,0.962289428710938,1241.89189990598,4366,7.23999999999999,1244.28935559201,1246.06741043904,1235.3189336869
79,TRUE,8.73889210813897,0.925186783075333,0.0397673589236701,13.516403967359,288.732605280911,11,7.61974999765385,0.624789428710938,1071.99897428055,2207,8.536,1103.38910889734,1066.53397780663,1046.07383613768
80,TRUE,4.25555666259192,0.643936797976494,0.0278424001376152,0.00101358706208359,0.0216518953319764,12,32.1322193101058,0.231039442121983,1266.83079246493,1595,4.13400000000001,1290.27623064452,1266.18893717353,1244.02720957673
81,TRUE,0.00243651339328864,0.647843047976494,0.00153742376106197,733.223141027161,0.00428914644113691,8,11.319199710367,0.659945678710938,1200.38121091031,5000,23.018,1230.74679210114,1169.03508719561,1201.36175343419
82,TRUE,0.116534959211122,0.987686783075333,0.00468388638866386,0.00240359379247123,0.051344724697794,2,4.28490031129983,0.737289428710938,3923.5847012636,5000,7.592,4012.2908529652,3817.80188300799,3940.66136781761
83,TRUE,0.410517218375982,0.682999297976494,0.105994166659896,816.79141264754,2.01486442811291,5,9.45563549957649,0.526351955533028,1204.62641238994,528,1.122,1208.92083448503,1190.06898888643,1214.88941379836
84,TRUE,0.0276347938063609,0.675186797976494,0.00229596973309545,0.0135164011847757,0.288732605280911,6,76.1974999765386,0.174789448827505,2809.28900261618,5000,9.91999999999999,2865.54829744519,2715.76516564485,2846.5535447585
85,TRUE,0.023085071738736,0.557999290525913,0.02546839934821,25.8292123723269,0.063715607692894,8,2.99013449030058,0.751351928710938,1187.72807757008,713,3.24,1188.59101249894,1122.58603571601,1252.00718449528
86,TRUE,0.00319121675129154,0.706436797976494,0.013647923755585,5.69982029196349,3.85031117306449,2,57.1400639980162,0.118539447151124,3640.8619774315,4630,6.68400000000001,3710.57998137281,3524.90309188791,3687.10285903378
87,TRUE,0.491424016878635,0.550186790525913,0.00955534801745372,0.427426047131905,9.1305266744204,8,24.0957651936488,0.849789428710938,1141.16517605278,3349,9.765,1155.78578364708,1114.18339646442,1153.52634804685
88,TRUE,0.00108444191111468,0.534561790525913,0.00134504263329688,0.00156084957826951,79.0671035353549,12,6.59843165089118,0.877914428710938,1807.6808919222,5000,16.935,1846.73679593035,1788.99931707678,1787.30656275946
89,TRUE,0.00291671370970818,0.765030533075333,0.00585287031565471,2.15767566332616,46.0914986802595,9,1.40464218601349,0.758383178710938,1071.72662427578,4816,30.1,1103.21001761559,1036.41243172335,1075.55742348841
90,TRUE,25.7161752965813,0.972061783075333,0.00274395002779742,0.277562623864687,0.0140603431173962,5,11.7338551433289,0.765414428710938,1238.26033132744,5000,15.956,1279.45821155999,1241.83619391635,1193.48658850599
91,TRUE,0.239307455197203,0.518936792388558,0.115874262848219,0.0320524317662077,684.692908130339,4,10.1610999295979,0.906039428710938,1243.24434451571,3801,6.92299999999999,1238.97321468285,1242.71525225441,1248.04456660989
92,TRUE,0.00457305371895154,0.847061783075333,0.0114197487363028,0.00877730265440827,444.62699781034,7,37.1057079874009,0.540414455533028,1280.39416915772,5000,16.838,1315.66880620462,1275.60577304452,1249.90792822404
93,TRUE,0.16699606142159,0.753311783075333,0.0039191896203163,20.8142690062718,0.00105437691727296,12,49.4812568567929,0.484164455533028,1215.52312800093,4999,15.895,1249.83079916919,1198.64840908514,1198.09017574845
94,FALSE,69.5287168521594,1,0.0507491919006714,613.064191174551,1000,11,2.47859157414261,0.958411075872013,1258.24019917472,1480,3.038,1294.47653375072,1252.86537881166,1227.3786849618
95,TRUE,7.30014316904461,0.807999283075333,0.00147041890941471,0.0258292070549411,63.715607692894,2,29.9013449030058,0.301351942121983,5610.14576811761,5000,7.81299999999998,5666.52311010168,5430.83309924775,5733.08109500341
96,FALSE,29.0079670113488,1,0.0629205554482373,0.001,430.051970552413,8,1,1,1103.51002187669,1434,5.823,1151.18185141813,1087.81515584102,1071.53305837091
97,TRUE,75.6756879134117,0.768936783075333,0.00669000482196371,32.0524449632959,0.684692908130339,9,1.01610996354333,0.456039455533028,1088.81510248653,2593,11.031,1117.50699263394,1039.1431457837,1109.79516904195
98,FALSE,0.0639294252707905,0.996883378778444,0.0263437956822459,413.024537828263,1000,11,16.9023215805907,1,1236.6909111104,2350,5.069,1271.55733881137,1229.92307649799,1208.59231802183
99,FALSE,0.001,0.721611128965903,0.032515543546488,0.001,8.74506587032084,9,7.58870732687997,1,1126.00484378267,562,2.831,1151.46672952182,1076.75625772698,1149.79154409922
100,FALSE,2.96968971992117,0.953504616485974,0.0414906279262084,66.6553838812074,376.463241618003,11,3.45809427439021,0.716310379204491,1073.48585753728,2025,6.98,1108.20638719817,1053.42373330217,1058.82745211149
101,FALSE,6.12679782802297,0.871483417228116,0.0146374486139172,0.001,10.9183360923309,10,8.56382551835566,1,1116.83437626331,949,5.03699999999999,1173.32725316602,1059.35590657167,1117.81996905223
102,FALSE,12.211091367918,1,0.0385041135837931,0.798732713735778,0.00163753904971211,7,1,0.735516463480299,1104.15596901689,434,2.26499999999999,1116.6804003877,1056.80391188378,1138.98359477917
103,FALSE,100,1,0.3,1000,271.881444985621,9,100,1,1413.05094451359,72,0.360999999999997,1480.27688243471,1400.15520521999,1358.72074588606
104,FALSE,100,0.885926495243998,0.3,0.00162306862291716,1000,12,100,1,1167.05679902403,1133,4.68899999999999,1202.7595435051,1177.15443293561,1121.25642063137
105,TRUE,0.0134572494570236,0.893936783075333,0.00160748192637075,1.01358730661207,21.6518908745629,6,3.21322193101058,0.681039428710938,1348.85874686233,5000,15.834,1401.69205509829,1337.33617830096,1307.54800718774
106,FALSE,100,1,0.0584613865501452,0.00271124639901858,189.251295862006,12,3.3545780114389,0.496358288789318,1086.96377437318,1401,8.763,1122.15424049015,1081.18185289708,1057.55522973231
107,FALSE,0.0172357779413781,0.773751995413886,0.0222346065768216,3.35776521562536,0.423574661054766,8,8.30255414577326,0.77363243124279,1102.61450386735,823,4.214,1123.85793504023,1054.45527789839,1129.53029866343
108,TRUE,0.0252576958075161,0.858780533075333,0.00200867025139153,0.00511665428000658,0.0194366278326113,11,1.05333304599324,0.702133178710938,1202.6019761056,3974,44.997,1246.60960053682,1107.56591087245,1253.63041690753
109,TRUE,17.9455336475722,0.581436790525913,0.00327933841919529,180.244143762506,0.121757530072785,10,18.0692747881518,0.793539428710938,1142.47733234722,4999,20.555,1168.35463089471,1101.44822835461,1157.62913779234
110,FALSE,100,0.97726347008125,0.0145151812469983,0.00235164646681696,16.0224933933687,11,4.62972996548038,0.461462958337726,1070.99984725237,1772,8.901,1131.4140173165,1032.38078330196,1049.20474113865
111,FALSE,0.001,0.5,0.3,1000,1000,7,1,1,1614.23505325546,141,0.406999999999989,1632.98481573545,1501.28803047074,1708.43231356019
112,FALSE,0.001,1,0.0208640304240041,1000,442.624095582915,12,65.6911013156757,0.1,3192.32135172853,5000,10.823,3238.98451851817,3138.90900396397,3199.07053270346
113,FALSE,64.525004365806,0.782814113102092,0.0326980303819506,1.47545727892762,0.0438256845057271,7,1,0.698518041640002,1104.12606012035,640,3.06,1116.67901142167,1060.71961401458,1134.97955492479
114,FALSE,0.001,0.692278712597919,0.0252279108692825,0.0135174209611541,20.448422352709,9,2.20000343671815,0.867685232886133,1102.12213102883,976,5.707,1127.57930096165,1058.34320803368,1120.44388409115
115,FALSE,100,0.939813582092228,0.0609973217132672,0.001,0.001,7,1,1,1114.76673565747,414,1.709,1149.40372177654,1054.00482838816,1140.89165680771
116,FALSE,0.057054568372118,0.929692143479383,0.0357244961646659,1000,199.728083251295,11,4.33346111868146,0.638210007585394,1138.36237876338,1728,3.78499999999999,1181.66561729065,1131.77169230476,1101.64982669473
117,FALSE,100,0.899737428195005,0.0470557385894045,0.0318292244607743,399.712660183037,11,4.31956849957951,0.377393467136725,1121.89122321883,2767,11.924,1140.06785473741,1126.86698506392,1098.73882985516
118,FALSE,2.83293328111517,0.846867673794321,0.0641540865016381,0.283149835606189,0.5691844076585,8,12.8499896122345,0.785325332011533,1123.31855088344,256,1.37700000000001,1155.51575171344,1104.67936127101,1109.76053966589
119,FALSE,17.6738353448079,0.72487590459063,0.0986597144772261,0.00513503392332399,7.25613476589948,8,9.72058258005617,0.72983025445072,1122.78993081704,284,1.615,1136.00973969316,1078.24205849482,1154.11799426315
120,FALSE,100,0.710365205054752,0.0226688320970807,0.001,0.00113596968419207,7,1.26430922442713,1,1141.99591114879,1259,4.038,1190.29857449143,1085.88783014736,1149.80132880757
121,TRUE,0.00129816917823757,0.932999283075333,0.00611957710560424,0.816791076346569,0.00201486473920873,10,94.556354995765,0.976351928710938,1183.42889753935,4999,17.754,1245.22055920187,1163.74813380029,1141.31799961588
122,FALSE,0.001,0.746419986620516,0.0348315718689145,50.9351877699903,182.290979558984,8,4.07048019742729,0.726738509677762,1079.87502525083,2074,9.878,1121.18195040281,1064.01443914785,1054.42868620183
123,FALSE,5.26213501382409,1,0.0223550390105023,1000,211.494111898215,10,1,0.671024999663166,1146.54576545443,2609,6,1189.22278082872,1141.65305483068,1108.7614607039
124,FALSE,100,1,0.0270745761441351,0.001,0.950592805018163,9,9.34547732451392,0.676238093603419,1088.6053309583,662,2.69500000000001,1152.08090083789,1035.16277064568,1078.57232139133
125,FALSE,100,1,0.0586569831685247,0.001,1000,12,2.93294946637597,1,1112.1436222345,2022,13.562,1162.94137999541,1100.68260454327,1072.80688216481
126,FALSE,100,0.870047205658155,0.0305368124470248,0.133213676306101,1.47801197049032,9,7.76429108874953,0.659447187321038,1089.91109420476,599,2.42600000000001,1137.66117957916,1036.3118079469,1095.76029508823
127,FALSE,0.994057208851422,0.864507270831223,0.0436475439707855,0.0505675498901503,0.175355739494631,8,12.9178212344809,0.789009252850719,1110.52044394493,435,1.626,1147.02635133732,1067.81437639556,1116.72060410191
128,FALSE,81.2754095947034,1,0.0461139775775528,0.001,1000,12,3.21482525661946,0.158817675042164,1395.09771590014,4990,15.987,1410.87952544415,1382.99039416683,1391.42322808945
129,FALSE,59.2384411604626,0.921377735401816,0.024185197643904,0.0020857919467622,3.18746961756635,9,2.44485574153946,0.658746196416603,1087.84986499737,702,3.582,1133.2335137208,1028.45473313525,1101.86134813605
130,FALSE,0.001,0.786400273193145,0.0465169837050888,0.001,1000,12,3.01000064528685,0.1,1739.44480085371,5000,14.998,1758.69672224498,1700.72304952824,1758.91463078792
131,FALSE,1.11991373056169,0.891126054798616,0.0165863656529018,0.14079514089738,0.308490738061743,10,3.28849207224205,0.659884664685325,1119.18856442265,595,3.619,1156.74123490172,1048.52432816973,1152.30013019651
132,FALSE,100,1,0.01758720117681,0.001,0.929895916506186,10,9.5086656985221,0.632068489253952,1089.20561803627,899,4.362,1150.71104986341,1027.7707097707,1089.13509447471
133,FALSE,100,1,0.0322933929920108,0.001,1.97797988389016,9,1,0.726143674012716,1089.75879702008,574,4.126,1141.3110585632,1017.41326702086,1110.55206547617
134,FALSE,26.7448961234848,0.789218900879833,0.0186501552804858,0.00283301126525705,6.40657174844885,8,4.88394028615134,0.963385306295041,1099.51677363423,1128,5.013,1137.39106610939,1040.10469209799,1121.05456269532
135,FALSE,31.9526776288235,1,0.0193177710197418,0.0342735800720612,1.3664743915698,10,12.2114689225092,0.689984798549377,1095.86958289325,765,5.094,1142.75385234701,1037.49183557157,1107.36306076116
136,FALSE,9.10930105201028,0.950674691875918,0.0493727280117822,6.92720566919171,1000,11,4.15562953865633,1,1088.58141682242,2734,17.816,1129.91980377149,1070.78400654043,1065.04044015534
137,FALSE,100,0.97237138763794,0.199442753708406,1000,1000,11,1,0.491840437077729,1320.88676221309,981,1.885,1338.92552735437,1337.8202538325,1285.91450545241
138,FALSE,100,0.814719795352601,0.3,1000,1000,12,1,0.575216087275189,1305.56142868076,945,1.66200000000001,1329.57230768498,1308.42956104348,1278.68241731382
139,FALSE,0.00795541024912516,0.857600234431835,0.0482411380732928,38.2628727649634,0.0165046087052709,7,3.85989903186203,0.81368563659356,1113.97879438527,354,1.834,1142.82209787953,1057.43718608701,1141.67709918926
140,FALSE,100,1,0.0237430253213861,0.0178854981504051,1.11503614476382,10,10.5940869150525,0.656573591168143,1094.88311467011,721,4.529,1136.12668857908,1042.96399338493,1105.55866204632
141,FALSE,0.0676758006959596,0.730618518256446,0.0356648727688472,271.408518499984,15.4924034252215,8,1.20775615024303,0.736731538939143,1089.42045806831,797,2.51300000000001,1121.52775381218,1036.61962270276,1110.11399769
142,FALSE,0.0636532880006073,0.784310383603537,0.0405010016568676,28.3327854788878,0.161302451575702,8,1.70660812927899,0.759440093828258,1138.25270767187,348,1.973,1159.32329763862,1084.13621299429,1171.2986123827
143,FALSE,0.00906861738541113,0.500336958980521,0.141357652756734,0.001,85.0388107009102,11,1,0.701181478158167,1149.51503538681,406,3.29,1170.62116753878,1121.59518794765,1156.32875067399
144,FALSE,0.001,1,0.0303287546517733,0.001,0.001,8,6.56168521670676,1,1145.48983090052,492,1.815,1193.05737027725,1092.08577916941,1151.32634325489
145,FALSE,0.38281737296263,0.790068097330547,0.0332979382178606,0.0584862655493148,0.403727384219273,8,8.32071998383131,0.82269439146131,1105.31028046343,485,1.773,1127.19587923429,1058.35256144152,1130.38240071449
146,FALSE,100,1,0.128921442241403,183.176444596114,1000,11,1,0.496204489401188,1166.80475424322,1625,4.63599999999999,1188.99975752866,1185.1271297628,1126.28737543821
147,TRUE,2.07231789618549,0.862686783075333,0.00112544950793462,0.0760082938928993,1.6236627587933,10,1.35500440655538,0.512289455533028,1151.81508473227,5000,33.171,1199.23679104548,1076.5305576721,1179.67790547924
148,FALSE,100,0.889975791941718,0.0233101966195822,0.001,0.001,8,3.92320247252362,0.731295013540769,1089.36527296451,810,3.035,1135.55828340382,1034.74708382743,1097.79045166229
149,FALSE,0.0496395516124582,0.876372286799943,0.0101013575375303,207.585969370444,249.165846836899,9,1.25017292271165,0.712847391275149,1099.18874440512,4995,14.954,1138.44807739401,1086.32443051467,1072.79372530668
150,FALSE,42.4991447317179,0.842379395333598,0.0246339677840445,0.001,1.33954491324809,8,5.32144101849793,0.875150446661528,1095.17214150352,754,3.09499999999999,1122.66736010539,1046.09869996216,1116.75036444302
151,FALSE,100,0.532355178451305,0.0164225481432907,0.993336424072138,5.98019816625516,11,1.0634244123016,0.445480448643898,1149.29188116728,1807,7.80600000000001,1182.31063812812,1107.37104213425,1158.19396323946
152,FALSE,100,0.978605106052039,0.028512189457983,0.0252754590877711,10.3517707348681,10,5.63840557982271,0.890170880008586,1094.69013282021,683,3.392,1158.50536152042,1030.38072880896,1095.18430813125
153,FALSE,95.0422551474552,0.964923822990454,0.114103106496688,0.506418153201786,629.192176913078,11,5.87646721389772,0.507752669307676,1101.10058486807,1680,8.67,1120.68859760688,1109.52061257195,1073.09254442537
154,FALSE,100,1,0.0195033771709027,0.001,1.24857491715934,9,5.52231230119977,0.863646722384938,1099.8392134607,873,4.498,1151.96626562569,1030.08337300655,1117.46800174987
155,FALSE,1.18905551046237,1,0.0442977918341766,0.249274885216806,6.68020960810913,11,2.44994478339374,0.66263656632652,1121.59787743533,313,2.64100000000001,1184.41567819292,1024.99114108596,1155.38681302712
156,FALSE,100,0.915589513032635,0.0203055791580214,0.001,35.2320196047284,9,4.98772772688227,1,1124.75448574782,927,4.324,1173.42535388912,1076.01614835176,1124.82195500257
157,FALSE,100,1,0.0118115165304634,0.001,0.001,12,5.43761766996789,1,1206.25751052121,870,5.666,1276.82601713221,1096.94149381484,1245.00502061656
158,FALSE,1.59186579813914,1,0.0449138421129991,0.00236275504445562,7.46764638533916,12,1.04788120402333,0.695684523756937,1127.90118914048,272,3.099,1198.87390894369,1034.1114307962,1150.71822768156
159,FALSE,2.90920863621194,0.878167471227977,0.0324904181173164,0.10342526837455,10.9229768256809,11,3.3563311270041,0.6697036562533,1087.41602911591,490,3.26500000000001,1145.70389148575,1002.68570689982,1113.85848896216
160,FALSE,0.00414560561542559,0.785613191731602,0.0384514198233776,869.109473830969,625.017348003654,8,1,0.782991296728144,1227.25322832404,3500,8.32700000000001,1256.48423755273,1230.42666696478,1194.84878045462
161,FALSE,0.001,0.76750210987661,0.0107326778805652,1.07178387288553,0.0115371596686064,9,40.6786416059326,0.598739104555037,1148.55568226066,2384,7.99400000000001,1174.66764729263,1139.50714698106,1131.49225250828
162,FALSE,100,0.927627648352653,0.0281375772644175,0.124804386888541,7.86562353189072,11,5.17529381119528,0.96013792321463,1110.10551506653,604,5.37000000000001,1171.84453441419,1035.82014789566,1122.65186288974
163,FALSE,0.0171150227928735,0.758847386519861,0.00485017475350414,8.768557319599,0.0190548264428254,9,4.33106941790149,0.679671344400335,1116.26348590438,2445,11.155,1141.68812078278,1066.01596017109,1141.08637675927
164,FALSE,100,1,0.0165280999582712,0.00100635721773952,10.2774572214071,9,4.37134731679008,0.843850533502546,1091.84549503733,1057,7.24,1155.41509164167,1037.36227891627,1082.75911455405
165,FALSE,12.4415003572997,1,0.0409777045840778,0.13542016186119,8.64927627065017,12,1,0.701627594940307,1132.90637015665,341,5.51199999999999,1199.8941141026,1040.30707141264,1158.51792495471
166,FALSE,38.2070381461116,0.931046631288758,0.0213536995043384,4.57609270103084,1.49461000836804,8,1,0.561759028368932,1088.96292063168,813,3.46499999999999,1121.01539227298,1038.67631689519,1107.19705272688
167,FALSE,100,1,0.043320700402611,0.001,0.132451327681382,8,4.17324157053043,0.614273051856711,1087.32574700231,393,1.67,1137.9618666309,1031.15496542186,1092.86040895417
168,FALSE,100,1,0.0249257177513456,0.299041547053958,7.51360537176885,8,3.51436507040573,0.539512035116144,1078.97222807731,795,2.953,1129.76487853708,1041.32026829484,1065.83153740001
169,FALSE,7.48567585650977,1,0.0241545756886655,0.00126697991614565,0.00173413139410202,12,1.39124440171587,0.524725328709384,1203.26661782352,369,5.90299999999999,1271.48200018272,1095.85822888976,1242.45962439807
170,FALSE,100,1,0.0278232569845597,1000,8.15065677370188,8,5.06409804946765,0.621580751684765,1114.15541557097,977,3.31699999999999,1184.6679128382,1072.63187570779,1085.16645816691
171,FALSE,100,0.93012935513072,0.0391906003685819,17.8668709067377,6.8566933514194,10,6.50451519594312,0.653525034135383,1076.56793484559,489,2.06800000000001,1133.69961196019,1020.39213562689,1075.61205694969
172,FALSE,100,1,0.0296957602459597,0.001,0.001,8,5.43344325656069,0.574630107247683,1097.89008155258,544,3.08299999999997,1129.3027909026,1054.797680994,1109.56977276116
173,FALSE,19.2324618989207,0.858598340972068,0.0378461241762432,0.34609047713116,19.5394634319734,10,5.73642329148587,0.604053780601807,1077.39184421915,612,2.74499999999999,1136.69766116965,1017.34020387427,1078.13766761352
174,FALSE,0.001,0.837110446110362,0.0481161741399152,0.001,1000,7,3.12501807538071,1,1111.72763756975,3441,12.542,1133.18338563555,1118.84674498788,1083.15278208582
175,FALSE,0.001,0.843416375641686,0.0360971332129302,1000,94.7886391272256,9,13.4108803218108,0.684079189320888,1128.85902561677,1540,3.12600000000001,1175.39229464579,1107.25861253073,1103.92616967379
176,FALSE,0.00207758365973768,0.770936774616057,0.0256383786786278,19.1372733254558,65.6161890919048,9,5.2370941477038,0.720395047064445,1066.76830031272,1537,5.80699999999997,1103.96847340427,1039.26080031224,1057.07562722165
177,FALSE,8.95072712590745,0.892832846429486,0.0306456138310893,0.0500565904632201,0.00687712084576504,9,4.51737829969306,0.704111398917518,1109.22400244648,439,2.175,1148.82462570015,1042.24462851284,1136.60275312646
178,FALSE,0.001,0.5,0.00418581201526178,0.00386586328015788,1.28396804027091,9,1.0003234606225,0.682568539436458,1207.45909035044,3965,17.399,1211.57703704248,1157.23466089857,1253.56557311027
179,FALSE,100,1,0.3,0.001,0.00251108781783298,10,100,0.759980675927911,1281.37870487197,224,1.19199999999998,1332.61638479004,1275.49047422563,1236.02925560025
180,FALSE,99.4164594736014,0.991631411751671,0.0210974396261069,0.001,334.776250797004,9,5.2398486482831,1,1096.04280208779,3179,12.649,1159.9169181537,1054.43026043605,1073.78122767361
181,FALSE,0.001,1,0.152794305808653,0.001,0.0973617456009721,7,1,1,1199.91841266931,112,0.560000000000002,1197.66447859458,1160.15789429389,1241.93286511947
182,FALSE,20.8109116256769,0.975093652537195,0.0299430505101113,0.121396414533428,58.0643962146313,11,5.47414026624151,0.602795417502314,1064.53389658357,1097,5.86700000000002,1118.76211903692,1040.92323002841,1033.91634068539
183,FALSE,14.020796699931,0.821960672094952,0.0228278709827056,0.00225868480298448,0.206186701218367,9,1.94711959274323,0.814801810856726,1147.52188901361,582,3.17400000000001,1162.00070630982,1068.15741898641,1212.40754174459
184,FALSE,100,0.886526099932557,0.0290879144182113,5.28924197290771,13.7808638028497,9,4.3798367109286,0.554334607774394,1073.50498256292,849,5.57899999999999,1124.97657456622,1038.96350720415,1056.57486591839
185,FALSE,4.49693888561732,0.815937693429403,0.0211733866122529,13.2815570306227,85.549601083817,9,2.03125945444621,0.734073044894776,1062.23776374785,1885,7.70700000000001,1100.15289473645,1031.47468585765,1055.08571064944
186,FALSE,100,1,0.0246376084719527,0.001,6.44378837018784,8,1,0.518526922272088,1072.45318827138,931,6.17300000000002,1127.23197953645,1026.60034049824,1063.52724477946
187,FALSE,0.117404774184497,1,0.0232555381188223,0.0520724224806486,0.397972783472838,8,1,1,1207.49491360996,565,2.46199999999999,1243.08585531375,1140.03726381082,1239.36162170529
188,FALSE,100,1,0.0349925466064855,0.0317927310794479,2.32210314973802,9,2.0482048014459,0.632197239872383,1097.05100908836,511,2.324,1137.95308033241,1038.67727277379,1114.52267415888
189,FALSE,0.983029573930472,0.781213016780979,0.0131443286053174,0.0370825007678865,0.0365970652643826,8,1,0.973894126913199,1145.9656139024,1132,4.73299999999999,1163.36007514814,1085.89742506802,1188.63934149105
190,FALSE,0.022185329231974,1,0.0304322347571435,5.79156798270642,1.71699880180467,9,5.61918477624586,0.720284865878874,1101.64855181756,393,1.86900000000001,1149.30766164583,1028.10015818932,1127.53783561754
191,FALSE,34.2255233234863,1,0.0264569592970316,25.171949643669,2.80052710679265,11,1.3174399004264,0.795645179399752,1160.0144334598,480,3.02,1222.06082708871,1053.35765141188,1204.6248218788
192,FALSE,0.001,1,0.0131868360694526,1000,0.122509609095932,7,1,1,1226.34125811535,570,2.69999999999999,1264.04433300043,1193.48330512174,1221.49613622388
193,FALSE,100,0.840135539820394,0.0255338461479361,1.07621933762214,26.628188208492,9,3.93508445947593,0.526012577494071,1074.7147847462,1412,8.49099999999999,1109.79672158277,1051.75054348479,1062.59708917103
194,FALSE,0.00155948097865962,1,0.0276982697818558,1.16255792643936,1.13105875133901,9,5.25796132062318,0.695805715217409,1107.48756769472,416,1.90300000000002,1154.8108134046,1037.83135520326,1129.8205344763
195,FALSE,1.8506835825072,1,0.0326882801372968,0.69794919732359,0.40539871736294,8,5.60918311638,0.759591851449611,1101.55165937156,423,1.73099999999998,1160.88617219901,1035.40703319315,1108.36177272253
196,FALSE,0.0557010205867286,1,0.0255347709999408,2.14589546074117,0.432929307245365,9,7.48194326373079,0.69963978672646,1098.8214624218,511,2.15100000000002,1156.16711364686,1026.61783589038,1113.67943772816
197,FALSE,100,1,0.0115943336260485,1000,0.0357839135720809,8,1,1,1206.88269978504,1829,5.63399999999999,1255.76952626745,1145.82794974378,1219.05062334388
198,FALSE,0.0766260337627448,1,0.0309157906750226,0.0562795016334003,8.59738970955168,9,7.56883292797277,0.683144547452091,1084.12982601193,512,3.71900000000001,1137.01027563921,1019.97269307644,1095.40650932013
199,FALSE,0.0277512679476111,1,0.0252739213735561,2.63247702059794,1.51632670765965,9,3.96905176872405,0.706446036704287,1113.10199495986,471,3.85699999999997,1152.46788633432,1030.26617144292,1156.57192710233
200,FALSE,0.269538789662876,0.981864719737483,0.0297810417406389,0.258290076361702,10.1483626974181,9,7.57491762342025,0.663454566530821,1079.98089455188,649,3.18000000000001,1136.92110314853,1022.15071740895,1080.87086309817
201,FALSE,0.0171189336065714,1,0.0282066247801526,0.00239567920523243,7.95383249231068,9,6.98821707969193,0.692807763122825,1082.51654158926,550,3.78099999999999,1128.87234043805,1029.38312202472,1089.29416230502
202,FALSE,100,1,0.0129400037094378,1000,0.001,11,1.17116649388404,0.712945474257967,1182.85086943116,1364,5.25200000000001,1257.34919381892,1085.43121728319,1205.77219719137
203,FALSE,0.00148061905525041,1,0.0101975502237611,1000,0.001,10,5.62998364799118,0.648980932263459,1137.4045960954,1400,5.111,1199.10922541111,1064.86654211164,1148.23802076344
204,FALSE,100,0.938453207872593,0.0358174407637081,0.00136020918796142,10.9011049590767,9,1.02596153036946,0.617734875192669,1085.59191206018,648,2.895,1134.01654069568,1026.40218867475,1096.3570068101
205,FALSE,3.19630892916768,0.840541742404804,0.0406317551100235,0.001,58.3721459491898,8,1,0.627036935085887,1066.56348572809,978,4.297,1087.66795486479,1044.48527524099,1067.53722707851
206,FALSE,100,0.926754817083362,0.0459193128791583,0.001,6.56540548000146,7,1,0.647260993081804,1082.71495687567,633,1.99099999999999,1102.70548855408,1046.37167400359,1099.06770806936
207,FALSE,100,0.940032401792715,0.0344133624367703,0.001,19.8057073283338,8,2.04885733691306,0.67781407471212,1070.39944672875,901,3.26900000000001,1124.54878277526,1027.93774481661,1058.71181259438
208,FALSE,62.5073447630987,0.910206369157521,0.0477314931773808,0.001,120.829022967327,7,1,0.71567948231774,1083.06064222979,1369,4.65300000000002,1123.25144656728,1070.87781981855,1055.05266030356
209,FALSE,0.001,0.800403384260915,0.3,0.001,0.001,5,1,1,1262.89999964908,168,0.701000000000022,1267.76665022521,1261.51340165196,1259.41994707009
210,FALSE,0.393846304917171,0.877554903746787,0.0298716309191816,0.359270281438675,141.240981556294,9,5.87348728213029,0.674698449630271,1057.24743894387,1739,8.486,1100.63250372031,1040.91376829766,1030.19604481364
211,FALSE,0.001,1,0.00390328751571393,1000,0.792772496070033,11,1,0.959837156997076,1327.43265225934,2522,11.719,1411.24094861647,1218.71934888374,1352.33765927779
212,FALSE,18.3071665915193,1,0.0328516042782599,2.98712095821005,5.60580719793878,10,4.79493777356904,0.487071156112798,1089.11031109632,444,2.23399999999999,1135.60432619078,1042.02781622419,1089.698790874
213,FALSE,100,1,0.0367557497425609,3.45822018088451,4.62489659717573,11,6.49506178129075,0.529435857524018,1080.87626223762,532,2.57400000000001,1145.75463792771,1033.14943864268,1063.72471014248
214,FALSE,100,1,0.0162728957459848,0.001,494.287984570017,10,6.56382571532994,1,1114.16163312987,4360,26.202,1174.10648606324,1090.43947830693,1077.93893501944
215,FALSE,100,0.974375909591817,0.0193340591944924,1000,6.408087428702,11,6.80915762622752,0.429443941280901,1117.80215995642,1044,2.93000000000001,1182.62052747459,1074.26134522936,1096.52460716532
216,FALSE,2.42711081461738,0.926897601517034,0.0389252293590275,0.074894202317559,10.8294703193522,9,4.40012217283526,0.6373085550412,1088.27134257906,438,2.039,1128.90869011536,1040.12833290594,1095.77700471588
217,FALSE,44.0806909829125,1,0.047806177926254,0.001,6.95471673908782,8,2.68279628985922,0.649362286890393,1090.73912010883,406,1.761,1148.12711577218,1024.67074141681,1099.41950313749
218,FALSE,25.149415387084,0.781986534121852,0.0206063690524343,7.55382316921348,86.1859699750733,9,1.03110997151745,0.740627491100817,1072.53226973928,2085,8.69799999999999,1103.36308974411,1046.43403862856,1067.79968084515
219,FALSE,100,0.804796611228478,0.0202046335830843,10.817527244918,10.170213213352,9,4.01324967308798,0.735846252278667,1078.36824366001,1185,4.71199999999999,1127.70234005123,1029.3085639907,1078.09382693808
220,FALSE,100,1,0.0193541846515182,690.912839020596,12.2993917876408,12,7.93800600303161,0.471195368292811,1112.98563446065,1123,4.30000000000001,1187.85545922542,1079.46363736196,1071.63780679456
221,FALSE,2.58670679031816,1,0.0144277858236119,84.1226128120521,3.90951722545014,10,4.56949065820857,0.632594407055636,1097.06630470283,880,5.03099999999999,1161.36080690597,1005.79601114469,1124.04209605782
222,FALSE,100,1,0.0203349115803654,0.314479583098411,5.90274881322672,11,4.48420678963572,0.4937075209085,1081.37522615145,838,6.77999999999999,1144.57056764753,1035.50196366008,1064.05314714674
223,FALSE,100,0.829667888321463,0.024326429003585,6.71325270722521,17.0675466826661,10,3.01363343477859,0.652724165087984,1078.55464787392,1008,6.979,1127.72661892698,1025.01323716629,1082.92408752847
224,FALSE,17.8586289193902,0.771649379061327,0.0178213353088922,13.9087816074204,127.450396920409,9,1.67292208067764,0.804768622374312,1074.20615571624,3036,11.645,1103.06670685635,1053.00127188687,1066.55048840551
225,FALSE,64.6885301076198,1,0.0184289366432815,1.69171909629891,5.26077966245744,10,4.91794216795551,0.477884733565688,1072.10270560196,1046,7.458,1123.1621821,1020.05089403932,1073.09504066655
226,FALSE,3.4233589267737,0.7344881626493,0.0391339218724809,0.001,1000,12,7.49177150077455,0.781910355638506,1087.13990753513,4778,26.126,1111.42982778039,1080.65546677126,1069.33442805375
227,FALSE,0.001,1,0.106566166748057,49.475777781621,48.8388625870224,12,1.26601447508183,0.992149709234683,1117.15228364236,243,1.66700000000002,1188.43082642833,1040.65062423313,1122.37540026562
228,FALSE,3.40188888805969,0.948961833184399,0.0392626484090835,0.0018941257423851,2.68912250418311,8,4.53545687433749,0.745191511047059,1091.4946942177,408,1.76199999999999,1141.42485782836,1033.77921507594,1099.2800097488
229,FALSE,17.7104855192928,1,0.0323381223902966,0.001,0.702399899332236,8,1.71925939093529,0.664713492887189,1099.90998452786,404,2.17999999999999,1134.98193627086,1043.83194921821,1120.91606809453
230,FALSE,0.001,1,0.0460841515885052,0.001,1000,8,5.55234951544048,0.702077275704954,1082.02185893997,3884,18.447,1105.47369635201,1084.26970057571,1056.3221798922
231,FALSE,23.3821706545003,0.949099881724596,0.0414899207549353,0.00221098422266994,4.96084621710096,8,1.92114467126135,0.704763298237767,1097.34809381221,446,2.19199999999998,1141.26857331242,1043.87085370511,1106.9048544191
232,FALSE,100,1,0.0334826059194607,0.001,0.0411658089107254,8,1,0.672245868709478,1084.08242540573,574,3.36099999999999,1119.16064805222,1024.32402748583,1108.76260067913
233,FALSE,100,0.809117081407096,0.0832079625736017,0.001,50.1364419098681,9,1,0.70043124386356,1085.52334355879,475,2.57500000000002,1115.30023323093,1053.32471542374,1087.9450820217
234,FALSE,5.85817525120534,0.952540587584229,0.0475303141663488,0.0112591602484348,26.198617374113,8,2.55042288499499,0.748539693386576,1078.60908980539,558,2.47900000000001,1128.45513740202,1035.327792152,1072.04433986215
235,FALSE,0.473314859843309,0.892978578187848,0.0574337082713788,0.001,23.5377900924457,9,1.34790031160328,0.882708891945284,1090.08184917769,411,2.035,1133.72100668771,1035.49616758488,1101.02837326048
236,FALSE,100,0.5,0.163706447256059,0.001,85.8815557325152,12,7.53228106566495,1,1138.01315603468,384,1.61699999999999,1169.15537249765,1107.3333460988,1137.5507495076
237,FALSE,100,1,0.0467747735097789,0.001,0.600387614077166,7,1,0.697654644784055,1090.71532706889,474,2.55800000000001,1130.79176704066,1046.05767294592,1095.29654122009
238,FALSE,27.1085036433194,0.927963558535433,0.0373718679006968,0.158496983505514,32.9005833671547,9,4.45382402771131,0.622199058335564,1068.52399877179,711,2.905,1114.60435816739,1035.29023228584,1055.67740586215
239,FALSE,0.144640949101149,0.877305737587385,0.0494425163821138,0.441666846057495,66.6856526269224,9,1,1,1097.57755215601,889,4.53200000000001,1139.04182884289,1049.37175644915,1104.31907117599
240,FALSE,1.82479594123831,0.91376185973699,0.0520742827228526,0.001,49.6214787919344,9,8.50253091121246,0.768172838905648,1063.53663344019,634,4.26899999999999,1108.0168096948,1020.50130751775,1062.09178310801
241,FALSE,12.9155769303836,1,0.0497146830018461,0.00542281153755914,19.9652670578639,8,2.87067654946493,0.7279579706414,1073.50976966663,563,3.86999999999998,1128.44860376317,1031.67049311576,1060.41021212095
242,FALSE,32.3954933473195,0.782079335432623,0.0169033832218249,9.51230747973118,147.805683437384,9,1.96268060731701,0.68689938882732,1077.20591035404,3399,18.11,1111.13557243695,1058.48691722124,1061.99524140394
243,FALSE,100,0.866870960544134,0.0482504758706138,0.321903159569875,35.936822734376,9,3.64721924507689,0.737736738942749,1076.18910552849,749,5.52300000000001,1132.63918676041,1020.04914715282,1075.87898267225
244,FALSE,14.9362097695223,0.8580697064713,0.0321847811771731,0.242781148759266,30.0129967920369,9,4.88008176414093,0.727206452298684,1071.83362790878,844,4.11699999999999,1113.60774250114,1029.26453187009,1072.62860935512
245,FALSE,100,0.838328620344419,0.0617244778745245,0.001,73.6166910903346,10,9.12651564309921,0.729414520863249,1075.7990485019,842,3.47099999999998,1117.87190891712,1052.89390285542,1056.63133373317
246,FALSE,0.358721546105683,0.855849887261233,0.050209053739498,0.0234089530799645,72.9983520213452,9,4.110678843432,0.898245284598092,1071.43411719588,817,3.455,1105.54216006508,1041.37712137993,1067.38307014262
247,FALSE,98.9332070868342,0.865317565168438,0.0309864910256712,0.162436056403588,7.25281723047008,9,5.28935583455928,0.630004509139651,1078.24728085281,691,4.93599999999998,1143.90443622337,1022.12523550972,1068.71217082533
248,FALSE,100,1,0.0173670911134196,1000,0.001,9,8.41825263435643,0.589186088289232,1111.32854442801,1337,3.01699999999998,1164.82973177881,1064.44709374476,1104.70880776047
249,FALSE,26.723213710383,0.683665707467685,0.00297740960216237,63.6222786136304,223.478888905361,9,1,1,1316.85767441805,5000,19.885,1358.72173613951,1285.43703587083,1306.4142512438
250,FALSE,0.001,1,0.0311318990112799,0.001,1000,9,2.42555321462737,0.591170274348722,1101.26301317507,4999,25.824,1127.42534391907,1103.21951689679,1073.14417870935
251,FALSE,16.9608674866813,1,0.0209454374731371,2.026238175941,0.0438552767585623,9,4.34961423188655,0.629915198515407,1104.17102463232,549,2.59,1146.88937463704,1043.53940347421,1122.08429578571
252,FALSE,0.117579072696436,0.962294806850917,0.00802287451145469,0.001,0.0872720617624038,9,1,0.624435813566919,1138.54738242505,1311,11.647,1165.25890938855,1062.05901595317,1188.32422193342
253,FALSE,100,1,0.0225327873751214,0.6665439188382,0.261628382870811,8,2.65242079825227,0.580062034984815,1074.33725516373,737,2.87400000000001,1130.5494926419,1012.62118847201,1079.84108437728
254,FALSE,100,1,0.0215599148497707,0.0162746706471512,1.13414932037822,8,2.94491650560176,0.576235697541871,1079.64842188116,835,3.08400000000003,1136.65968853336,1016.38796836867,1085.89760874144
255,FALSE,0.792993113125709,0.834490382435215,0.0254851342299609,1.77052923641961,159.42753199307,9,1.7120145822293,0.690949730989237,1066.95190418434,2401,11.33,1104.84213097416,1041.95324792131,1054.06033365754
256,FALSE,100,1,0.0179643081462314,10.4922118450405,0.001,8,6.70965072055362,0.595152972188455,1077.84743759011,955,5.75200000000001,1136.85450789914,1027.33680352868,1069.35100134251
257,FALSE,100,1,0.016472321432828,42.6795929141126,0.001,9,5.32622803736088,0.547642671621345,1080.87878699448,1027,4.393,1143.14377819896,1019.42324083199,1080.06934195249
258,FALSE,100,0.919960551062336,0.0205530514708038,1.88517960625784,10.3763928816219,10,6.70298255040942,0.621326206047805,1079.49648653341,1084,7.33,1127.06719589078,1042.11893171483,1069.30333199462
259,FALSE,48.4169187201208,1,0.0260097579137426,0.00580568601283536,1.16896340962918,8,2.34701671025507,0.610516976580401,1087.43792246694,567,2.94800000000002,1124.11809846774,1045.19194948949,1093.00371944359
260,FALSE,100,1,0.0287886392474856,1000,0.001,12,100,0.818993990647316,1257.12802768383,1606,4.35299999999999,1330.35072971958,1225.17160011286,1215.86175321906
261,FALSE,100,0.973587216121872,0.0187591143194011,0.659702918945427,0.192055542589732,9,4.91362023237311,0.59947449956512,1078.25320418026,872,5.80199999999999,1128.59430478082,1017.8891020304,1088.27620572956
262,FALSE,100,1,0.0330234305277972,0.0235753474253268,3.72099168524088,8,3.48890175294295,0.63461044118454,1080.45139050201,643,4.78699999999999,1127.76370937343,1039.59247920427,1073.99798292832
263,FALSE,7.67670426487207,0.919069167650752,0.048023090167909,0.00352851221887027,31.9735133162568,8,3.30151941817529,0.784267066384155,1076.64430312299,624,3.03000000000003,1127.76559406919,1032.39634951934,1069.77096578044
264,FALSE,7.05692502993026,0.946956226049459,0.0288265251979893,0.00393168988976081,10.1104299084181,8,1.0989160195339,0.657725373334626,1067.06215041391,792,3.66599999999998,1106.9929765944,1014.10651090925,1080.08696373808
265,FALSE,19.3393294241925,0.974384347831817,0.0398296768784132,0.00122542874662912,16.6053577421818,8,1.24233796140535,0.710667526238859,1074.0538449424,682,3.56500000000001,1111.00861552446,1024.44327522404,1086.70964407871
266,FALSE,100,0.899081750040052,0.0470833012970496,0.001,21.5285018404249,8,1.39448629296816,0.677024286389057,1074.91782582447,653,3.45400000000002,1134.14037752441,1029.84662605826,1060.76647389073
267,FALSE,0.52811562936926,0.886964898547358,0.053155744094597,0.001,40.327978252104,9,3.33231656628819,0.766290130348654,1075.01343536316,505,2.80799999999998,1115.59598702285,1041.15500465987,1068.28931440675
268,FALSE,1.04472291145454,0.881367998296865,0.0455345075284679,0.001,42.5637355126436,9,3.24058172572894,0.718130809141142,1070.78913501799,613,2.694,1119.99891797877,1034.64679748294,1057.72168959227
269,FALSE,7.06030270095045,0.858239648489866,0.0628185436701794,0.001,40.8875409531064,9,4.82337603473209,0.754169338439285,1071.45723730294,439,2.13,1129.63347863134,1030.7191312054,1054.01910207207
270,FALSE,0.485330182399293,0.906766004113394,0.0565328165694977,0.001,54.9288941719142,9,3.66401348928534,0.750780759451862,1063.87182938814,573,2.767,1124.39913042164,1024.66509120609,1042.55126653668
271,FALSE,0.724207807962091,0.856485577656897,0.0469153752876542,0.001,52.4299252281736,9,2.37385666220321,0.729704295519454,1070.83414852597,680,3.443,1113.68933272089,1036.55813055464,1062.25498230238
272,FALSE,5.89169710058813,1,0.032138035170823,0.001,8.33136260906193,8,1.65492226240782,0.671027124633162,1076.65892230347,640,5.78100000000001,1126.63359915101,1019.49529189948,1083.84787585993
273,FALSE,0.263717771261876,0.925325278526736,0.0460867900721373,0.001,58.6108952026489,9,2.75750131100253,0.672105287835107,1059.66785529344,789,3.79500000000002,1097.80823856845,1035.1253330265,1046.06999428536
274,FALSE,0.630077145320242,0.911846102369947,0.0736773771305853,0.001,55.781933980605,9,3.8784139459696,0.784710318195034,1074.36281217108,454,4.307,1114.18508095121,1039.33256911686,1069.57078644517
275,FALSE,2.38276057701027,0.870447191685727,0.0428848551589196,0.0604869460986007,40.1170039043511,9,3.81715885079186,0.735586117179284,1063.41212205401,683,4.04299999999999,1105.36501888942,1034.92492732399,1049.94641994862
276,FALSE,0.663269406173442,0.881546005719238,0.0427700114141102,0.00778708105445522,59.3876209328151,9,2.68246735100229,0.712820649216429,1064.43900419156,754,6.38599999999998,1102.18430319009,1029.07920632408,1062.05350306051
277,FALSE,1.36615868093459,0.873549148085357,0.0423700465371783,0.0172108459188889,80.4933256571064,10,6.32948193312983,0.709996728221728,1068.59412916035,894,4.47499999999999,1126.17465686341,1036.64831061624,1042.95942000139
278,FALSE,100,0.92379069063,0.0203230849879256,2.05017434134106,5.72224892844589,9,5.72765683842297,0.633682284172634,1086.51938535008,970,4.07000000000002,1134.89341316844,1042.68161095777,1081.98313192402
279,FALSE,100,1,0.0486432323123534,0.001,1000,12,14.6588516834571,0.734714918648499,1091.77819389381,3945,19.802,1119.61749477253,1094.59086031622,1061.1262265927
280,FALSE,13.2328889797929,0.789119921388256,0.0171559499637296,9.37547484095965,323.479103671757,10,1.95135752628417,0.670847008147373,1075.21485542881,4998,36.279,1107.28594948831,1066.11263141154,1052.24598538659
281,FALSE,100,0.980451277587827,0.0194584591676956,0.793766669783047,6.48567250438159,9,4.34087404978984,0.641302504859964,1073.10374399736,1011,4.52800000000001,1129.87146995902,1024.27425699372,1065.16550503934
282,FALSE,100,0.946130775173509,0.0229927336118011,1.58882198748994,31.7660485619594,9,5.94909662431051,0.66958074586952,1068.57023198608,1354,7.62600000000002,1128.74511260841,1030.38272430209,1046.58285904773
283,FALSE,100,1,0.0186334620483003,0.32883333463159,4.75910412464325,8,3.00610881966414,0.612581026520983,1080.09668017799,1167,4.41600000000001,1131.64235650814,1033.76421706628,1074.88346695956
284,FALSE,100,0.954229423887963,0.0195274516567427,0.612558938198386,5.54603062794916,8,2.90649655972707,0.619928468815759,1077.91486589387,1065,3.77800000000002,1123.89834201505,1037.88813732415,1071.9581183424
285,FALSE,100,1,0.0174110537027176,0.462454457795059,6.55400413778398,8,1.71253080622744,0.590076469550124,1066.79310267347,1285,5.05800000000001,1118.59839128137,1024.3479430355,1057.43297370354
286,FALSE,0.351170168867181,0.943435821623872,0.0466396743022814,0.001,22.8924841146073,9,1,0.684382270702731,1072.62405515038,453,2.64600000000002,1112.76847358056,1027.36055740637,1077.74313446421
287,FALSE,0.001,1,0.0454567136255996,0.001,29.3581936116194,8,1,0.656635329367912,1071.53174270171,645,3.22800000000002,1121.69201803916,1028.75874551524,1064.14446455073
288,FALSE,100,0.841643035808421,0.0202764396632788,0.852390950026227,20.6639233497711,9,4.54799296622542,0.618840100942368,1078.95475939511,1467,7.52499999999999,1125.45508959518,1038.78667368882,1072.62251490134
289,FALSE,100,1,0.0219064854750418,0.001,7.13083569714813,9,1,0.534177808685464,1080.89005966214,1020,5.06699999999999,1131.37003508435,1032.80888772601,1078.49125617607
290,FALSE,100,1,0.0185535510136875,0.588854917966442,60.8355338929818,8,3.75597568559373,0.663326001092439,1071.49175204542,2184,8.72000000000001,1122.19466172898,1051.22477231116,1041.05582209612
291,FALSE,100,0.902817556865791,0.0191049420253322,0.132545085725567,15.5585246924218,8,2.97346981054465,0.609691728473328,1071.31475730149,1291,7.529,1124.04336754716,1035.22467067011,1054.6762336872
292,FALSE,100,1,0.0199013836843578,0.758501277569799,20.9730393231951,8,3.40303947871444,0.635463119953245,1070.45683163887,1564,6.37900000000001,1131.40856856608,1035.59989784985,1044.36202850068
293,FALSE,0.941630422381211,0.840683947943815,0.0296793532126008,0.191389684599811,70.4909620702141,10,4.45419368867933,0.722959637874392,1064.16373216843,1296,9.202,1104.32410093343,1033.90843838597,1054.25865718588
294,FALSE,0.0597003440059739,0.962519854716729,0.0672559374250623,0.001,57.7321722765137,9,1.41080660194922,0.704686848338791,1070.60953080273,490,3.31399999999999,1106.30580938071,1034.38090553145,1071.14187749604
295,FALSE,0.125084820793184,0.969736600568504,0.0610915164925246,0.001,30.4010869279807,9,1,0.702629329484095,1083.46443576726,423,4.05399999999999,1139.39982649069,1036.65678101539,1074.33669979569
296,FALSE,100,0.986864155967884,0.0216680125587793,0.001,4.19923625711062,8,1,0.592488869237413,1075.73950881983,995,7.227,1117.6215425767,1034.38374005282,1075.21324382997
297,FALSE,0.270889086857647,0.914851357886983,0.0589468883243051,0.001,48.6703062727656,9,1,0.688604645680143,1079.48354199679,555,5.05000000000001,1115.86160585735,1045.76751752191,1076.82150261111
298,FALSE,7.23872720378576,0.890763188636125,0.061063481776842,0.001,27.6036869715238,10,5.82435999714868,0.774217577787873,1082.45124192313,421,2.098,1143.78625612549,1023.1700969212,1080.39737272271
299,FALSE,12.781752580272,0.871394781020284,0.0655864314429607,0.001,28.0038897633599,10,5.74955277758653,0.781378169168672,1084.52828766684,349,2.44900000000001,1135.15170801241,1038.86564639308,1079.56750859504
300,FALSE,100,0.78321776549085,0.0308481514426019,1.30463515838695,1000,9,6.10493664624337,0.713417104890224,1128.09329591568,5000,17.638,1150.33324120432,1131.23122616927,1102.71542037346
301,FALSE,100,0.5,0.0150854679080451,1000,0.001,9,1,0.1,1328.48580108808,1824,4.618,1361.97346377233,1329.92992445989,1293.554015032
302,FALSE,1.40712666171261,0.820888216505237,0.0351392750880572,22.4615492563244,15.1515343588582,10,2.76519158673213,0.643309206890449,1085.19334146241,563,3.73900000000002,1122.13675243484,1031.8401476974,1101.603124255
303,FALSE,100,0.82868553953542,0.0586538588021013,0.001,17.5889990313785,10,6.06994293393809,0.748878421433814,1088.44937785108,498,3.887,1133.85975115116,1031.67580991113,1099.81257249095
304,FALSE,35.326016643956,0.854523586691747,0.0459417316668864,0.0094434496224742,4.1301637010534,9,5.8373121921062,0.762260418416804,1095.2665496573,359,3.55200000000004,1134.21185487466,1038.9439608211,1112.64383327613
305,FALSE,0.001,1,0.083757287585881,0.001,87.440948493788,12,94.3673589120368,1,1152.00413176386,826,3.40499999999999,1219.49569617291,1137.26794140698,1099.24875771169
306,FALSE,44.9927132049981,0.856990010567789,0.0388498155832802,0.00203681554820408,21.3982321451942,9,4.87692982946076,0.688854738384511,1083.35866543681,673,2.76300000000003,1126.56168357293,1040.32483186671,1083.18948087078
307,FALSE,100,0.797412671939739,0.041588861921153,0.001,16.8828171432652,10,4.74953149918166,0.670941774931874,1084.58553678272,602,3.18199999999999,1143.19149390706,1031.24641195968,1079.31870448143
308,FALSE,100,0.934429578516757,0.0346912198655937,0.0220197645567669,28.869443938872,8,5.08373152217722,0.684852824698225,1071.14113054312,953,3.95299999999997,1135.9045856381,1035.65052838738,1041.86827760387
309,FALSE,100,0.82230352947867,0.0370033422946423,0.00539700567892968,23.9583616053823,9,4.9341347755295,0.673837948186264,1078.00805683554,732,4.434,1119.72755780402,1047.31753145502,1066.97908124758
310,FALSE,11.6624481931125,0.930697234018013,0.0802838973623344,0.00243189775669912,42.084210597856,10,6.69893452447726,0.779927863324418,1079.33779670214,358,3.83800000000002,1138.08564838899,1045.57389750919,1054.35384420825
311,FALSE,6.13582424110356,0.838732201271713,0.0460403928616973,0.00740713259996794,32.5388938406826,10,5.44048124702395,0.75593073389503,1069.10983202868,583,5.45499999999998,1113.39237296212,1028.34756406419,1065.58955905972
312,FALSE,0.364668900545541,0.804959906016397,0.035205516517225,25.1468660903197,16.9266193568922,11,1.55890736294631,0.591349114945374,1095.27281332284,543,6.85600000000004,1142.31159205754,1041.17358038199,1102.33326752897
313,FALSE,0.0179614044448268,1,0.0234801217061211,0.00205763366491847,84.5462646595494,8,1.60032096131189,0.660675379574092,1067.58042857153,1631,6.40599999999998,1100.42897402042,1049.55250438677,1052.75980730741
314,FALSE,1.32095108686104,0.805477470271479,0.0324593828943884,0.228157915900427,1000,9,4.83901190020295,0.719746389251072,1097.37580116632,5000,27.961,1122.11481030568,1097.99789036848,1072.0147028248
315,FALSE,5.00268412677511,1,0.00740381283987116,0.99503551985669,1000,9,7.06688756002284,0.847105013040537,1258.30908660384,5000,21.566,1291.94386582303,1256.04550814497,1226.93788584353
316,FALSE,7.71118540395466,0.882298034620004,0.0253228917153214,0.0664082329432785,46.6374944437461,9,3.68046693837106,0.667454116576166,1063.63526098877,1184,8.67500000000001,1115.08573263065,1025.9969676139,1049.82308272176
317,FALSE,0.968862791139927,1,0.0370267481378943,0.00752560942943143,87.8386029391578,11,5.15741825494195,0.756060523680692,1070.76376779814,1017,8.87300000000002,1127.83933641256,1049.75010834235,1034.7018586395
318,FALSE,22.4220972089687,1,0.0240344797239953,0.144887298002466,16.2493631189579,9,1.18254224182437,0.595138409317036,1068.12575157196,863,4.42499999999998,1120.25675783271,1017.64183129,1066.47866559317
319,FALSE,0.001,1,0.0479934200352299,0.001,160.095838759796,9,8.55638057113738,0.675238424053586,1072.36778566704,1211,6.095,1107.32630098146,1067.69797120836,1042.07908481129
320,FALSE,10.5449211436923,1,0.0253306399116066,0.136621462837353,10.5550182764837,9,1.8278752393526,0.632164945893527,1081.89437447424,681,3.41299999999998,1126.19359971845,1025.08481636405,1094.40470734021
321,FALSE,100,0.948225768525532,0.0278066308245475,0.0363179130034518,13.1033847489329,8,1.24349809894097,0.606630529830966,1069.29960005786,1010,4.48400000000001,1129.7521249371,1022.61378133858,1055.53289389789
322,FALSE,100,0.853106280106854,0.0329321457592334,0.0020437383269692,27.0449129635677,8,1.36974624347659,0.602434740329279,1079.38128989194,1077,3.97699999999998,1118.22331410291,1050.29400937063,1069.62654620228
323,FALSE,0.001,1,0.0362367093920645,0.001,175.035737860615,12,2.87294975327007,0.820882583103863,1068.91266508167,1342,12.2149999999999,1104.58201481369,1051.3797069726,1050.77627345872
324,FALSE,0.0743009763528534,0.992162572893445,0.0263305244995666,0.0738156775362073,59.9647588006047,8,2.40293004907198,0.659689003278853,1060.88082775336,1460,10.397,1106.83227382091,1043.10959469057,1032.7006147486
325,FALSE,0.0804207236744904,1,0.0285035798434544,0.0406734690958266,67.6888109784918,8,1.4521827949981,0.69138112751681,1072.17444335326,1133,8.92099999999999,1114.05504348817,1057.05830048119,1045.40998609042
326,FALSE,0.00313342920507898,1,0.0228389834929247,0.0127706807680789,79.7545980761371,8,2.05861676599232,0.669200239391397,1068.56238981031,1623,10.238,1114.5799023558,1052.8525098035,1038.25475727163
327,FALSE,100,0.830154203493523,0.0528241635252633,0.00118876659026077,42.3237542140399,9,2.83255869932939,0.676858844493506,1071.90379732627,783,3.15799999999999,1123.50040960453,1027.82302813475,1064.38795423953
328,FALSE,100,0.863947354934802,0.0491047503160508,0.001,38.1140373494345,9,2.87883987528899,0.66783098350485,1071.8692125879,737,4.45499999999998,1110.85897322321,1035.4665580549,1069.2821064856
329,FALSE,100,1,0.023587906454367,0.502743114560656,4.98506257994191,8,1,0.564412596544896,1076.51887296221,863,6.81099999999998,1125.09047376587,1018.8995114438,1085.56663367696
330,FALSE,99.488641330783,0.994663103060629,0.0204910499808226,0.123573862244157,91.1725525868935,9,1,0.580321815986546,1073.14477725505,2271,11.623,1110.39056403047,1056.93183222177,1052.11193551291
331,FALSE,100,0.824851469265189,0.0414103270277189,0.0195712317229305,26.2089172445453,9,1.27793581316422,0.634026046200265,1082.08135772673,694,5.87100000000001,1120.478497822,1050.46527754128,1075.3002978169
332,FALSE,0.001,0.846813509740369,0.0211964300808748,1000,1000,6,1,0.789609665270531,1323.53750372636,4704,9.642,1357.85689925117,1315.49176051566,1297.26385141227
333,FALSE,0.001,1,0.0192416140178589,0.001,92.6764474078811,8,1,0.689358661647815,1063.78457341995,2160,15.002,1099.33934506346,1047.74249757865,1044.27187761774
334,FALSE,100,0.838188026204277,0.0421517874076483,0.00517023550933455,35.7489749818798,9,2.22453206223661,0.66997235471616,1080.56943900483,912,7.226,1137.13008238665,1042.97279056276,1061.60544406507
335,FALSE,2.94986310772837,0.860157225169425,0.0627987935942339,0.00147546968975336,229.629278550172,9,4.78640095166333,0.739226043165207,1061.55908164255,1177,6.392,1090.15787949384,1046.17812337344,1048.34124206035
336,FALSE,27.5266455631947,0.840345460230844,0.051069106966622,0.0012254321412894,70.9147830151777,9,4.6532694566172,0.655714440134236,1072.7319965978,896,3.89600000000002,1090.64017812558,1063.78645081035,1063.76936085748
337,FALSE,0.001,1,0.0172937540529538,0.001,81.2669042387261,8,1,0.710185182755002,1064.31159484095,2318,18.203,1102.42544226623,1043.47501258314,1047.03432967348
338,FALSE,2.06316034264769,0.811269574192232,0.0567106632632952,0.001,127.415353541917,9,5.54885169285272,0.709757376557758,1066.89743996675,1035,4.86499999999998,1102.97683068431,1051.70565383807,1046.00983537788
339,FALSE,0.305971077104024,0.833330080313156,0.0443807675665614,0.0118402127631702,89.9976225143263,10,5.04896053649177,0.727419298100893,1065.11460354806,966,4.75899999999999,1097.80700439603,1047.87704067215,1049.65976557601
340,FALSE,2.60394118134202,0.828117251833309,0.0473712510297704,0.0254871253816532,62.5269833001234,9,5.90974655304587,0.719856677394524,1066.95236626412,748,6.03,1104.08761301886,1039.61200885127,1057.15747692224
341,FALSE,0.294488703700579,0.979305150477924,0.0495974082635712,0.00872505971646585,77.9740743376264,9,5.61930308642021,0.716213151486282,1067.05547540757,763,3.69199999999998,1122.18770034077,1038.21392663597,1040.76479924596
342,FALSE,0.318210899455949,0.985190841087135,0.0329606620740722,0.0255468099482505,78.9290976367574,9,5.49196956027171,0.710251210338483,1060.28784565032,1126,5.14100000000005,1109.1130103911,1034.07843189217,1037.67209466769
343,FALSE,0.308050970670064,0.950917740975327,0.0429010759119609,0.0171854381858388,66.5108197874585,9,5.38314296861093,0.722233985040231,1065.63703586245,871,3.78900000000002,1121.39244891305,1031.79068133825,1043.72797733606
344,FALSE,0.187831234683174,0.838988677761426,0.0308471540114737,0.00243215307958247,277.388737904702,8,5.24000183705256,0.65956306417685,1081.32715150632,2680,10.596,1122.24729243203,1064.82901449152,1056.9051475954
345,FALSE,0.0367229043696168,0.844930711841581,0.0789772703315425,0.001,291.188393724346,10,6.6957292447309,0.802721464598999,1079.43818873063,1033,9.346,1116.03931334218,1064.9460585153,1057.32919433439
346,FALSE,0.001,1,0.3,0.001,1000,12,5.65042974684785,1,1084.92296334129,656,5.76399999999998,1121.21408776754,1070.68663203443,1062.86817022191
347,FALSE,0.3717420507828,1,0.041928171274276,0.398196781668052,57.4347349531174,10,3.57867172487145,0.731860352628462,1070.90843351106,702,4.191,1126.42867560515,1035.14119680874,1051.15542811928
348,FALSE,100,0.742117035589706,0.056706500939149,0.001,1000,8,2.25950328854499,0.673422851453525,1110.52636468294,4415,17.55,1125.07241587743,1118.01344790957,1088.49323026183
349,FALSE,0.001,1,0.3,0.0374587760094199,295.531808755038,11,4.56811173524708,1,1107.06551120153,266,2.023,1140.08953258767,1078.12912609183,1102.9778749251
350,FALSE,0.0536960986748425,1,0.0785596460116519,0.171077159202319,110.235671666383,10,6.11778338919172,0.809626383239253,1075.84140165315,503,3.911,1121.81701305738,1060.27764920598,1045.4295426961
351,FALSE,0.401654696387804,0.856524109452021,0.0717951920319076,0.001,367.364900976086,10,5.19419448041027,0.774198593416556,1065.80162336845,1526,12.559,1098.17709913699,1045.43689303612,1053.79087793224
352,FALSE,22.4865246328613,1,0.026851642191318,0.592952890316737,32.1437935066054,9,1.52405100617062,0.662766428061018,1067.19927090245,910,4.95600000000002,1126.75377863545,1021.85147534263,1052.99255872928
353,FALSE,0.001,1,0.0369518307543386,0.564686825245956,71.4405881317096,10,2.07758379805479,0.733960584472819,1072.52554806124,844,6.35100000000003,1127.66468718967,1037.0521106427,1052.85984635133
354,FALSE,0.001,1,0.0186884203759584,0.13004995917232,25.3589105598926,8,1,0.61792226921811,1066.22204209076,1299,6.66099999999997,1113.7246533326,1030.39027129124,1054.55120164846
355,FALSE,0.460075786507127,0.93234937776082,0.0433157951151094,0.00913564810916406,106.479697761023,9,5.30689099920879,0.736566062721029,1059.73251643643,1108,9.68699999999998,1114.81944042573,1037.65469527264,1026.72341361092
356,FALSE,7.71983560048468,1,0.0257565965974132,0.577685325668929,32.0842837747685,9,1.22073762406566,0.69004719471589,1075.73935161385,1036,7.20099999999999,1133.91638966008,1025.0017584933,1068.29990668817
357,FALSE,14.3585064350997,1,0.023909897498996,0.406233776412916,28.564589422085,9,1.62926525284974,0.693590785911636,1071.08896370151,976,6.73800000000003,1123.57220621654,1029.17757727132,1060.51710761668
358,FALSE,100,0.863808631740065,0.0776913512689146,0.001,1000,8,3.92847834745213,0.673287325440839,1095.76291790115,2841,16.698,1108.40033445561,1101.29436438847,1077.59405485937
359,FALSE,0.001,0.5,0.001,0.001,0.001,12,1,0.802062219029402,2009.30983912151,5000,63.931,2022.81955303055,1951.03706577276,2054.07289856121
360,FALSE,0.00215473329398527,0.924241493445591,0.0193592316328856,0.0287700177963141,27.3662494432431,8,1,0.679127470151227,1062.00691162314,1379,6.11900000000003,1096.29609262989,1033.55973007303,1056.1649121665
361,FALSE,0.001,1,0.0213327578672297,0.00407330382084164,37.063130009155,8,1,0.637167446226133,1065.58707317733,1337,6.18300000000005,1109.42361838414,1036.74723636956,1050.5903647783
362,FALSE,9.17939014316587,0.925914130144895,0.0182204335775106,0.017505192386594,23.461644060491,9,1,0.651970440387134,1069.54971288068,1307,7.929,1109.92072987959,1020.14805287307,1078.58035588938
363,FALSE,0.291386787634941,0.794534530802866,0.0204842358165201,0.001,23.185017085123,8,2.86553111752836,0.630405145700747,1066.99067517676,1424,5.76600000000002,1103.87771528323,1030.30015011386,1066.79416013318
364,FALSE,8.39557589511473,0.926951433603163,0.0193826302378352,0.06527428758669,33.1399508497732,9,1,0.659395923967676,1063.98412019321,1401,9.10900000000007,1099.74336751439,1022.88128775566,1069.32770530957
365,FALSE,0.001,1,0.018740633659204,0.0152136259486041,35.5681370500178,8,1,0.639998133504309,1067.77173648699,1548,7.33099999999999,1112.23034923464,1041.84390112518,1049.24095910116
366,FALSE,0.275451151507205,0.830225860397072,0.0209720498062327,0.001,38.4147125385168,9,3.06862927524211,0.651283959408073,1058.89923877098,1438,6.91099999999995,1093.00816826172,1026.1281420349,1057.56140601634
367,FALSE,0.0126783665461133,0.959418337676348,0.0216433668390245,0.0064207716495643,42.9563176367759,8,1.52048068926387,0.660632407851018,1061.44345069955,1384,6.16100000000006,1111.35624119446,1028.551488686,1044.42262221817
368,FALSE,0.0174456641557465,0.81630302788191,0.0601836819503993,0.001,115.005811578587,10,4.55972949299554,0.783686363890895,1071.76894822635,735,3.73100000000002,1105.01884746389,1060.87972960554,1049.40826760961
369,FALSE,0.54959268061172,0.846711938076965,0.0358058605195058,0.001,67.9867674013129,9,3.52611265909642,0.716316961074435,1069.17033190378,1021,5.24200000000005,1113.59325760388,1035.01035198813,1058.90738611934
370,FALSE,0.001,0.85063578874064,0.0479282649740385,0.001,113.007326013153,10,5.53809027488793,0.802534420494092,1070.52387323586,878,3.94600000000006,1121.46351931275,1044.7577011403,1045.35039925455
371,FALSE,0.234674066454173,0.821430622586908,0.0307233148185219,0.001,42.4246204719598,8,3.40520955654186,0.675291857487982,1061.12325114658,1208,6.10500000000002,1092.54748069334,1027.42839472275,1063.39387802366
372,FALSE,0.001,0.890493369783114,0.0196604501045149,0.0159973283663132,25.0500896671231,8,1,0.625549559927152,1058.80202392645,1401,7.82999999999998,1101.34676729601,1015.57885708431,1059.48044739903
373,FALSE,1.81343693782973,0.905262856199265,0.0299181941522786,0.00256269722502486,1000,9,4.47416398870277,0.601050993968287,1114.25283511183,4998,30.6970000000001,1141.10582259959,1113.30888641506,1088.34379632084
374,FALSE,0.173747003892575,0.776588094909348,0.02111801815898,0.001,21.5546122003301,8,2.64622636892345,0.624389952079944,1077.81239967958,1316,6.80900000000005,1113.19865539133,1036.40538817376,1083.83315547365
375,FALSE,0.126562724231381,0.953091322749934,0.0547067360613696,0.00226870038579178,130.849630489936,9,4.61318758399547,0.787277265279517,1070.85860204122,794,5.11699999999996,1111.35700565939,1045.75301937486,1055.4657810894
376,FALSE,0.001,0.833930087153536,0.0201733011822437,0.001,30.6101594690248,8,1,0.614110391021219,1069.42752740971,1337,9.88599999999997,1101.45118545062,1039.85671746056,1066.97467931795
377,FALSE,0.342001741271285,0.77881601136018,0.0256711596172582,0.001,43.6356558335287,8,3.3023948924665,0.63850996927339,1067.65052902542,1536,7.43499999999997,1097.17341095549,1043.25343959777,1062.524736523
378,FALSE,3.29569530337641,1,0.0545465300292755,0.150024954145003,108.221989892847,9,4.16085518888115,0.76344715179025,1073.20545146994,833,6.35599999999997,1123.7322791597,1055.85749632792,1040.02657892222
379,FALSE,0.327669588233693,0.774270524411698,0.0221158701940485,0.001,36.3337978810943,8,3.55016157902486,0.663754624804737,1072.63678893173,1488,11.239,1107.59747588463,1037.23830288931,1073.07458802125
380,FALSE,100,1,0.0733502272808863,0.092822929394367,100.399844872373,9,3.76944216194908,0.732322500297278,1075.59802501261,655,4.91499999999996,1130.55438684991,1053.32377670608,1042.91591148184
381,FALSE,0.0572199934792573,0.89586973553174,0.0454621623999511,0.00189781338551484,118.015917629212,9,4.35105698441899,0.77726303035243,1060.29397151573,1002,10.855,1103.37145699193,1037.64133378182,1039.86912377345
382,FALSE,40.103165802963,0.749288959469105,0.0640045543481229,0.784115737598334,176.023025753465,10,7.0759586496206,0.812487736160339,1076.31328986804,1111,6.08399999999995,1116.0072318973,1055.49493260337,1057.43770510343
383,FALSE,100,1,0.0595189942214153,0.0554840994095934,95.0153208495276,9,4.07086267368106,0.742154005681056,1067.34337329101,917,4.971,1122.70695181174,1046.51531981549,1032.80784824581
384,FALSE,100,1,0.0525152009844139,0.131696307652671,72.2432898385613,9,1,0.693471902126412,1084.7548272089,687,5.83699999999999,1131.84256943701,1058.40156268876,1064.02034950093
385,FALSE,7.96069245383817,1,0.0620235259636005,0.113559224476961,129.617885123427,9,3.94650552979767,0.761720347316351,1069.03580843102,783,7.76299999999998,1101.94736856396,1056.82325124753,1048.33680548156
386,FALSE,14.1252241968965,1,0.0452828300991061,0.0511555806418272,74.2151825444681,9,1.17432213016988,0.69367654657363,1070.95512964907,879,6.48100000000002,1119.16765062027,1037.66297585053,1056.03476247642
387,FALSE,7.93594208627649,1,0.036012515154802,0.140943335958747,67.8314114182808,9,1.31510951533612,0.694290143954943,1069.01038514053,930,6.22399999999993,1110.40030788886,1039.31728956035,1057.31355797236
388,FALSE,100,1,0.0549590271492758,0.194502490441731,56.5162829205911,9,1.10759203098397,0.697366677374894,1076.20589040661,745,6.99199999999999,1126.67954251343,1044.62137127801,1057.3167574284
389,FALSE,20.3587159351727,0.95206737331633,0.0581532689481987,0.0533119945192132,164.461885360881,9,4.78893388448534,0.731027222354517,1070.58074676287,925,4.33599999999998,1117.48403272413,1049.97247239847,1044.285735166
390,FALSE,0.001,0.991435283845882,0.0157182314452167,0.151232412665502,133.090614609076,8,15.1163098448888,1,1116.20789587076,2794,8.07500000000002,1175.19644091172,1082.68578152304,1090.74146517751
391,FALSE,7.63877391261456,0.888174733059739,0.0715686038259169,0.211453233297805,147.043276450402,9,1.59134842305815,0.754881103975076,1073.01359477344,745,8.26600000000005,1110.50926938083,1057.70927854246,1050.82223639702
392,FALSE,0.268992047192812,1,0.0260400039661664,0.034133470560692,67.714560184627,9,1.07238384449891,0.664904563938262,1067.85241834577,1348,9.71700000000001,1120.16050475626,1043.42752121216,1039.96922906889
393,FALSE,16.3229403285367,0.991207955290921,0.0708018775105698,0.0300081066003982,145.818230627588,9,1.54429202829784,0.727535224012215,1063.74204950565,798,9.07499999999999,1102.8718616699,1050.1442050776,1038.21008176943
394,FALSE,1.03463364969161,1,0.0327256502322704,0.114586979365496,63.7666277472416,10,1.77822440445203,0.713898708017294,1064.80031062866,887,9.93799999999996,1121.78570096732,1026.35642091927,1046.25880999939
395,FALSE,2.03127066957391,1,0.0344151347088715,0.146095282657578,64.4051966857423,9,1,0.687517561337934,1074.64691124396,935,9.23099999999999,1113.4844160623,1050.8352009685,1059.62111670109
396,FALSE,0.0485544120621144,0.907791469174778,0.0202942562609008,0.001,40.4216224605911,9,1.45547703228194,0.616186031460719,1063.11844865739,1314,7.80799999999999,1112.20983886796,1030.94464949569,1046.20085760852
397,FALSE,0.952564047320667,1,0.0209193756997855,0.0164873572587225,84.3241739431528,10,1,0.651286805563721,1075.84133096821,1578,14.648,1120.94138373137,1052.42668361083,1054.15592556244
398,FALSE,10.3640652169677,0.990676892588739,0.0261766247728292,0.0465661119328851,51.7647913791479,9,1,0.639995199288791,1068.67670043299,1216,10.484,1114.19669458123,1039.62451901998,1052.20888769777
399,FALSE,0.001,1,0.0189331712829903,0.00395073731276029,87.9834024510869,10,1,0.620886393840552,1069.43881138203,1763,17.1370000000001,1108.85295491157,1048.15588556314,1051.30759367139
400,FALSE,0.0112170768983902,0.855922868416247,0.0236571775207135,0.001,27.8881174469033,8,2.38603175743534,0.647644111931084,1063.61762572743,1302,6.14399999999998,1096.25150087365,1031.39864050054,1063.20273580811
401,FALSE,0.001,0.5,0.0867476892661261,0.38389194295062,970.169131279963,12,52.6962617830467,1,1146.03021648051,3568,16.401,1163.74325533403,1142.46806206353,1131.87933204397
402,FALSE,0.027575656595146,0.887307634931361,0.0185359978784793,0.001,51.752781498856,9,2.31287636171865,0.645748128073607,1060.85198442507,1631,8.73100000000005,1099.43837795543,1032.84611871333,1050.27145660645
403,FALSE,0.0170352853322847,0.854754395817059,0.0234927107561557,0.001,29.7740110024046,8,2.71733577872334,0.628256777896282,1069.70871942464,1290,6.37699999999995,1101.23304131073,1044.26352969855,1063.62958726465
404,FALSE,0.0214034138338765,0.898091546875951,0.0161882627069662,0.001,42.212157534981,9,2.18727608668279,0.616446519425166,1065.179548431,1745,9.35500000000002,1113.0274210236,1026.8676055685,1055.64361870088
405,FALSE,0.0208744109752841,0.881411856053233,0.0166856768099487,0.001,40.3564650955692,9,1.91072060592154,0.590752625652253,1059.76372503454,1589,9.65499999999997,1101.5188542563,1029.73937348204,1048.03294736529
406,FALSE,0.00192669521675362,0.848496753460898,0.025322162492986,0.001,32.506777606201,8,2.81245808748298,0.6309981137276,1071.91510624892,1098,5.47500000000002,1096.31972870699,1047.49375368293,1071.93183635683
407,FALSE,0.0862252855229357,0.894202793360772,0.0140491027667544,0.001,42.0487782969161,9,1.31618733689378,0.589151543187856,1059.35152844914,2100,16.095,1095.69385320491,1029.44521590771,1052.9155162348
408,FALSE,0.0622439185621588,0.880951018845926,0.0200029522698281,0.001,35.8927299316457,8,2.38619436480281,0.636266466592611,1057.01057107618,1569,10.772,1097.75139857362,1028.54640782828,1044.73390682665
409,FALSE,0.0992327872569306,0.87078294839862,0.0150990883336734,0.001,39.2622204248423,9,1,0.561717978533049,1062.31484951631,1931,11.71,1095.38523628004,1033.83940381618,1057.71990845269
410,FALSE,0.001,0.875450621097194,0.0429587201625536,0.00385200778990036,46.5577469905625,8,3.95967812234407,0.73355145139872,1069.76522198332,784,2.95199999999994,1116.18924657736,1033.99173290505,1059.11468646755
411,FALSE,0.001,0.887735577892557,0.0154402590025261,0.001,54.9890879099553,10,1.12270498826007,0.561938757095537,1058.0982138465,2016,15.9870000000001,1106.58108098802,1030.19601245573,1037.51754809574
412,FALSE,0.001,0.834514988681659,0.0409670528278283,0.0612058975500611,62.712458189328,8,2.82232491437778,0.726110701235887,1067.30137136913,974,5.49800000000002,1104.77198225819,1037.29095720046,1059.84117464875
413,FALSE,0.001,1,0.0219861525012539,0.00514189025918442,85.3472988862737,10,1,0.63782602377989,1072.04593870988,1580,18.947,1114.45713992292,1046.7700387129,1054.91063749383
414,FALSE,0.001,0.868025228219536,0.0813831382066079,0.0199243059521729,69.9822911795686,8,2.07073421063292,0.735798337793976,1073.64382033786,479,5.29299999999998,1104.68398333281,1055.42530229208,1060.82217538868
415,FALSE,0.068335700583807,0.858062385448177,0.0218639571301174,0.00248445232645443,52.2875095946287,9,4.145847782376,0.660229549671068,1064.52536765797,1455,14.91,1110.31120890487,1034.03281816637,1049.23207590267
416,FALSE,100,1,0.001,0.001,0.001,8,1,0.1,1424.79493009594,5000,20.186,1463.34383528642,1409.66011635909,1401.3808386423
417,FALSE,0.001,1,0.3,0.199824954648402,273.40345642406,6,1.22271040457447,0.679696628055593,1121.22451034616,421,1.35200000000003,1141.44762904147,1139.56979083147,1082.65611116552
418,FALSE,0.221848463902055,1,0.040149840086535,0.0449554325278212,86.5841744020639,8,2.67174377990725,0.742245652986768,1065.73782463433,944,4.16099999999997,1109.57048609642,1041.75746218433,1045.88552562223
419,FALSE,0.001,1,0.0694533166452912,0.0521101778303105,127.022847562783,7,1,0.764820179963258,1080.23503297375,820,3.679,1103.36143374646,1078.15224256854,1059.19142260623
420,FALSE,0.260345143919092,1,0.0392119794103087,0.0589521092326489,72.2150994454125,8,2.61953041180273,0.722627738759523,1069.48581460482,975,4.50200000000001,1119.70332884375,1044.18411792058,1044.56999705014
421,FALSE,0.001,1,0.3,1000,0.001,6,100,1,1567.47519990222,1604,2.15099999999995,1676.21739033971,1596.09522555198,1430.11298381496
422,FALSE,0.001,0.942975115603514,0.0082438782332965,0.00883063531759393,0.00177934635886463,7,1.20623687393282,0.637805672559075,1091.52622301968,1765,12.2,1116.23558098257,1037.6976036764,1120.64548440005
423,FALSE,0.11076123557262,1,0.045502565952188,0.0574466594650736,93.6745199812144,8,2.8168845468536,0.73715751329726,1066.87757025506,977,4.23100000000005,1113.67978913544,1053.83029044901,1033.12263118073
424,FALSE,0.798934045585807,1,0.0361175397518118,0.0253297092804222,91.0288847468201,9,3.23497500045255,0.717349634508489,1064.51085142913,1050,4.72699999999998,1105.71186277206,1047.17159803494,1040.64909348037
425,FALSE,0.001,1,0.039195062221928,0.0926735715485354,55.1596727614246,7,1,0.747443253525197,1071.96588277616,992,5.41499999999999,1100.44493925893,1061.12832306938,1054.32438600016
426,FALSE,0.001,1,0.0431205614224813,0.074894015032742,72.0333471586369,8,1.59214329579533,0.755427117462881,1070.85214707946,981,6.83099999999999,1114.04628584666,1046.56808547316,1051.94206991857
427,FALSE,0.0011004632014286,1,0.0554217007081144,0.0717081369556269,106.844774516758,8,1.01791785099287,0.797839561411634,1071.03704705586,848,4.64500000000001,1109.40910285708,1050.72618596086,1052.97585234964
428,FALSE,0.00396604158008885,1,0.0490019374998721,0.073139703775792,122.437413429324,8,1,0.764050273481526,1068.70528726341,939,6.90099999999998,1104.83677087807,1058.12588602232,1043.15320488983
429,FALSE,0.842145313949887,1,0.0191933571891573,0.001,52.5981052185793,8,1.77139838631813,0.659344818302058,1059.9031671525,1745,7.29899999999998,1102.66929216314,1033.26087802975,1043.77933126459
430,FALSE,0.00268409917543482,0.998881699899383,0.0399648935146727,0.0275124146512614,80.5986316207707,8,1.56636970852045,0.746259549978927,1065.0320673552,1089,9.066,1106.10944989033,1040.52809399839,1048.45865817687
431,FALSE,0.493863171157809,0.959324653376678,0.0162755449117412,0.001,49.1399224782782,8,1.41351618454576,0.629252834621339,1055.30494840199,1939,9.99599999999998,1092.91113962207,1032.47082909604,1040.53287648787
432,FALSE,0.92977605803557,1,0.0256432524044556,0.0176995355970568,54.0018885498373,8,2.16767914694918,0.681882593241961,1064.81771623182,1311,7.49800000000002,1116.16489170093,1038.60018642885,1039.68807056568
433,FALSE,0.239394197965926,0.998857182717624,0.0113485066030853,0.001,28.9784188800973,8,1,0.554100672922107,1058.32338467126,2548,14.212,1102.47848416273,1021.91766984084,1050.57400001021
434,FALSE,0.28612668545586,0.878194008526475,0.00535088542054285,1000,1000,9,3.63452522001433,0.720046610845222,1523.74319643404,5000,22.991,1563.06353594193,1494.0762506436,1514.08980271659
435,FALSE,100,1,0.3,1000,0.001,5,19.2757383726214,1,1437.93627236963,49,0.226999999999975,1554.35209222778,1417.69590606893,1341.76081881217
436,FALSE,0.111448972617601,1,0.0114354868783203,0.00104657881273927,51.9097565573555,9,1.18514098222586,0.601714518535219,1064.12604031877,2581,20.434,1114.34012452413,1036.16427941143,1041.87371702076
437,FALSE,0.0434680869438831,0.820132995990876,0.0239032090840366,0.0118454776826316,48.3152716051039,10,1,0.629723543678213,1071.57102358739,1188,7.22999999999993,1109.06920954959,1040.19715270792,1065.44670850466
438,FALSE,0.001,0.811700741871888,0.0185818521205033,0.001,50.5435341335041,10,1.24376018847991,0.582546149143202,1060.69655828812,1770,10.385,1100.79987443272,1020.37334812774,1060.9164523039
439,FALSE,0.001,0.921666293130157,0.235307912793505,0.0734013518360256,1000,8,1,0.813143056784833,1080.014186556,876,8.88699999999994,1101.50648156907,1076.64328183611,1061.89279626281
440,FALSE,0.0134434696062982,0.920678083812709,0.0171285139309333,0.00108451591701191,65.9466698950152,9,1,0.587704263127991,1065.649793066,2196,14.27,1105.60065890841,1037.43097874109,1053.91774154851
441,FALSE,0.001,0.829154979012314,0.0347398783909477,0.00825231156985331,66.5647108236435,9,2.19261004493013,0.653071631974134,1062.9328092945,1110,5.85599999999994,1103.38566028933,1034.54197791309,1050.87078968108
442,FALSE,0.001,0.956589310251781,0.00985964504854993,0.001,17.5482957523986,9,1,0.402288511804301,1067.28758251777,2095,16.396,1108.12419639212,1033.27535932137,1060.46319183981
443,FALSE,0.048865312445205,1,0.3,0.001,1000,12,1.38803139808267,0.526742634341934,1100.30193153978,718,7.74200000000008,1116.00842137435,1105.78136725387,1079.11600599111
444,FALSE,100,1,0.001,0.001,0.001,9,100,1,1639.64110667835,5000,22.783,1708.55716747563,1564.7042366277,1645.66191593171
445,FALSE,0.001,0.941182933828853,0.0723338560440056,0.001,57.5768408374636,6,39.0140620173508,0.500523855299606,1177.38222354895,1104,3.23900000000003,1205.8769627272,1172.32279160539,1153.94691631426
446,FALSE,0.001,0.937252679434663,0.0532253054255929,0.001,19.088973598973,7,3.29952727304366,0.546978925902904,1070.84416598012,607,2.28999999999996,1105.47285353235,1060.06959603322,1046.99004837478
447,FALSE,0.00435058217780247,0.849598054436194,0.0275381466622658,0.0135136909553844,61.0697522721891,9,1.85571326092208,0.662545580103649,1065.04727806195,1293,8.70599999999996,1098.38549217103,1036.42893754874,1060.32740446607
448,FALSE,0.14868770444274,0.91658735731275,0.025699108542904,0.0133845013470755,67.9298289043903,8,2.22877780040934,0.677680063481379,1065.50628027528,1534,10.845,1109.53853250466,1037.36450470381,1049.61580361735
449,FALSE,0.001,0.837578013268963,0.0313337532477301,0.00676200584967799,79.157444372,9,1.94573268838464,0.678659036714878,1065.03342877288,1382,8.096,1101.40948433086,1037.88068335611,1055.81011863166
450,FALSE,0.159821951741999,1,0.0244689185912858,0.00359972110929671,54.0277284738022,8,2.68592843858122,0.680444763212936,1064.10554809344,1414,6.61200000000002,1116.88286957794,1034.33384975582,1041.09992494654
451,FALSE,100,1,0.3,0.001,1000,2,100,1,2145.25007235321,2563,3.74599999999998,1906.8045221584,2067.56109633585,2461.38459856539
452,FALSE,0.0580337777311803,0.852466176007842,0.0158545174624865,0.00216942522910188,89.548537324209,8,1.12715873275867,0.653916114569497,1065.49932087791,2891,10.776,1097.0680007715,1049.9071544165,1049.52280744574
453,FALSE,0.092511599671743,0.872410282886626,0.0286099190957415,0.028049516506047,125.409798889413,9,3.24204774832351,0.710212196801123,1061.81317057454,1761,10.0409999999999,1106.39454447938,1034.48709574954,1044.5578714947
454,FALSE,0.1147042872781,1,0.0239711297828137,0.001,48.0545496059555,7,2.89795855254089,0.720163765508812,1068.23052482595,1519,9.988,1101.62394582195,1060.43491257629,1042.63271607962
455,FALSE,0.0633298911377404,0.988309347668743,0.0201449510479454,0.001,44.3702677585087,7,2.88922638070018,0.691235573626475,1064.85143408761,1777,8.55399999999997,1097.30913851164,1045.66245011386,1051.58271363735
456,FALSE,0.0100047819263238,0.892241047523142,0.0117151811952591,0.001,40.0097681522818,9,1.12852699980848,0.537906068283209,1063.31467763322,2427,22.8020000000001,1104.76987858588,1032.10785392607,1053.06630038772
457,FALSE,0.389719586314289,1,0.020162605874449,0.001,66.2851660671348,8,2.23017440799861,0.72377094195724,1065.2481090444,1823,10.16,1115.54317213512,1036.07769176872,1044.12346322937
458,FALSE,0.524039688463399,0.994030455069943,0.0271286811133258,0.001,82.3227153394687,9,2.71142154036065,0.720133361836919,1061.58754049706,1331,8.81800000000004,1100.10953718303,1034.54425837204,1050.10882593612
459,FALSE,0.0541745718656007,0.882871361267623,0.0260837986843916,0.258012175903165,33.9556043461857,8,1,0.499121769107675,1069.13670154246,1208,5.43499999999995,1114.48084422851,1049.72275764889,1043.20650274998
460,FALSE,0.0241838372650029,0.849315904277942,0.0244983535650944,0.00415831108828356,87.7385858995299,10,1,0.62890711193541,1067.87092228377,1682,14.099,1104.35186288749,1044.3174933284,1054.94341063541
461,FALSE,0.637269514057,0.976790015622609,0.0233420757429598,0.001,72.0604374100346,9,2.13146176178317,0.704328360501517,1056.21305425209,1454,9.25200000000007,1104.92268156263,1022.87650928416,1040.83997190948
462,FALSE,0.0565089100755103,0.803120442178874,0.0266382894390027,0.0179472256669207,91.7107801196872,9,1,0.599301650876818,1070.2728108813,1791,15.517,1100.62388993441,1056.06607680837,1054.12846590111
463,FALSE,0.596326446902807,1,0.0344526471335009,0.001,41.6177144915176,9,3.04959325533548,0.67374204555999,1067.22568435099,833,4.17299999999995,1123.83851394917,1031.18226279064,1046.65627631317
464,FALSE,0.001,1,0.0438931921767725,0.001,32.8721616836723,9,3.06321166427235,0.624969894630732,1069.72813581278,632,3.02899999999994,1133.29376640977,1021.75495378292,1054.13568724563
465,FALSE,0.788137345042872,1,0.0392948007460723,0.004712249988055,43.495010263668,9,3.70588802870446,0.673023023425322,1077.38127459288,686,6.68299999999994,1136.73827793688,1037.64887594434,1057.75666989741
466,FALSE,0.001,1,0.0533175063512927,0.0504931424288671,24.5715606554934,9,2.19544306954451,0.545810460381878,1079.97734270524,455,2.26300000000009,1136.66590352304,1035.93727163614,1067.32885295655
467,FALSE,2.23835451180095,1,0.0418758895135068,0.00297167202004657,43.6269133381175,9,3.56922906450631,0.669149749675567,1068.88385664268,690,5.13400000000002,1127.26093638051,1030.76050939198,1048.63012415554
468,FALSE,0.878908166809093,1,0.0318742164076562,0.001,49.7818405185798,9,3.10719336858093,0.673340812389226,1076.01552474904,906,6.49799999999999,1135.4367163697,1042.87038150159,1049.73947637584
469,FALSE,0.001,1,0.0484069408836247,0.015023540871418,40.809228080401,9,2.66357681059099,0.630452469677961,1073.01181738224,584,4.54700000000003,1130.40709270903,1038.19817626042,1050.43018317728
470,FALSE,0.001,0.907305379321208,0.0448328420542472,0.00947650125687348,43.2691218995634,9,3.27033079133731,0.702984637051389,1063.81373453814,705,4.88200000000001,1120.19882553461,1016.25987797197,1054.98250010784
471,FALSE,0.001,1,0.0483299075179366,0.0252416844830291,39.0294545331749,9,2.68812972654192,0.628930110450053,1076.59697618318,572,6.98300000000006,1133.95176517473,1040.06999310198,1055.76917027283
472,FALSE,0.001,0.965360458987246,0.0433277100051954,0.0223776086069175,36.3722884380768,9,3.04914597036569,0.643619965783307,1075.72908743279,674,7.262,1132.04218440454,1041.9093488199,1053.23572907394
473,FALSE,0.906851577843585,0.920353326002464,0.0147452820464214,0.001,60.182231770619,8,1.69366332005079,0.704981600597909,1056.82495491671,2428,17.58,1099.90461041654,1024.56559312727,1046.00466120632
474,FALSE,0.001,0.962769577961781,0.0424810984414415,0.00908800075356256,49.1646304531757,9,3.9486091416035,0.704016113614547,1070.00255371458,693,3.18099999999998,1121.03094308519,1030.96506418394,1058.0116538746
475,FALSE,0.001,1,0.00664008398776386,0.001,1.48220191617781,12,1,0.1,1108.23686446864,2112,20.3,1138.87427979951,1067.66288239338,1118.17343121303
476,FALSE,0.001,0.978668659334264,0.0514334534154873,0.0119531325912132,58.9622740395419,9,4.05129112483881,0.693689424155689,1065.39259826283,635,4.05399999999992,1121.00214381921,1036.21495222695,1038.96069874232
477,FALSE,0.001,0.960275670817348,0.0179451501909482,0.00626082760966166,29.1843112080135,8,1.70297833102105,0.609069769604481,1062.75766392369,1445,6.30900000000003,1105.67238627174,1035.17217976386,1047.42842573547
478,FALSE,0.001,0.998543827347972,0.0586736628460194,0.00785172592498333,62.7173679800302,9,4.17598139058439,0.702123258445229,1073.95368798569,650,7.31199999999996,1121.636255637,1042.2143402456,1058.01046807447
479,FALSE,0.001,0.900219607290214,0.0241011705551785,0.0183457327436627,47.876328568745,8,2.29517502653972,0.658488057723931,1061.4562633934,1417,6.91399999999999,1106.96496140211,1032.77026381019,1044.6335649679
480,FALSE,0.504242087905445,0.963371388020578,0.0121684659916094,0.001,68.6143905442458,8,1,0.702887933046024,1062.84864387177,2926,22.716,1110.33957021755,1034.95861367244,1043.24774772532
481,FALSE,0.001,0.918638954674706,0.0168811289246002,0.0337876529590563,25.6192859697635,8,1.34692401675681,0.604243453713376,1061.98771098187,1605,7.14799999999997,1105.29752370433,1022.74631541061,1057.91929383067
482,FALSE,0.0166667248440453,0.842756729458941,0.0156639614015997,0.0503456638676357,26.2711780134627,8,1,0.563187174812821,1063.06702668769,1843,7.04400000000004,1099.3120429598,1032.54367478315,1057.34536232011
483,FALSE,0.132026066075926,0.856928975881103,0.021526042527668,0.0282420981846204,56.4032386713695,9,2.51204194382113,0.646807418201199,1062.50842753346,1605,10.2710000000001,1104.60166609654,1034.24900406159,1048.67461244223
484,FALSE,0.0738469368720477,0.798332631688804,0.0321767191110362,0.00210090559910435,975.701125380326,10,1,0.596020364762138,1115.71113771477,4999,48.4040000000001,1140.50062495025,1110.62842485852,1096.00436333555
485,FALSE,0.001,0.94657811344613,0.0276644729571128,0.0154703504351264,32.2050928394449,8,2.50394989648416,0.697647837467283,1062.1879897238,1128,7.23800000000006,1112.49493551214,1021.79973722515,1052.26929643411
486,FALSE,0.382943074974703,0.896814760785217,0.0217041553854661,0.00521604555774634,59.4591594870522,9,2.53264746626396,0.634948181678219,1058.29350946921,1692,7.40400000000005,1097.23746128837,1037.98819346119,1039.65487365808
487,FALSE,0.001,0.879729928997499,0.0255356832901142,0.0120519240920945,58.9107309676434,9,1.51140559308437,0.61687775591969,1057.52468041281,1355,7.45999999999998,1088.80611004744,1040.67208529739,1043.09584589362
488,FALSE,0.66415408108881,1,0.0297946988848221,0.001,80.6179830402741,9,2.61925456761371,0.688572924774087,1068.40812088458,1242,6.50599999999997,1116.73951487903,1044.93967120041,1043.54517657431
489,FALSE,0.001,1,0.00931766682836403,1000,0.001,7,1,0.1,1179.99620209375,1574,5.20799999999991,1182.87728573843,1174.03414061695,1183.07717992588
490,FALSE,0.749359889829338,0.891927765942028,0.0205039429613954,0.0025502028304035,59.3692040443569,9,2.49860156981967,0.608478576948368,1067.55403694863,1521,7.42499999999996,1110.4579222781,1047.21254661604,1044.99164195176
491,FALSE,0.0855941548118569,0.891870071570408,0.0218898371660638,0.00418121639128092,59.1602100689747,9,2.14262318855304,0.627884654053396,1056.59175517176,1546,9.161,1099.750141047,1030.92652553581,1039.09859893247
492,FALSE,0.501487383817824,0.891903849634988,0.0255257604894395,0.0065527684216319,62.0468556884454,9,2.17436814249092,0.622900039937365,1063.60045645414,1440,8.30200000000008,1108.60603725624,1039.64162395755,1042.55370814862
493,FALSE,0.03738078847698,0.997950309616311,0.0319599970305025,0.001,76.2496997368187,9,2.90043899478275,0.674698196136259,1063.59168194005,1166,7.07799999999998,1106.86208322359,1037.0378499763,1046.87511262026
494,FALSE,0.099665164086237,0.839081440383276,0.0242496507787882,0.0140487397872907,72.0992867685659,9,2.45627171125088,0.713695581844749,1066.72472120965,1590,13.054,1097.70582891348,1040.04341961194,1062.42491510354
495,FALSE,0.001,0.871400458356605,0.0218986110818045,0.0175650545411436,41.6515844835096,8,1,0.564031667465054,1063.34311129643,1551,12.402,1097.73375087558,1037.43294489715,1054.86263811655
496,FALSE,0.0010761746305875,1,0.00983348061203062,0.001,19.9967235156466,9,2.13398034902003,0.55903733225838,1066.05941778621,2147,18.8729999999999,1125.36151688269,1020.157522461,1052.65921401494
497,FALSE,0.310877507021934,0.914485977246878,0.0223843780850518,0.00568566282042024,53.6371541757696,9,2.75868062866797,0.607120523418415,1054.59338096857,1578,15.2450000000001,1093.19963839875,1021.46350170084,1049.11700280612
498,FALSE,0.171499682326527,0.995063642852908,0.0259716495062537,0.001,71.5676574371288,9,2.55555590071662,0.684626646461145,1063.22159539342,1287,13.055,1108.72525556536,1048.15468307991,1032.78484753498
499,FALSE,0.451443963901018,1,0.0268802063240853,0.001,75.0123313196046,9,2.82027381244077,0.660726278788968,1061.45058404949,1395,7.76099999999997,1110.04613503276,1036.60924287197,1037.69637424375
500,FALSE,0.001,0.5,0.3,1000,0.0160267785147008,12,100,1,1551.39717159327,56,0.37599999999992,1540.9802273036,1531.44717095795,1581.76411651825
501,FALSE,0.319297389913064,0.950228820777699,0.0153810077783384,0.001,45.3341374360173,8,1.02738347747412,0.644986747303431,1056.90289091658,2017,11.141,1107.81701824159,1021.61157486784,1041.2800796403
502,FALSE,0.209290469763394,0.885261085010037,0.0226232912568552,0.00800212147817969,54.6223177937661,9,1.91981105104968,0.612049422068632,1057.49042014705,1455,12.831,1101.94433269635,1023.7910815037,1046.7358462411
503,FALSE,0.219032278010567,0.978859111612533,0.0284927851261152,0.0055534660162897,48.2344081644097,8,1.78631378707337,0.702921747939133,1060.91873047175,1221,6.38499999999999,1109.50501720807,1026.46376486759,1046.78740933958
504,FALSE,0.0483286002802862,0.940604943699629,0.0300851796670718,0.0188551695849825,45.2190877433866,8,1.33437127998706,0.693613560555808,1060.29362640844,1033,4.9319999999999,1111.16547722269,1029.62746567892,1040.08793632372
505,FALSE,0.175943728324937,1,0.0253995370929407,0.001,49.2667661968109,8,1.30802265746378,0.693365440335281,1066.55701581104,1237,4.94499999999994,1117.70654381101,1035.8082809986,1046.15622262352
506,FALSE,0.656972845966154,1,0.0196630844526111,0.001,54.2247079021808,8,1,0.66041788300092,1067.85173222474,1747,9.54800000000012,1107.16649272716,1039.20176826275,1057.18693568431
507,FALSE,0.514552427614725,0.934732499009707,0.0210179873640671,0.00871623093615903,40.4283646764003,8,1.43486030800546,0.663971872562467,1064.88972062062,1511,7.91299999999995,1119.15773800371,1026.65024854503,1048.86117531311
508,FALSE,0.001,1,0.00569875215519204,0.001,6.81787341739385,12,1,0.352149787826488,1081.43578230507,2346,27.5470000000001,1135.08747092852,1013.66046465582,1095.55941133087
509,FALSE,0.126678340865051,0.983889887129206,0.0260498573311797,0.029126390433606,36.5781810426263,8,1,0.698520972231553,1061.56324513022,1225,9.18099999999998,1107.95096000381,1024.50573412035,1052.2330412665
510,FALSE,0.0688308041857952,0.911155889919244,0.0306221402046035,0.012401614730907,48.6723749335903,8,2.09955736342469,0.679705686929153,1061.07741067883,1105,5.26799999999997,1108.73232535093,1032.68935845822,1041.81054822733
511,FALSE,0.001,0.826629989999755,0.0370764703856334,0.001,548.0020661211,11,1,0.806461894807626,1074.48456698339,3217,32.308,1102.16737241938,1061.98328066844,1059.30304786236
512,FALSE,0.314203988958687,0.95955066668644,0.0184948928389304,0.00539860723567828,36.1191352793269,8,1,0.649484812952296,1061.438773958,1678,12.66,1105.72400647589,1023.79431281908,1054.79800257903
513,FALSE,0.0964192970856198,0.881739607649717,0.0193468420301867,0.0152189953920815,34.2255504192466,8,1,0.618921981390683,1058.74180085992,1598,8.51100000000008,1092.70578617759,1028.94629379506,1054.57332260711
514,FALSE,0.323168846980133,0.910262880130622,0.0234388913786759,0.014892038804026,38.6002675262123,8,1,0.671973195175295,1066.2590884367,1343,10.081,1109.47662658073,1030.69379706277,1058.6068416666
515,FALSE,0.0267146196709564,0.898338176030672,0.0282193143194009,0.0111740862087096,48.0740331177345,8,1.91353194682143,0.673604020655649,1058.87719810769,1247,5.04500000000002,1102.39436324249,1029.40792142805,1044.82930965253
516,FALSE,0.0821245518416044,1,0.0180773977951951,0.001,63.1748174225239,9,1.8265385774801,0.652295867296154,1064.24238222497,1778,14.7500000000001,1104.76816849808,1040.90158212556,1047.05739605128
517,FALSE,0.255360540082892,1,0.0201909310222468,0.001,70.0267006155461,9,1.9916343047624,0.660309858539937,1064.51357393956,1626,17.266,1106.21942003584,1037.28663688579,1050.03466489704
518,FALSE,0.001,0.894304098625308,0.0235645909638204,0.0036849462444143,65.2293005259158,9,3.00576570521121,0.635738714254252,1060.59833182849,1575,7.76299999999998,1106.51841529792,1032.57243475148,1042.70414543605
519,FALSE,0.00117977654720756,0.900224356114036,0.0227041102710037,0.0141200866262211,44.2852565911021,8,2.07969122095023,0.627617967931705,1063.09013558848,1441,6.52499999999992,1102.18743892799,1039.07000830699,1048.01295953047
520,FALSE,0.001,0.901328835980128,0.0218232425664359,0.00891027408010995,41.1566381273998,8,1.62629692217011,0.635963009828763,1060.44025379046,1482,7.13000000000005,1104.42010965957,1023.16914094469,1053.73151076713
521,FALSE,0.00798389105101393,0.891142531847033,0.0169564888043775,0.0174710836971997,52.7128425182702,9,2.83696084386751,0.595763908094141,1055.47959369638,1935,12.151,1092.06168081124,1031.30062841312,1043.07647186476
522,FALSE,0.00216304152461835,0.870942300973931,0.0340439125912782,0.0109487882579707,56.7877252438361,9,3.92154588792362,0.624887563602911,1065.50404745929,996,7.90400000000005,1103.29583853055,1039.28784297969,1053.92846086762
523,FALSE,0.00320649577045071,0.880062632909371,0.0225085664439182,0.0143214042951633,39.9751898948465,8,2.00669724676375,0.618910200264685,1059.8804871369,1323,11.5760000000001,1095.44723412174,1032.28265006789,1051.91157722106
524,FALSE,0.00748539133971995,0.856846086771438,0.0275303410286038,0.0146200812462965,48.4427444686309,9,3.07469600792934,0.606466508722473,1068.55553937642,1216,5.17500000000007,1111.47698984826,1036.70816187896,1057.48146640204
525,FALSE,0.00439521198060553,0.982104690393168,0.0283800006375545,0.001,49.6909438961228,9,3.04410883187726,0.598218184210252,1059.79980396159,1061,4.98399999999998,1103.80602884625,1041.60016431804,1033.99321872049
526,FALSE,0.001,0.888230645129752,0.0315275971494135,0.001,80.2814342106108,9,2.98743121978792,0.62727767099726,1063.74139459884,1208,6.52899999999994,1100.59759627213,1045.66330386536,1044.96328365902
527,FALSE,0.001,0.843178652967226,0.028811308016594,0.00428444893848472,53.8859674278698,8,2.48824978287155,0.597892124225247,1063.95972009288,1290,6.77699999999993,1099.03642483961,1041.06781058491,1051.77492485414
528,FALSE,0.001,1,0.014895640059614,0.001,22.6050753893581,9,2.12087271440333,0.503358380844333,1064.72981161624,1551,7.5320000000001,1123.48720605231,1029.28322970579,1041.41899909062
529,FALSE,0.001,0.816784676733399,0.0276979499052936,0.00897125502925679,61.26877219163,8,1,0.656997812880075,1062.32520916927,1460,13.6269999999998,1089.24602852802,1040.15329448379,1057.57630449601
530,FALSE,0.010737563677898,0.891404231139081,0.0286037328227674,0.00200642242447239,68.152017648981,9,2.49161798635966,0.648080489200479,1061.02572333181,1229,5.41300000000001,1107.00046453391,1034.38863944536,1041.68806601617
531,FALSE,0.00332381141019604,0.847600699039385,0.0290795505866694,0.0108932427780085,61.4961450748595,9,2.93934902020182,0.621250779277066,1068.40899140889,1272,6.64500000000004,1097.76949458365,1049.48782832081,1057.96965132222
532,FALSE,0.00531284294877841,0.899764871830064,0.0238575989604309,0.00155317633557539,54.390858231493,9,3.08982120151319,0.60797583713832,1054.57311600937,1387,7.12100000000004,1102.01331920032,1024.10074483587,1037.60528399192
533,FALSE,0.114013559515337,0.910792596714694,0.0166006391386988,0.001,39.2173144650095,8,1,0.637713261936179,1059.88203640106,1839,8.43299999999999,1091.78636704799,1034.97355242067,1052.88618973452
534,FALSE,0.0175814608666712,0.854015000714359,0.0257051124122692,0.0152886593202644,49.3041074196592,9,3.12571432782007,0.613851854922526,1058.74679701882,1299,12.411,1096.01296724204,1028.30532468337,1051.92209913105
535,FALSE,0.21553057325564,0.942600744614205,0.0274955917099076,0.00406843317785802,53.4353103617333,9,2.8900677065853,0.618320123009373,1060.87915599141,1221,9.41799999999995,1108.6754069557,1034.18431412876,1039.77774688978
536,FALSE,0.23164643815887,0.938683232594224,0.023073514595186,0.00213872420890378,60.0504806126783,9,2.45442750283937,0.644784943841796,1063.35725428199,1421,13.5649999999999,1115.582474043,1033.13589154449,1041.35339725847
537,FALSE,0.262681755948247,0.838188944115141,0.0156885750619218,0.00922042781932543,32.856850337725,8,1,0.551005385167651,1064.15937180607,1964,12.376,1102.71462880728,1032.1216221577,1057.64186445323
538,FALSE,0.21983895787477,0.978847676444886,0.0151518700244557,0.001,63.2700258341302,9,1,0.67628848476073,1069.49577410566,1935,13.1929999999999,1114.3741327515,1035.10358411437,1059.00960545113
539,FALSE,0.423049959852641,0.975503469349095,0.0142087621693767,0.001,51.0676298780503,9,1,0.609055226758494,1064.67770165948,2073,13.4910000000001,1104.24265304765,1037.05515225324,1052.73529967755
540,FALSE,0.059083474977956,0.884975302573382,0.0169505721085107,0.0109900770672934,37.0835968877181,8,1,0.596561611659195,1057.99953275128,1729,11.24,1095.22899559739,1030.9363922171,1047.83321043934
541,FALSE,0.646091978530138,1,0.0165368535604664,0.00946792424889221,42.1026894833638,8,1,0.702828151524935,1066.41449080407,1722,7.55399999999997,1112.10893401164,1033.81912529406,1053.31541310651
542,FALSE,0.106929652362807,0.919618198339407,0.0181099244876761,0.00433936185593957,45.9216905568195,9,1.17899361041627,0.600945391648606,1064.69806480424,1636,9.98199999999997,1112.88300192689,1028.77516499226,1052.43602749358
543,FALSE,0.273271209394084,0.936297728151775,0.0147452955057713,0.001,60.8448163687247,9,1.5450430986059,0.664347689893687,1063.2777217446,2163,13.3530000000001,1113.63728830473,1027.37046394583,1048.82541298323
544,FALSE,0.001,1,0.0139996686475894,0.001,59.8405057000636,9,1,0.686861466527922,1069.4319712329,2051,10.862,1120.70745383169,1034.66889236351,1052.91956750351
545,FALSE,0.473276082107448,1,0.0167571951182518,0.00306981751255631,49.6388855025032,8,1.20540325220211,0.678933081169619,1063.88431996376,1944,10.781,1117.23833113357,1032.99340919757,1041.42121956013
546,FALSE,0.0141959376745968,0.954883222751107,0.0196882676407593,0.00339570107329039,79.3641428146049,9,1.92466219820333,0.644142485560418,1060.29319486784,1920,10.1419999999999,1097.89727316811,1032.99187135477,1049.99044008063
547,FALSE,0.37507571123419,0.978865245966286,0.0151802303263347,0.001,55.7203440723419,9,1,0.630756966593921,1070.65518871674,1856,17.8549999999999,1113.38085856153,1044.70941897167,1053.87528861703
548,FALSE,0.55842926573791,1,0.0141468878678255,0.001,60.418628048919,9,1,0.698751356943103,1072.6014024955,2110,13.071,1119.07545535679,1042.91827535168,1055.81047677802
549,FALSE,0.00367172649700008,0.924676867957515,0.0216475878182875,0.00317311572810853,57.4060297809927,8,2.20115059942596,0.650685801197984,1059.84923478116,1808,8.74099999999987,1104.21063959345,1038.9290802624,1036.40798448763
550,FALSE,0.001,0.941132179470758,0.0213709723542866,0.001,54.1240700957549,8,1.4448053142233,0.640609249707762,1056.2632077724,1526,6.53700000000004,1102.29610955771,1032.01931482119,1034.47419893831
551,FALSE,0.239965425720863,1,0.0117363960392233,0.001,36.6249189388797,8,1,0.646951773794697,1065.33432492129,2205,10.421,1112.83247901911,1034.15117201364,1049.01932373113
552,FALSE,3.01674802482473,1,0.011022961495703,0.00652498914650123,40.421332021175,9,1.17866778957484,0.68796181054694,1069.46177906093,2397,17.463,1123.42369776461,1027.62628370176,1057.33535571642
553,FALSE,0.418429939672497,1,0.0108946537053572,0.001,38.7362657980928,9,1,0.636692788828816,1068.98600457614,2425,17.7539999999999,1118.43240908402,1029.00805394238,1059.51755070201
554,FALSE,0.0107556533127507,0.933881821992496,0.018323493184156,0.0033229444631253,59.2653268786854,9,1.32832821447577,0.658842781462569,1062.17155967504,1772,11.647,1103.2104563721,1035.5147167992,1047.78950585383
555,FALSE,0.606204265525419,1,0.0120988841910615,0.001,50.0164384422581,9,1,0.599489369120326,1065.49006379706,2505,24.1059999999999,1108.94599862441,1035.8716187158,1051.65257405097
556,FALSE,0.617228553328025,1,0.00949703560132581,0.001,29.6872686605278,9,1,0.575839766504865,1068.24599540518,2428,19.937,1115.8170953029,1033.16897406233,1055.7519168503
557,FALSE,0.485662682771051,1,0.0131165398715251,0.0014887045879774,45.3702842596893,8,1,0.689554364468204,1066.97970865182,2326,19.7670000000001,1113.31655194343,1034.76320932886,1052.85936468316
558,FALSE,0.001,0.921993371301314,0.0216965238173586,0.00156779160574924,67.778496071385,9,1.924582993688,0.639280624438861,1062.34551993968,1608,11.3039999999999,1094.56704736408,1040.82722276041,1051.64228969455
559,FALSE,0.001,0.872380143194286,0.0269385875462618,0.00291624756130931,49.2875897755888,8,2.43184537572573,0.606325627597125,1062.58083107641,1363,5.5449999999999,1111.55532372611,1039.84219612085,1036.34497338227
560,FALSE,0.00107257796919307,0.886120824414544,0.0247419852000881,0.00167459393891103,49.7054943950291,8,2.69492291019025,0.583680490615284,1058.65713089836,1309,5.428,1099.82978278274,1036.91521680662,1039.22639310572
561,FALSE,0.00105741379578549,0.888196292993681,0.019599605810221,0.00570160256974551,23.3207390031858,8,1.78622475605652,0.493486424010283,1060.86662505049,1335,8.07400000000001,1098.60256991554,1029.79630726462,1054.20099797131
562,FALSE,0.001,0.872650594340555,0.0264791155113629,0.00636852227781272,44.6315357755596,8,2.61067627687144,0.598143877198524,1061.28618002969,1347,8.15000000000003,1107.59946138938,1029.18595953031,1047.07311916937
563,FALSE,0.00127903697162952,0.887347195033095,0.0209819757463401,0.0220863070292252,26.8539192165596,8,1.89263306819929,0.507370301527519,1058.89210986508,1477,5.72000000000003,1101.17817747117,1035.8298660894,1039.66828603465
564,FALSE,0.001,0.907700493980401,0.0289008058413037,0.00395575775323841,48.3732576880005,8,2.78307510107119,0.651473460302459,1058.71498750857,1254,14.763,1102.12828784377,1031.57332395037,1042.44335073159
565,FALSE,0.001,0.840464100362775,0.01812127997723,0.001,3.79851174748728,9,1,0.237800127930085,1088.75614288216,937,7.31200000000001,1119.75436898855,1043.15942427948,1103.35463537844
566,FALSE,0.0800159696498192,0.864411432598154,0.0313392308616169,0.0397335105159805,36.3585437427386,8,2.36048759449365,0.566604028048858,1060.33106563501,1055,9.86399999999992,1102.0253998447,1036.25956988106,1042.70822717929
567,FALSE,0.0601766289040601,0.842198495117968,0.0268796175729204,0.0460614392998194,38.2369179268731,8,2.24051344623643,0.577507976871078,1063.55449396255,1247,8.32899999999995,1096.57566770764,1038.18622506314,1055.90158911688
568,FALSE,0.0503945223667031,0.872811162133187,0.0258546613735527,0.0126846350939249,50.1894136438707,8,2.42524332382571,0.596911127074028,1062.51342596638,1346,5.91799999999995,1106.10810107353,1042.32782797905,1039.10434884657
569,FALSE,0.00843503567169038,0.87444977032786,0.0213005997575723,0.0191148438650883,30.8598419136062,8,2.00937506216268,0.50839937995318,1064.87739407746,1412,8.69400000000002,1100.72749800245,1033.27926325177,1060.62542097817
570,FALSE,0.00130191932878674,0.886521722861631,0.0218066368819342,0.0109728840721299,36.353932150385,8,1.99798504117663,0.539108782881511,1056.58402773905,1311,6.89099999999996,1101.98977627988,1022.75895822564,1045.00334871163
571,FALSE,0.001,0.892367936411814,0.0195950490585727,0.00430982138242872,29.3388174413891,8,1.82800968826463,0.450276022386146,1067.55190975296,1432,7.89400000000006,1111.33544948598,1039.01504167102,1052.30523810187
572,FALSE,0.0272943794392787,0.864834867347646,0.02268728634381,0.0433741697179363,21.7108420375983,8,2.03753547315496,0.516008411043587,1062.11383659674,1201,6.92099999999999,1112.33364218968,1030.55433709695,1043.45353050358
573,FALSE,0.0578647467884697,0.893184420515764,0.0219233083312106,0.0166527197633373,57.5052409156804,9,2.1248732048908,0.607387900228496,1064.09223924911,1426,8.6380000000002,1104.4429568234,1042.0197691955,1045.81399172844
574,FALSE,0.0668873056793514,0.862770170501774,0.0272518071094293,0.0420751118879226,46.8368539170796,8,2.70645578832866,0.59596827232491,1060.13761033252,1296,5.81299999999999,1102.00600290308,1028.35685938572,1050.04996870874
575,FALSE,0.0658193963815025,0.919748367510666,0.0171705292786003,0.00239682252989065,63.690441578545,9,1.69831735077582,0.660671764746586,1059.9326845429,2091,9.58500000000004,1094.98697267567,1033.9035694701,1050.90751148294
576,FALSE,0.0216147205678171,0.871646007457818,0.0236769173975212,0.0165905022670537,43.120283169386,8,2.2114032275572,0.563707074860516,1065.65524917349,1449,13.754,1109.30174330992,1036.67573985779,1050.98826435274
577,FALSE,0.0943128556192901,0.870202333318894,0.0242738067639223,0.0174487180428714,61.0038162548237,9,2.2987974387688,0.664009731399701,1063.94750616584,1397,14.0930000000001,1107.66630203552,1034.82661825098,1049.34959821103
578,FALSE,0.0606141938438199,0.865643652533727,0.023854166936358,0.0392341997010317,35.4211933398695,8,2.19074757356768,0.551152139177544,1065.95744866888,1438,7.024,1102.43734378976,1037.50358182433,1057.93142039255
579,FALSE,0.0453422625697526,0.924701374353355,0.0165391926685929,0.0149817186898002,33.6759471396876,9,1.45226897736732,0.549252050502385,1069.34277136578,1463,12.058,1111.9025404418,1040.0807799004,1056.04499375513
580,FALSE,0.0537887039011772,0.858379081041355,0.0259538917524979,0.0281313800134662,38.6813383865926,9,2.79329430140219,0.580552490080694,1056.68476263626,1131,12.962,1096.25065587885,1019.06200075755,1054.74163127239
581,FALSE,0.0540893752730009,0.907594540852969,0.0148235532121941,0.00940790166600409,38.9096055626883,9,1.29068886987428,0.578575527319619,1057.1758715464,2015,20.3260000000001,1097.39891330124,1020.8856048383,1053.24309649965
582,FALSE,0.0567912589670089,0.918253688683928,0.0166164720989921,0.00664806577488026,55.1553437878871,9,1.61404089713128,0.638168605411079,1061.58231176612,1886,12.5139999999999,1103.76073687976,1034.09423459752,1046.89196382106
583,FALSE,0.0739122958200906,0.934946574780282,0.0181166248224198,0.00125411309816641,72.0604512702493,9,1.66047848179121,0.673871148008315,1061.17150703633,1903,9.52300000000002,1105.04348838327,1031.06840151421,1047.40263121151
584,FALSE,0.108146729551034,0.933648982465414,0.0167091585228761,0.0125185600274834,51.8709478959486,9,1.5277260189048,0.636218790513853,1060.73301749779,1859,20.5599999999999,1113.09930617586,1027.4567156063,1041.6430307112
585,FALSE,0.001,1,0.0204115889301797,0.001,65.1867217293255,9,1,0.730217851696979,1075.16706962398,1576,11.3139999999999,1118.34163803859,1047.63646449961,1059.52310633374
586,FALSE,0.00185070974319793,0.963411621761046,0.0183630325570189,0.001,68.951659092911,9,1.42309276979834,0.711211180650929,1064.73456878553,1784,11.276,1113.09779996366,1031.78860440565,1049.31730198729
587,FALSE,0.001,0.928567087116912,0.0220376793803578,0.001,49.5056306943242,8,1.49116535759625,0.612657860930441,1059.16588681656,1629,7.05499999999995,1101.07354324065,1031.90897178711,1044.51514542192
588,FALSE,0.001,0.960588029775318,0.0215045988254383,0.001,63.0194001216766,8,1.26460929590915,0.669708881469207,1057.76016032203,1627,6.96900000000005,1100.03971178463,1036.06535984012,1037.17540934135
589,FALSE,0.001,0.95560640840047,0.0192623017122604,0.001,45.194022534381,8,1.13002379902988,0.62277919515551,1056.59402730352,1774,7.03100000000006,1099.11595862935,1024.85110160678,1045.81502167444
590,FALSE,0.001,0.911993482368306,0.0161071083627975,0.001,71.1950682281893,9,1.68903108664965,0.68506697574389,1061.86330908601,1986,12.0959999999999,1098.76295767679,1033.22993999156,1053.59702958969
591,FALSE,0.0459412718766206,0.909148604968357,0.0154524639641789,0.00160147698958447,61.4013004472351,9,1.87708639036249,0.646535343030526,1058.39728205697,2200,15.9829999999999,1103.09668128926,1030.13694611366,1041.958218768
592,FALSE,0.0585009031829283,0.91152366863024,0.0134291408660714,0.01484975584032,45.1301028356893,8,1.62100682393577,0.598324243195535,1059.99672360712,2470,11.808,1096.64733732183,1037.46496208403,1045.8778714155
593,FALSE,0.001,1,0.0202472535803728,0.001,56.3258059828962,8,1,0.661672028839918,1066.79251352347,1807,20.562,1111.29901303569,1041.73436782227,1047.34415971245
594,FALSE,0.001,0.939985507623541,0.0165891680557799,0.001,74.9406591109914,9,1,0.721787409771876,1068.21581730419,1980,14.835,1104.47732460357,1039.118874954,1061.05125235502
595,FALSE,0.001,1,0.0200469011838801,0.001,43.0298252281856,8,1,0.586794820438792,1061.34195938878,1545,15.356,1097.27730396667,1031.14596925761,1055.60260494206
596,FALSE,0.001,0.911155031561826,0.0129353628557485,0.001,56.4675135962782,8,1.87377368298884,0.681380527271887,1057.76384868385,2787,14.0919999999999,1095.8581687101,1029.5832128583,1047.85016448315
597,FALSE,0.0137568898176101,0.930932725018912,0.0194953866061423,0.001,67.5825980905541,9,1.72840299115766,0.68398188747838,1059.18050404575,1850,15.5350000000001,1100.81262328495,1027.3891692378,1049.33971961449
598,FALSE,0.001,0.927966318700245,0.0240800115306904,0.001,62.6280561682124,8,1.817457299949,0.650704887159428,1057.21488933282,1676,7.90799999999996,1094.29497584746,1035.76080909493,1041.58888305606
599,FALSE,0.0750278974489038,0.884857901713746,0.0237950906784938,0.0148996027748789,43.1441935812479,8,2.19574921078835,0.556327652566684,1065.52362776495,1304,5.86799999999994,1108.82580019428,1036.13783467643,1051.60724842414
600,FALSE,0.001,0.966762173614455,0.0185534839585728,0.001,62.385081251823,9,1.29959569368279,0.686232451866855,1061.76283414198,1782,22.715,1107.94143486237,1030.30614286703,1047.04092469654
601,FALSE,0.217882240731935,0.890608365672136,0.0230000321359354,0.0348667808121011,38.2506845635938,9,2.42860589223321,0.562292493493892,1067.8714042719,1279,6.99099999999999,1112.05479233869,1034.50538521848,1057.05403525852
602,FALSE,0.001,0.905140589052521,0.0227087800935575,0.001,60.5348068350651,8,1.69051021486989,0.611630980716726,1057.99730995188,1644,10.0080000000001,1098.47363597565,1038.1225743644,1037.39571951559
603,FALSE,0.001,0.911973768877249,0.01998475398909,0.001,44.9106585978178,8,1.3598156108577,0.548930358954151,1061.83037343797,1813,15.3660000000001,1107.45179930463,1040.00315379046,1038.0361672188
604,FALSE,0.001,1,0.0269154864862608,0.001,76.4313974073772,8,1,0.653543312740215,1066.73087969417,1577,15.466,1106.78697099792,1045.66840176116,1047.73726632343
605,FALSE,0.001,0.941102760756876,0.0249158227063723,0.001,65.0561159248152,8,1.57015373520825,0.652749639184197,1058.12559627546,1543,13.4890000000001,1105.69153660816,1037.94279811855,1030.74245409967
606,FALSE,0.146142663505415,0.881590172646615,0.0240484249327376,0.0140841008911209,42.5182952904556,8,2.30605855677357,0.559278926871366,1062.10863779292,1436,5.80599999999987,1100.39723751521,1047.26251880546,1038.66615705808
607,FALSE,0.206517406294811,0.884245103139738,0.0240626128024639,0.0441701680707683,37.5977072505968,9,2.53610178354056,0.536702407673358,1061.65707210618,1147,7.93499999999995,1111.77683531152,1029.72956471262,1043.46481629439
608,FALSE,0.001,0.94486655958354,0.0252909680297938,0.001,83.8197686550178,8,1.2620305505603,0.620803918637645,1063.50079438677,1643,16.1220000000001,1103.8675923722,1041.88459157227,1044.75019921585
609,FALSE,0.165756728832007,0.89382428972634,0.0247964196800189,0.0212142560160868,41.2861006398796,9,2.45664208599536,0.556113484547691,1062.86160047551,1290,14.371,1107.16960443479,1030.80727595091,1050.60792104084
610,FALSE,0.219929826647023,0.895091801745604,0.0279256944576483,0.0465102452664855,37.300999317946,9,2.71062394594992,0.578052903560322,1064.20958151398,1073,6.26600000000008,1107.44332247448,1033.59808158746,1051.58734048001
611,FALSE,0.183197442638045,0.871712039593327,0.0252140484031573,0.0217086647723394,39.2504922599133,8,2.42486041881124,0.566903506707351,1058.04043762424,1323,6.92800000000011,1108.15263463151,1027.52662727619,1038.44205096502
612,FALSE,0.186320866727613,0.900648769966414,0.0244904560458384,0.0271277513009878,37.0725644170205,9,2.51571023542872,0.537224759590521,1061.8069104772,1138,8.99900000000014,1100.67377504266,1037.02730290868,1047.71965348028
613,FALSE,0.15927018571412,0.894921232738926,0.0265487098954003,0.0211616321513562,36.2617492155417,8,2.25460834003305,0.554246118963508,1059.85680183883,1182,6.47500000000014,1116.27413958311,1022.87507243129,1040.42119350208
614,FALSE,0.184250268068239,0.891823873174899,0.0197766804716408,0.0284630730341127,39.407243348923,8,1.7815233165745,0.54288132657541,1060.30464502396,1847,8.43099999999981,1096.93115365608,1036.31392191738,1047.66885949841
615,FALSE,0.138784304982964,0.883531615077408,0.024522684650036,0.0132529058351603,44.4231362573679,9,2.32627292429205,0.551930375670312,1057.94912648703,1435,14.2590000000001,1103.09795269716,1025.78626951368,1044.96315725026
616,FALSE,0.117833331421055,0.899744446197108,0.0159221176998556,0.0265308700637327,37.2613881813242,8,1.83295295624184,0.555783753694292,1061.83301057258,1860,8.33699999999999,1097.43693188639,1040.73776447206,1047.32433535928
617,FALSE,0.246082928164163,0.894720485827542,0.0185951701274163,0.0297394406168719,33.2209323824634,8,1.92560568450925,0.544468856472212,1060.87756615608,1566,9.38400000000001,1104.91032967191,1030.37534070465,1047.34702809168
618,FALSE,0.0164022684799479,0.908057084458201,0.0157334475357403,0.00318840703939471,46.6759717247312,8,1.92493535389031,0.581135596091293,1062.46058127855,2111,8.37599999999986,1100.15768797124,1041.84273509893,1045.38132076547
619,FALSE,0.191867553728634,0.886763810989846,0.0208664198299645,0.0260028263656253,38.2702268901009,8,2.20397208462431,0.562935006857287,1058.74676286552,1529,16.542,1098.1813186674,1037.87498211798,1040.18398781119
620,FALSE,0.001,0.881425409100577,0.0140260653744017,0.00126296908269279,47.403763304944,8,1.43037541619482,0.690817622339567,1058.1209049734,2335,8.87599999999998,1098.63755717449,1029.11024225547,1046.61491549023
621,FALSE,0.0792346913895421,0.901864847971909,0.0143396397467965,0.0225827268698185,31.5353331371441,9,2.57316917267664,0.626476445453872,1056.10916631837,1683,8.15700000000004,1100.26038246352,1021.10722335717,1046.95989313443
622,FALSE,0.0848935289981727,0.945089358667817,0.0183474927576442,0.0194374104089028,32.4919449282037,8,1,0.494444825799034,1063.66284227496,1666,14.12,1108.3724046456,1037.00651692844,1045.60960525083
623,FALSE,0.0724304036337829,0.906155269185467,0.0158972572939164,0.0131976620197528,40.2270555251475,9,2.38027507023432,0.644079619024077,1055.95172607854,1705,10.1600000000002,1108.61754144986,1011.47100368054,1047.76663310524
624,FALSE,0.130031353810998,0.901809064115146,0.0174131614340493,0.0129040032780795,42.0484121827342,9,2.47035896420993,0.639504852998669,1059.52844562901,1779,18.556,1109.53927682382,1015.80370497648,1053.24235508674
625,FALSE,0.001,0.907747425622833,0.0123354708253225,0.001,30.0408220922439,8,1.52646611214845,0.6469884017581,1057.93897978493,2288,16.912,1099.06466662294,1026.83431769789,1047.91795503396
626,FALSE,0.00120275506291069,0.904228933387678,0.0160552424547781,0.00105762932904712,64.526777853253,8,1.34757368554993,0.698311514128345,1059.66390057225,2321,11.3880000000001,1095.14994737942,1037.65536344695,1046.18639089037
627,FALSE,0.0673422385098382,0.903312543507709,0.0167547819646714,0.0109227304299137,41.7024774986478,8,2.00959344528081,0.567354386260313,1059.15634698133,1927,13.207,1101.52917789674,1029.62605170157,1046.31381134568
628,FALSE,0.0110450805258857,0.951221446637267,0.0277923134246298,0.001,95.4317386324214,9,1.66444798309226,0.639567281399201,1064.19025126776,1526,8.97400000000027,1104.67226756077,1046.77975879998,1041.11872744252
629,FALSE,0.0451946766745209,0.896187626001511,0.0140494647441079,0.0100628283375605,40.47538065792,9,2.41346561801979,0.637192486599098,1061.15144287151,1945,14.9339999999999,1101.60524067821,1028.12371968678,1053.72536824953
630,FALSE,0.0140432431600381,0.938659521979396,0.0293801055624329,0.00113874113141755,86.919129128521,8,1.42403382992439,0.613787347792594,1059.07783407601,1505,5.93499999999995,1094.19225243336,1046.43225821842,1036.60899157624
631,FALSE,0.001,0.906276611754857,0.015074213800411,0.001,52.9317863292029,8,1.31031311169698,0.666476939350488,1057.35626681005,2358,19.8130000000001,1098.35520683649,1029.73099857058,1043.98259502308
632,FALSE,0.00599490257458088,0.974522815905074,0.0307550078738291,0.001,77.0525065664377,8,1,0.544930214447496,1069.88990961516,1312,6.40000000000009,1103.43364134942,1059.85494959963,1046.38113789644
633,FALSE,0.005144448976341,0.888945677722365,0.0165016840932114,0.001,45.7740364152949,8,1.9970074275055,0.652621749176097,1060.31886047643,1903,16.9300000000001,1102.20125082214,1029.77541558998,1048.97991501716
634,FALSE,0.00192916839172694,0.909999755979796,0.0152256278790532,0.001,39.9085107099116,8,1.59884207897973,0.658095368025194,1058.13540103992,1997,16.962,1106.18618202155,1021.25830067976,1046.96172041846
635,FALSE,0.00135678659520359,0.89745608678997,0.0169260820324812,0.001,61.3890179893225,8,1.63423562056879,0.678449296965132,1060.15941389986,2051,12.2450000000002,1103.91914549564,1033.34481890654,1043.2142772974
636,FALSE,0.00982335556338082,0.918684725788668,0.0188416491722732,0.001,76.4605809717677,8,1.96636638717356,0.655157802699142,1065.14675810305,1953,10.971,1111.52460180363,1042.78304616653,1041.13262633899
637,FALSE,0.00452109800729711,0.99229641109683,0.0288733047061304,0.001,68.6166431324534,8,1,0.509444477729432,1068.93192254082,1478,7.27800000000013,1101.70533708593,1053.45056732447,1051.63986321205
638,FALSE,0.001,0.891225110137753,0.0140991587459804,0.001,49.5853272018265,8,1.73576107722152,0.642902718408327,1060.35725264859,2543,14.448,1094.30002390742,1041.94223362613,1044.82950041224
639,FALSE,0.0161719063823338,0.888216121526208,0.0142761243947462,0.00194107603958193,38.1109450855807,9,2.29582841132659,0.671318203155881,1060.19229747818,1873,14.1809999999999,1101.26960423854,1023.39033824581,1055.91694995019
640,FALSE,0.001,1,0.3,0.001,0.001,12,100,0.1,3196.69776748026,535,0.990000000000009,3303.40453940413,3207.37206259472,3079.31670044194
641,FALSE,0.0140769685407865,0.941936083422059,0.0300888199538943,0.00100028336033711,80.3013966708557,9,1.82729448708192,0.622400406323402,1061.10212596373,1272,12.1550000000001,1109.12961891897,1029.49318603781,1044.6835729344
642,FALSE,0.067910284718563,0.919918089305917,0.0238439390534164,0.00700628836276971,58.9332139239279,9,2.00239697330072,0.592380236512136,1059.97541292841,1419,10.766,1102.86912879923,1035.77378157181,1041.28332841418
643,FALSE,0.0222154161382058,0.930067339680112,0.0238387596806411,0.00302781685086139,59.0965577459728,9,1.87015851090252,0.580991956310565,1064.0809260011,1364,8.44000000000017,1112.56762751184,1027.35391409179,1052.32123639969
644,FALSE,0.0139191794682863,0.937156903717691,0.0289406250554906,0.001,75.3923962336371,9,1.89358022312955,0.606694938889387,1061.12960527543,1276,15.3459999999999,1108.68511325762,1034.41484082675,1040.28886174191
645,FALSE,0.0260528492684441,0.956782814782084,0.0306019826731151,0.001,89.3780880095825,9,1.88462349099389,0.608907478497994,1067.54957793218,1312,18.3399999999999,1111.28633662124,1046.26042437027,1045.10197280502
646,FALSE,0.117711207453549,0.94664018510451,0.0203760924549146,0.0270014964975966,35.0419050877896,9,1.80519444042988,0.566938600067832,1062.76819657519,1347,6.40999999999974,1112.47404927603,1031.48735365057,1044.34318679898
647,FALSE,0.001,0.882329923073795,0.0150166330452704,0.001,70.5880576300743,8,1.19783692397587,0.668200942111754,1061.75397069708,2677,25.1130000000001,1093.8933298812,1040.69394540513,1050.67463680491
648,FALSE,0.130327250558992,0.920629657810012,0.0209960151987687,0.0245904765684839,46.9941036269194,9,2.02884257921905,0.589526293584964,1060.97476935989,1410,10.3639999999998,1100.50477119382,1028.40787358367,1054.01166330218
649,FALSE,0.0158686100381442,0.913690857417893,0.0200175477590674,0.00441382599444546,58.0416943082417,9,2.00534978763343,0.59657517274988,1059.23285656886,1664,13.008,1104.41658768019,1039.76570325859,1033.5162787678
650,FALSE,0.0225043124988285,0.927125867317775,0.0220444744093742,0.00124148546487781,57.772057882718,8,1.69656129107193,0.571510120972679,1060.29525262108,1720,7.77499999999998,1100.59766404465,1037.50308769311,1042.78500612546
651,FALSE,0.001,0.915843112978182,0.0116776591700676,0.0375862744242387,19.1853568823423,8,2.04442583672445,0.584374489342886,1064.84000063028,1931,7.22700000000043,1112.80044383439,1031.10313873722,1050.61641931923
652,FALSE,0.0978345436108006,0.907126513210384,0.0185074400501138,0.0283663186748356,29.561486690777,8,1.80241577102705,0.622404106404507,1062.39513195004,1545,9.49599999999998,1100.13951228372,1020.94912564541,1066.09675792099
653,FALSE,0.0831758154567035,0.91474228431698,0.019760868169079,0.027850833758278,43.4439385333942,9,2.57466475941006,0.62290386699534,1061.51131288539,1464,18.8039999999999,1108.41464292579,1026.47308268994,1049.64621304045
654,FALSE,0.0469179126557025,0.980507896797476,0.0202875324968185,0.0225106092676016,42.1944437588239,9,1.12803266325293,0.519731625816427,1056.53148693598,1436,8.67399999999986,1110.11144941191,1025.82199300294,1033.6610183931
655,FALSE,0.0934067137421407,0.947125698724046,0.0221582086180502,0.0282079182979948,47.4236821338528,9,1.88782447715884,0.575858315028839,1058.11000141676,1465,13.8479999999998,1109.17061683947,1019.56252364181,1045.59686376902
656,FALSE,0.0981137348608836,0.93241526489742,0.0209043737239514,0.0171123718064601,48.4515239951494,9,1.65354860949722,0.569357887508667,1063.49598815331,1367,12.901,1104.18916239437,1038.94331268068,1047.35548938486
657,FALSE,0.001,1,0.001,1000,0.001,12,1,0.1,1223.61956514489,5000,45.688,1250.49897859941,1211.58658244287,1208.77313439238
658,FALSE,0.0640603363936695,0.930952993616647,0.016370922166902,0.0447148609853484,27.1947454159819,8,1.76018329262806,0.604005932000987,1058.50498629069,1647,10.9760000000001,1101.81318542859,1022.95710585202,1050.74466759146
659,FALSE,0.0207767152715632,0.891733656632854,0.0153765825830824,0.0161846183576493,30.625318737141,8,2.24402362607062,0.615814556647379,1062.2971506534,1761,16.6369999999999,1112.87918125289,1019.76156472013,1054.25070598719
660,FALSE,0.101296011611261,0.899073892383264,0.018773399975225,0.0366908028106851,34.6750593818902,8,2.21242539626464,0.639178964767997,1056.46942706762,1651,13.1979999999999,1099.94602901983,1023.484617241,1045.97763494202
661,FALSE,0.00850205142666216,0.904785329953524,0.01440657843996,0.0218749906358158,25.880788756504,8,2.07770647581645,0.616444433531961,1061.45274374265,1742,9.81999999999982,1112.12929813771,1016.48997663897,1055.73895645126
662,FALSE,0.0824833641900248,0.905073118292919,0.0170773825779773,0.0315118544627486,27.8071807523257,8,2.04945939479252,0.634341319236853,1062.73562956903,1753,8.51400000000001,1108.2262950182,1027.93470234734,1052.04589134156
663,FALSE,0.001,0.724125702078023,0.001,1000,0.144150509469934,12,100,1,1616.51691467267,5000,19.5609999999999,1674.50678506406,1576.63895873662,1598.40500021733
664,FALSE,0.0146719919460493,0.90531075529473,0.0168913940599523,0.00668257613885366,32.9695662574777,8,2.10454133072823,0.571114674674995,1057.57125575682,1813,6.75599999999986,1101.53219474723,1029.13069890622,1042.05087361702
665,FALSE,0.019614471996836,0.902592200458384,0.0155207616921634,0.0103181241130058,34.4352391555031,8,2.10906695607595,0.597844795754328,1062.30382050543,1768,16.9529999999999,1101.17423470346,1038.42629732877,1047.31092948404
666,FALSE,0.00676062155061577,0.900407858289331,0.0139966681456989,0.0217586659074758,27.5585670196474,8,2.19922561179868,0.620336735152495,1059.24826085083,2040,19.5120000000002,1097.41909336789,1020.79119630327,1059.53449288134
667,FALSE,0.00366117337629047,0.871296926233462,0.0215255838799949,0.001,73.5863015831572,8,1.20317959792129,0.631356406011297,1062.46049875656,1958,9.22799999999984,1100.75768430243,1042.49380487194,1044.13000709532
668,FALSE,0.0159623652463588,0.905011689657304,0.0154128584041141,0.011921672710501,33.7399366401474,8,2.17168067325363,0.602348716152976,1064.47661136092,1861,9.64799999999991,1101.32835898817,1038.23245715332,1053.86901794127
669,FALSE,0.001,0.903179411348671,0.0226747565783677,0.001,82.0464481005072,8,1.73826353601588,0.670288048025334,1064.43757704283,1628,10.8119999999999,1097.85788686376,1041.86750258199,1053.58734168274
670,FALSE,0.00528399034258822,0.898121413422746,0.0212011292799352,0.001,68.3164748793114,9,1.66332662433767,0.614139253914296,1062.99213671043,1550,9.50999999999988,1097.14187283777,1039.87301228751,1051.96152500603
671,FALSE,0.0108855824504655,0.913739406512146,0.0190860782518516,0.00265216888521632,41.6842188246937,8,2.11264296982503,0.62462280463672,1056.77838889755,1762,19.1429999999999,1100.12535028576,1019.0644933983,1051.14532300859
672,FALSE,0.019802723410807,0.912166013357835,0.0144044552830976,0.0123086113207911,29.2599165842066,8,2.32426182231912,0.607467957812408,1059.77005266001,2071,17.7669999999999,1098.30464628628,1025.52216005856,1055.48335163518
673,FALSE,0.001,0.899671776005236,0.0291299641051751,0.001,88.0949734088181,9,1.01523868680798,0.5432689051338,1062.61572596132,1568,7.12300000000005,1100.18254002253,1045.99878423918,1041.66585362227
674,FALSE,0.001,0.891700468903164,0.0179578860272399,0.001,60.0546641973877,8,1.55098428451195,0.604951296891518,1059.10949945344,2048,11.8019999999999,1094.77695746311,1036.06341805093,1046.48812284628
675,FALSE,0.001,0.840072347329064,0.0217139560843242,0.001,63.2739416026024,8,1.49373434967397,0.67645887938446,1066.02535026787,1981,15.3309999999999,1097.83898675676,1044.89925958578,1055.33780446107
676,FALSE,0.001,0.883996572617314,0.0134171826573721,0.001,39.9677399918867,8,1.72378523038445,0.6065687135098,1059.909207452,2146,15.6859999999998,1092.87599469593,1037.35370155177,1049.49792610829
677,FALSE,0.00179365893512042,0.887934730389864,0.014149654456774,0.001,49.2015764258185,8,1.56473383185147,0.616071821594039,1055.71584173435,2481,16.663,1091.1909229584,1029.38874730103,1046.56785494361
678,FALSE,0.001,0.861310406049631,0.024005948558568,0.001,66.8226576537082,8,1.81969114710177,0.65126440100401,1059.86995380171,1599,11.4389999999997,1094.38425157497,1038.417379727,1046.80823010315
679,FALSE,0.001,0.861046372555633,0.0192264796314529,0.001,63.6343533190242,8,1.19683150489184,0.607630093461761,1058.18472268732,1913,20.694,1096.00330123895,1042.33190608033,1036.21896074269
680,FALSE,0.00183992920773556,0.903113187850645,0.0230509937156433,0.001,75.749920021027,9,1.32212829636758,0.597340208758823,1064.48500760347,1671,13.6840000000002,1098.72481139058,1049.58207662691,1045.14813479293
681,FALSE,0.001,0.900531955931855,0.0225180176371334,0.001,67.7456032856453,9,1,0.549556297647024,1059.78197034487,1784,16.7149999999999,1092.05119577319,1041.60601976613,1045.68869549529
682,FALSE,0.00555849631316232,0.891263271471291,0.0216133602769754,0.001,75.058597429434,9,1.49387835549008,0.621336841203085,1062.11353533813,1732,12.9,1105.00546863822,1035.85397430415,1045.48116307203
683,FALSE,0.0123046873264099,0.888519425159392,0.0216379504161156,0.001,61.0070726758402,8,1.38298147328294,0.593567660662354,1062.78007206909,1825,12.597,1098.45130174361,1041.91234125878,1047.97657320489
684,FALSE,0.00244441962441818,0.902801497896847,0.0208288456808552,0.001,67.0417335729154,9,1.38026537035653,0.565208818420453,1059.13391016237,1738,20.9549999999999,1098.61185207976,1037.8468964925,1040.94298191484
685,FALSE,0.00230564531194073,0.904284791285938,0.0226009338771175,0.001,77.6418048909498,9,1.56552104752362,0.621039333316371,1063.2479946692,1785,26.8100000000001,1098.82004541713,1046.39583012747,1044.52810846298
686,FALSE,0.00196126930497625,0.899988996934113,0.0206763269160505,0.001,73.0837515629727,9,1.66420767896249,0.585706554480006,1058.01728000815,1958,27.7730000000001,1097.13845352855,1033.26995892617,1043.64342756974
687,FALSE,0.00901072385168474,0.89141765424772,0.0179794421537576,0.00455344049172217,50.9733499054678,8,1.45669494565965,0.598357939225049,1064.17169510624,1853,7.48100000000011,1102.70866570727,1035.80598877134,1054.00043084011
688,FALSE,0.001,0.882238119351364,0.0152670681998164,0.00159262252090863,45.2577038250451,8,1.67633786114317,0.613494919940583,1061.5629842907,2142,16.013,1101.33658013651,1032.33788665221,1051.01448608338
689,FALSE,0.0110411289175923,0.908857634394604,0.0153374378043634,0.00488687014401827,40.7697915092155,8,1.67466687669061,0.589549961362562,1054.34787173361,2305,9.64700000000005,1096.06777043639,1024.35670762534,1042.61913713911
690,FALSE,0.0264065455991852,0.920601230990591,0.0171952494582932,0.00335386385778003,51.534808734706,9,2.11226761535295,0.59319537132752,1059.03420665642,1877,13.773,1099.00765378132,1023.76343771335,1054.33152847458
691,FALSE,0.00135858820174752,0.901472926776847,0.0162430288772319,0.001,41.7924113855075,8,1.50935101814755,0.596125540129542,1053.1641689383,2027,11.8679999999999,1094.57604375114,1025.54323907777,1039.373223986
692,FALSE,0.0978922006264778,0.960193103714227,0.0173716764267761,0.0127947451900092,44.0985968890722,9,2.13037795735793,0.610968545738886,1062.631765219,1740,13.099,1112.86663543241,1033.70637678204,1041.32228344255
693,FALSE,0.0717774273168573,0.931202655682934,0.0171310412940982,0.0119738757469921,41.477645761233,9,2.29769003723235,0.620839193703842,1058.68204473814,1605,11.6719999999999,1107.01677596316,1026.09952810759,1042.92983014365
694,FALSE,0.042436611192947,0.988894323548869,0.0130156750142839,0.0159705210996679,25.153862267439,8,2.58414786328617,0.638998971275266,1060.25160500985,1931,9.12699999999995,1105.59103452974,1031.7690095565,1043.3947709433
695,FALSE,0.063543481943694,0.970571154360586,0.0161926044020977,0.0463609587320878,29.3922100839824,9,2.07619628439179,0.565776725359666,1064.21903078902,1639,12.4699999999999,1111.3019831454,1031.44359497254,1049.9115142491
696,FALSE,0.0205156524352203,0.935288745212713,0.0139803279732276,0.0179079641031774,32.053934341545,8,2.2463841882487,0.637883833410067,1056.34353133351,1947,9.05700000000002,1097.17189384089,1027.73622096225,1044.1224791974
697,FALSE,0.0185110331336943,0.929092942617045,0.0147262045747063,0.0384153608192206,30.9613961246319,8,2.32173126882862,0.623449872964428,1059.53702369342,2026,7.81000000000017,1106.07202051394,1027.6449086509,1044.89414191544
698,FALSE,0.0555183603267681,0.942109810280808,0.019811379088724,0.017000848790034,41.0100150695045,9,2.5266336571627,0.588317479642406,1063.00024864687,1407,19.6719999999999,1116.16968187329,1026.57593627636,1046.25512779095
699,FALSE,0.0609299438310646,0.949947059504604,0.0166705423956111,0.0230885112815997,35.0388396509051,9,2.48239623156402,0.623701062791851,1065.44139870189,1335,10.8909999999998,1115.30708149547,1025.93617117692,1055.08094343327
700,FALSE,0.0480666071474573,0.992939035442953,0.0136923047156455,0.0192910878294218,25.8702437124452,8,2.38440791089009,0.631893965032572,1059.580203507,1888,10.6579999999999,1113.29809841497,1018.01125997589,1047.43125213013
701,FALSE,0.0514577798074217,0.967229049675244,0.0149862984560057,0.030054592176759,31.1014597216434,8,2.43281591442868,0.62077169095807,1054.83078107893,1798,11.1439999999999,1100.38502500529,1022.84273213257,1041.26458609892
702,FALSE,0.00268085815898339,0.917953048427726,0.0138621104762776,0.00606581819950264,37.2212269559514,8,2.07416549996954,0.596467917451013,1059.50172973848,2137,18.5079999999999,1109.36783161545,1024.66751575129,1044.46984184869
703,FALSE,0.00991491503472068,1,0.0111486379309414,0.0229643564274154,23.9684438760859,8,2.47182928827977,0.637438264626305,1065.35997810843,2168,12.375,1117.24168920334,1031.16293668548,1047.67530843646
704,FALSE,0.0273853397476867,0.905313169677838,0.0204464714783898,0.00348547369019156,51.7852359624429,8,1.88597617469629,0.631999078851006,1056.09381596083,1656,6.53499999999985,1097.2247239873,1028.19072351768,1042.8660003775
705,FALSE,0.0782740890898055,0.959925380084913,0.0171907567763211,0.0261671423700342,34.1744664828259,8,2.31633875588487,0.623510899044109,1064.67448773302,1673,16.7499999999999,1113.43940674614,1028.75356515402,1051.8304912989
706,FALSE,0.0339600131970217,0.941327846110588,0.0136399675133213,0.0156685355989554,28.4465407276938,8,2.36765386379575,0.642598705132105,1062.284744882,1836,15.563,1106.05621484123,1026.74976641811,1054.04825338665
707,FALSE,0.0146964901840123,0.917326591863281,0.0189035637436153,0.00243058696746265,49.3340825517041,8,1.7518290185573,0.618780466044475,1063.87630855441,1628,14.4290000000001,1113.68951837987,1028.61185973228,1049.32754755107
708,FALSE,0.051966509680427,0.913794458871068,0.0156727492308004,0.0162573277185237,35.790398133047,8,2.14160606778472,0.626970900289722,1060.8444865471,1929,14.7710000000001,1102.18723773014,1031.02440592188,1049.32181598929
709,FALSE,0.024352596716718,0.897856223947698,0.0171255805941072,0.00932539385893517,45.4789724033226,8,1.76483793855709,0.614092135935572,1056.66499785154,1972,13.576,1099.53680696267,1035.88520068317,1034.57298590877
710,FALSE,0.0562902181584358,0.919099196407443,0.0177087489073273,0.00504163402861138,40.5707326236608,8,1.71216926274195,0.624315250721278,1062.15717779832,1779,16.4019999999997,1110.28037103082,1025.55310848718,1050.63805387695
711,FALSE,0.1186492675787,0.888173663859216,0.0177967420072551,0.0117072318791711,37.3831797997283,8,2.14322219421093,0.638717804726531,1056.24796656098,1648,8.97900000000004,1096.15598404296,1025.96200894537,1046.62590669461
712,FALSE,100,0.5,0.3,0.001,0.001,6,100,1,1258.82682258466,446,1.41200000000015,1280.74023343204,1256.28624902291,1239.45398529904
713,FALSE,0.0174482137220814,0.8964869326368,0.0169905921106543,0.00342398638416238,53.1777828270747,8,1.89763957888607,0.624994912815014,1058.95204562766,2172,16.4240000000001,1102.88871179787,1029.03832054182,1044.92910454329
714,FALSE,0.0221849572805842,0.888977036544036,0.0179515029449114,0.00429151169305152,50.691860112892,8,1.96839986508546,0.648404319972754,1059.83260505641,1910,16.514,1101.74780944349,1033.68649568007,1044.06351004568
715,FALSE,0.001,0.852548054206334,0.0158911424901358,0.00111365701683663,49.235646635525,8,1.38183266446627,0.618653976095849,1065.99272844328,2076,8.81800000000021,1113.47073809081,1028.48398034862,1056.02346689042
716,FALSE,0.001,0.831439289550224,0.0263480484702424,0.001,60.9491082460947,8,1,0.611865740562497,1060.86142143552,1431,5.98799999999994,1100.75160420835,1038.23368694259,1043.59897315562
717,FALSE,0.001,0.83835026193212,0.0209116972765126,0.001,60.8348037594666,8,1,0.598827551777444,1065.79434662629,2001,9.4910000000001,1092.4233812932,1043.82935896173,1061.13029962395
718,FALSE,0.001,0.881009849905163,0.0144846334487625,0.001,44.9054697728143,8,1.40639887685843,0.571874330195648,1060.10112664289,2213,14.6079999999999,1098.85782751906,1035.4329972355,1046.01255517411
719,FALSE,0.001,0.870640473127701,0.019622237003407,0.001,62.8724597362856,8,1.17394155192175,0.608771239064987,1058.12167984897,1990,11.9790000000002,1103.08054386844,1031.86624538459,1039.41825029389
720,FALSE,0.001,0.849033608096439,0.0199317874800107,0.001,58.5458406260407,8,1,0.593860349576676,1061.99159582588,1948,12.1680000000001,1086.44425662233,1044.94513465051,1054.5853962048
721,FALSE,100,0.5,0.0280116566653806,1000,65.4893124139741,12,100,1,1493.63466031657,627,1.83899999999994,1550.04755975704,1467.57194745512,1463.28447373755
722,FALSE,0.00402665677854929,0.87953430062441,0.0210012381809497,0.001,70.5490589622748,9,1.07363324823596,0.612021778252345,1057.29423168225,1868,19.9269999999999,1098.38511386328,1034.01331124691,1039.48426993655
723,FALSE,0.001,0.91311648667752,0.0163181607740622,0.001,41.615212895873,8,1.50172343259843,0.583485776433195,1062.2636732034,1872,14.03,1106.93298485853,1026.81928868626,1053.03874606542
724,FALSE,0.0438907218200774,0.855904453033566,0.0237702192623561,0.00178956601882507,101.655372642697,9,1.75144327072595,0.685521774056556,1062.95190623973,2007,14.8539999999997,1093.99640769683,1038.98613581007,1055.87317521228
725,FALSE,0.0273403354926522,0.875422258044432,0.0207774360771023,0.001,63.0623182117371,8,1.60109972644106,0.612167147489729,1068.26580549562,1621,18.2119999999999,1112.70741307208,1044.98485624352,1047.10514717125
726,FALSE,0.001,0.931697381932126,0.0166753711584405,0.001,45.1485742451237,9,1.76042528670602,0.577512766529773,1061.99993316953,1639,21.652,1116.79764333012,1026.38579991168,1042.8163562668
727,FALSE,0.00127538275216155,0.889527766646888,0.0145235361314525,0.001,48.1712616196074,8,1.335676853108,0.59925945124608,1059.69718311626,2312,14.7099999999999,1098.78214432246,1034.27890184819,1046.03050317813
728,FALSE,0.001,0.902806635599447,0.0153696107216974,0.00135112113644248,45.8089660550582,8,1.56744804605853,0.56394615738626,1059.68722322942,2198,13.1279999999999,1091.94063453378,1043.28482756165,1043.83620759282
729,FALSE,0.001,0.908131748255548,0.0131684280320881,0.001,34.9412038737195,8,1.66557457763819,0.565241831869445,1063.46819566911,2112,12.6780000000001,1110.75172035333,1026.18242552729,1053.47044112671
730,FALSE,0.0227049616599261,0.925415441877185,0.0164942564665332,0.010934026461068,38.9779079538881,8,2.38421817747091,0.628863050430682,1060.13529679725,1725,10.2959999999998,1096.32464773129,1031.60753299344,1052.47370966701
731,FALSE,100,0.5,0.3,1000,0.001,5,100,0.1,3711.97534892756,475,1.69400000000007,3404.11868938408,3742.25668380447,3989.55067359413
732,FALSE,100,0.5,0.0318470366446752,1000,59.5431643389013,12,100,1,1519.69647415814,612,2.13499999999999,1532.54935263087,1495.03313014741,1531.50693969616
733,FALSE,0.001,0.916903990315529,0.0159115936293849,0.0019089363888358,38.8296949904289,8,1.65979108064789,0.577097855341677,1053.68306841063,1973,11.3390000000001,1099.37266813627,1027.34211138789,1034.33442570772
734,FALSE,0.001,0.903143787081272,0.0164311192786449,0.001,41.292884835544,8,1.55389063349703,0.580584375276908,1058.45845192645,1941,11.371,1093.82588479463,1037.00569424698,1044.54377673773
735,FALSE,0.024390925391108,0.957593307784268,0.0177957059432413,0.00937192207274137,41.6151603599415,9,2.04081479682628,0.58514248419843,1059.78056934931,1654,22.6249999999999,1106.75693910155,1029.9391340979,1042.64563484849
736,FALSE,100,0.5,0.0299059648963916,1000,59.7171125143063,12,100,1,1508.44714536955,682,1.904,1517.75809840319,1481.81079329421,1525.77254441124
737,FALSE,0.0286126628383838,0.93695508412826,0.0157039318777854,0.0187873704173805,34.1184883472894,8,2.21836473760112,0.620440891582532,1062.43061952687,1913,18.356,1108.34798855628,1033.55425600222,1045.38961402212
738,FALSE,0.0300368363400544,0.929570544683125,0.0148571246539516,0.00808007199966479,46.5425284209663,9,2.49481703310651,0.639720188840711,1061.94902487586,1918,13.903,1109.99588853153,1030.94925406005,1044.90193203602
739,FALSE,0.0306972836385036,0.94518605385503,0.0164937253170376,0.00637019081648331,43.4476113454367,9,2.18887939262926,0.609951879044997,1060.39538035008,1742,16.1009999999999,1107.29353738275,1028.70916040787,1045.18344325961
740,FALSE,0.0217982025814064,0.927398144014413,0.0169675395668453,0.0070981908660242,37.472310576649,8,2.24524003342579,0.62242844517932,1058.17763549506,1917,8.67900000000009,1100.54325009765,1027.9172456887,1046.07241069883
741,FALSE,0.0162968317079152,0.919993341277921,0.0152625927555394,0.0206589946515086,35.2618439048223,8,1.88074925051491,0.601157972806122,1056.52906868032,2129,13.8580000000001,1102.96281248282,1025.11899036889,1041.50540318924
742,FALSE,0.00621764176596935,0.911879392783102,0.0152855639547575,0.0140894616426798,37.7569071031367,8,1.78995061530329,0.604670983110274,1056.30397633898,1996,12.414,1097.85843813885,1027.35367898641,1043.69981189169
743,FALSE,0.001,0.931194172633902,0.0155650172555858,0.001,35.6568872564639,8,1.47425653986102,0.566712792526727,1066.44324200533,1831,13.1900000000001,1111.38304685061,1038.53194956227,1049.4147296031
744,FALSE,0.0111895766773603,0.924715894834093,0.0152223406917565,0.00454284769865755,45.6227545800068,8,2.20630276074203,0.60598448854482,1061.40891646134,2229,13.1770000000002,1106.04782827083,1028.45336533665,1049.72555577656
745,FALSE,0.0225497218748013,0.889738825470227,0.0201694006845113,0.00623573143831861,63.4245249388567,9,1.87623931076473,0.64251772284797,1063.50541829154,1789,13.3359999999999,1105.81519156215,1032.4066235277,1052.29443978476
746,FALSE,0.0190520003199882,0.891577665326856,0.0191645722340857,0.00684937406523377,55.5818734584832,8,1.68919146052675,0.621652069023824,1063.04857749536,2010,10.6329999999999,1105.37660753503,1036.0891274055,1047.67999754555
747,FALSE,0.0114699406156948,0.927348523743128,0.0152837199802448,0.017961917464635,37.0941918929988,8,2.19966198437189,0.612254552931966,1056.11319377614,1972,13.122,1102.91301371014,1021.1358529647,1044.29071465357
748,FALSE,0.0502095106306139,0.899802483170237,0.0193730948455682,0.0169871806030562,55.0300432561333,9,2.01722762966368,0.637070314759252,1060.19176462814,1705,10.1660000000001,1098.25409641142,1029.66713664452,1052.65406082848
749,FALSE,0.0119752038317401,0.918566544512857,0.0149247980295505,0.0035958642344468,45.7681096585938,8,2.17296250906308,0.615508375510749,1061.6176502988,2120,24.251,1103.02623278934,1036.33828236726,1045.4884357398
750,FALSE,0.00118916735401254,0.892545789432057,0.0160405272592597,0.001,46.2628747963197,8,1.61784717839402,0.601543725208394,1056.86403386133,2082,9.93100000000004,1096.06943262658,1023.38009114327,1051.14257781413
751,FALSE,0.00314281805240202,0.901529217080095,0.0174481031001211,0.001,48.8941535874624,8,1.70773215176811,0.596476237315302,1057.54322894339,2095,9.87300000000005,1098.30887782604,1027.21845137325,1047.10235763087
752,FALSE,0.0269903089278909,0.889666670543849,0.0182620720379032,0.0031277155185458,52.4420915183314,8,1.77485579860558,0.633195741277853,1058.59015669057,2076,12.5279999999999,1096.50871866789,1037.11826709591,1042.1434843079
753,FALSE,0.0248193032569507,0.884194496473359,0.0180890280107892,0.00534093895189725,44.2143838708385,8,1.77537583967871,0.637934625513877,1057.22001220377,1883,17.9350000000002,1099.80832087774,1028.37402925339,1043.47768648018
754,FALSE,0.0182980840643443,0.893477765481242,0.0170218832299152,0.00795318476262661,49.1463460426545,8,1.58941102538483,0.62749233249665,1063.06789457209,1957,11.7639999999999,1106.57360660574,1031.56054551089,1051.06953159964
755,FALSE,0.0138749228644677,0.860983878284517,0.0218157571430407,0.001,56.8914224387443,8,1.3634318433768,0.598011027760315,1061.28025889873,1644,9.2650000000001,1105.93682237792,1033.04790357981,1044.85605073845
756,FALSE,0.0027240138145178,0.897292058586079,0.0143443286742616,0.0133680461697522,38.8517253027001,8,1.61582708920727,0.598482833187356,1060.66141101742,2205,11.8819999999998,1097.78168390309,1040.07485980598,1044.12768934318
757,FALSE,0.00181271584705642,0.909166682098164,0.014540274241263,0.001,44.3211644385749,8,1.4529147270382,0.560547448094795,1060.84264749737,2248,14.2109999999999,1102.23679934345,1034.2602962378,1046.03084691086
758,FALSE,0.0247738758429174,0.887351634585208,0.0170705225047571,0.00553555023175651,47.0790423228133,8,1.8657609304081,0.638557201992692,1059.73015052064,1748,18.5369999999998,1107.07429857859,1026.40942337886,1045.70672960445
759,FALSE,0.0365033684812289,0.877553486510136,0.0175192795325231,0.00550123217855441,53.5710054623598,8,1.80037766503906,0.641192048117942,1058.30503986016,2150,13.9629999999997,1096.2733707591,1034.67113806549,1043.97061075588
760,FALSE,0.0274342823841959,0.890968662162328,0.0143383051351459,0.0112982463342571,45.8841702559189,8,1.99041402828381,0.622848349186129,1055.86352337932,2293,19.3540000000005,1097.22469208059,1028.39270188506,1041.97317617232
761,FALSE,0.016177900367948,0.890064880957159,0.0163616544154009,0.00391918310354845,52.2442507794851,8,1.83600243896,0.633401792441521,1058.57302213815,2126,14.9739999999997,1094.15481265292,1030.7685495254,1050.79570423614
762,FALSE,0.00208815403376374,0.901592757520128,0.0178690009419748,0.001,45.9820414177805,8,1.71273659615094,0.617417914744642,1060.68703268792,1885,11.0479999999995,1100.85735871264,1033.37216509267,1047.83157425845
763,FALSE,0.001,0.878695389434845,0.0163722170255819,0.001,45.0948971862826,8,1.10387663732052,0.561825359081879,1061.98005503518,1869,15.979,1101.21371684764,1038.5343914006,1046.19205685731
764,FALSE,0.001,0.875769075218655,0.0164824761438903,0.001,45.7212849955557,8,1.15417842289786,0.578266650297354,1059.73591607498,2058,9.8589999999997,1104.15048530384,1030.08070787639,1044.97655504472
765,FALSE,0.001,0.885117932023777,0.0159819795798834,0.00198390338316185,29.7103664443263,8,1.88008597184328,0.578090501305144,1063.25248710492,1723,14.1000000000004,1106.8984580429,1031.87840448235,1050.9805987895
766,FALSE,0.001,0.888478932034171,0.0164513804225134,0.001,42.5056027959922,8,1.18574373624223,0.568047953716024,1063.31279473464,1967,19.8500000000001,1103.54806378714,1035.4037671693,1050.98655324748
767,FALSE,0.00284674531056203,0.90975311245222,0.0147902830078487,0.0023930425937102,44.1069047416865,8,1.92557968443447,0.601840101417495,1056.78522793261,2182,13.5049999999999,1086.76895595544,1030.50085611041,1053.08587173199
768,FALSE,0.00210985292650457,0.884436637996874,0.0136217183080077,0.00424653106472161,43.4316080416533,8,1.4233672901689,0.602782730996777,1055.27846659429,2361,13.614,1091.36402772363,1029.5151986711,1044.95617338815
769,FALSE,0.00401579584324226,0.950373092557985,0.0188481913805132,0.00189247041301384,41.2413334110648,9,2.12245628064112,0.591200996361552,1057.86794213806,1629,10.3220000000001,1107.47314208202,1021.58438939087,1044.54629494129
770,FALSE,0.0117655744580784,0.888634580873369,0.0151653136361509,0.016868913089614,49.4371703199576,8,2.54152027377948,0.607118330707459,1060.9435267561,2116,10.1770000000001,1106.7804177244,1031.19063268806,1044.85952985584
771,FALSE,0.00161918451581575,0.90209459726151,0.0184628941657813,0.001,53.2259766273373,8,1.51608419511381,0.607668218182523,1057.93693851881,2016,12.7459999999999,1093.17040689475,1032.08687184242,1048.55353681926
772,FALSE,0.00130151122401355,0.90469121970235,0.0149787361995835,0.00516885035305733,40.4711939681303,8,1.58559945779303,0.58569436761476,1060.79872783318,2210,12.0139999999997,1100.64589646105,1034.43853571207,1047.31175132641
773,FALSE,0.00101517600520681,0.927578573974605,0.0173631232725332,0.001,36.5448966815853,9,1.91567989167663,0.584560594868055,1057.92031118241,1582,10.9779999999998,1104.06499293992,1018.72292647435,1050.97301413297
774,FALSE,0.00483587305322361,0.93784793926468,0.0192148350117803,0.001,41.2796152546428,9,1.96548007084928,0.604791508607402,1058.37390507547,1388,13.5039999999997,1103.34793782327,1022.33263199439,1049.44114540876
775,FALSE,0.00131236717366085,0.881598070062292,0.015207235009639,0.001,40.479874151666,8,1.28280129422168,0.57194005659611,1055.24127957287,2188,14.7460000000001,1091.02768194254,1027.04367425215,1047.65248252391
776,FALSE,0.00204303661750302,0.907053274438734,0.016061063741494,0.00584358959010293,45.6435030061991,9,2.01528140862726,0.581284301410669,1060.90067806656,1803,24.3289999999995,1107.24520311588,1032.29135771811,1043.16547336568
777,FALSE,0.0147244595571973,0.925891811187746,0.0170282014833217,0.0101839886868464,41.1861014213169,9,2.1468907624444,0.600147795196996,1058.17133540829,1775,9.952,1102.26107696029,1020.01348905583,1052.23944020875
778,FALSE,0.001,0.938256093254153,0.0171239276255856,0.00379616041527633,40.6385435207178,9,1.8454130834621,0.588421846245158,1067.80507956573,1611,13.8610000000001,1120.28719940524,1027.75276834746,1055.37527094448
779,FALSE,0.001,0.968373866982957,0.0186621935304834,0.001,39.4222764567051,9,1.95821190449488,0.592590222140037,1065.61193019271,1257,10.134,1111.86631015301,1033.31220114733,1051.65727927778
780,FALSE,0.001,0.93118859947431,0.0142835017106443,0.00136250765395631,37.375955031715,9,1.97263317353403,0.566131561394293,1057.53777221163,1808,22.2880000000002,1104.64004919544,1022.18432625362,1045.78894118582
781,FALSE,0.0246980400130329,0.911157387619495,0.0159143422216759,0.0149385709462857,45.1338899094604,8,2.18013541139823,0.627391128055552,1060.48531491059,2102,8.06399999999985,1104.17619307386,1029.10310775094,1048.17664390696
782,FALSE,0.001,1,0.0177619140318267,0.001,35.0476511572783,9,2.19110388939323,0.592192705861414,1065.38588289755,1334,10.5370000000003,1117.02868787514,1034.18967321085,1044.93928760666
783,FALSE,0.0349993383890905,0.897840827460464,0.0195302576449216,0.0026410864475099,42.2179065265395,8,1.49090097749619,0.606739078161795,1057.86658734973,1673,10.2450000000001,1100.1656599579,1032.64072816228,1040.79337392901
784,FALSE,0.0208999773330699,0.918878397831539,0.0166365693449832,0.00981672250851869,44.9841777229835,9,2.30708670798997,0.620422398141988,1062.49162200197,1821,13.8959999999997,1106.6906376336,1026.957157226,1053.82707114632
785,FALSE,0.0132888246851083,0.937461558485169,0.0187584148801309,0.0071062826953827,46.1558042298867,9,2.15011780112977,0.603749622257915,1064.10420528165,1517,18.7379999999998,1115.973303967,1023.1038174526,1053.23549442536
786,FALSE,100,1,0.00368532735974273,1000,0.0621611458140817,12,1,0.1,1198.77073404147,4154,15.3969999999999,1220.622076179,1185.82672548016,1189.86340046525
787,FALSE,0.0401551074702172,0.883382119948488,0.0179246738038316,0.0101029906452288,54.3133533043286,8,1.87094207901406,0.628597383162843,1059.72706996367,2038,12.5730000000003,1104.14120701079,1028.77301007869,1046.26699280155
788,FALSE,0.0257684584148551,0.898738430938013,0.018724313620798,0.001,46.8036020641159,8,1.68041793878696,0.616613007470607,1061.59464267972,1723,16.075,1103.72461148264,1032.99970012731,1048.05961642921
789,FALSE,0.0140817471234426,0.90154572399918,0.0162615878249671,0.0123225905201636,48.4660741069447,8,2.10782480355674,0.635806303331255,1058.34940819116,1913,16.213,1105.19186519643,1030.90882960338,1038.94752977367
790,FALSE,0.0152887125900051,0.886710067524529,0.0161165529083043,0.00680165526318521,43.1373243210348,8,1.69757335024045,0.621287015094454,1058.32796422279,2105,13.8009999999999,1097.18056535233,1034.2141238842,1043.58920343185
791,FALSE,0.049858871475231,0.910402405068597,0.018182016380093,0.00622125834676827,47.6855332083063,8,2.19156100486592,0.634738285059793,1061.12590182238,1801,12.7749999999996,1108.15830142661,1030.20052683386,1045.01887720668
792,FALSE,0.0215193214728504,0.911390418085513,0.015691682877829,0.012209095690681,48.1049055542664,8,2.36428389487819,0.636260772096399,1061.47517307406,2139,25.0680000000002,1103.43981059833,1031.78685278205,1049.1988558418
793,FALSE,0.0197738331161991,0.928619106891098,0.0165811263133419,0.00632208261254797,64.1589360864709,8,2.26601424847481,0.641730289867004,1060.72672736749,2235,8.95299999999998,1107.57275800467,1040.16676207928,1034.44066201851
794,FALSE,0.00856350579953621,0.907792907191712,0.0146363805450019,0.0035052371481987,32.8516966189686,8,1.61995588558326,0.593813498983713,1059.58808933835,1925,25.0500000000002,1098.25618170538,1025.61134492929,1054.89674138037
795,FALSE,0.0233059389338516,0.898360711140332,0.0147237582117218,0.0114658013516773,38.9814809902739,8,2.00072506733338,0.625841413122299,1063.80743650078,1959,22.6549999999997,1105.1492123251,1037.38073013136,1048.8923670459
796,FALSE,0.0526837783507883,0.888728356348279,0.0161621730046693,0.011815348223066,52.4628723086582,8,1.8525817774525,0.630187364830516,1061.50576733213,2403,24.7219999999998,1106.31634216565,1036.86227204244,1041.33868778829
797,FALSE,0.0240168985352265,0.872235587320801,0.0150405800866055,0.00951095338048025,48.5938966077144,8,1.59669340637539,0.62617959438109,1060.511914772,2213,12.4330000000004,1101.71426460687,1034.65528478501,1045.16619492412
798,FALSE,0.0152470143806561,0.907659515457502,0.015949704057896,0.0022118659069661,44.3761459022899,8,1.84107157384456,0.611019297220487,1060.98702914541,1967,10.7569999999996,1106.87476608438,1027.64368246048,1048.44263889136
799,FALSE,0.0199230472906871,0.877090108706721,0.0191131910512505,0.00835927385327292,49.4748927285532,8,1.92031446653922,0.653611741646826,1060.28255993161,1777,11.4560000000001,1104.90057312717,1026.08143875821,1049.86566790944
800,FALSE,0.0218273031473087,0.886055116309652,0.0163665559375491,0.00276069863804355,47.5313783321369,8,1.65322100643837,0.613984478220523,1064.04965638279,1794,8.981,1109.52279111474,1040.57906231199,1042.04711572164
801,FALSE,0.00496327314161906,0.890069116078477,0.0137183687598235,0.0088658614387386,48.3926568114842,8,1.73991652201123,0.60564575887912,1059.70374794888,2345,21.9540000000004,1102.38956240853,1027.65097043895,1049.07071099917
802,FALSE,0.0251747847901388,0.883482490960592,0.016100601470534,0.00471164228290805,51.298757897711,8,1.55674289031459,0.623796354540033,1057.32205022737,2167,21.4450000000002,1094.65544143527,1032.27547065806,1045.03523858878
803,FALSE,0.001,0.909715919059949,0.0173020601272092,0.001,43.9869164879437,8,1.76886606615294,0.576289498892031,1062.64624895157,1937,9.51400000000012,1100.02806195738,1033.26570121266,1054.64498368467
804,FALSE,0.001,0.90207490878078,0.0142542587494293,0.001,42.0268801451947,8,1.62642579319077,0.59533629638219,1060.47442960895,2133,8.25400000000013,1107.89896255827,1032.3653060158,1041.15902025279
805,FALSE,0.00307993839493748,0.881546488700785,0.0156532896769077,0.0045237262260013,46.2398795804581,8,1.60273544710094,0.607706577994059,1057.10720036809,1983,11.4099999999996,1096.82385881413,1035.26184404124,1039.2358982489
806,FALSE,0.001,0.89575793639515,0.0131592688440029,0.001,38.1870904015037,8,1.57804614806507,0.579612967442886,1059.583296867,2299,11.8779999999997,1101.55134581228,1031.34781581314,1045.85072897559
807,FALSE,0.001,0.919544554626931,0.0172382471450339,0.001,39.0296633203932,8,1.40192170533365,0.578352587936762,1060.17602265863,1825,13.8860000000002,1096.25347608573,1037.97689659832,1046.29769529184
808,FALSE,0.001,0.918895869460344,0.0153317834525682,0.001,38.9577046063923,8,1.36353948230429,0.568839232588771,1060.22114610894,2099,12.7819999999999,1097.08490580971,1036.98400253398,1046.59452998312
809,FALSE,100,1,0.0792184306163216,0.001,0.001,5,1,0.272573045626908,1215.48745450627,489,1.27700000000004,1234.73422103656,1190.63058005019,1221.09756243206
810,FALSE,0.00470356703465256,0.892608849867139,0.0145275118397662,0.00253145279790037,39.2142563358528,8,1.73907968917155,0.590260117607687,1059.59490707891,2074,15.5849999999994,1095.0232742896,1034.39378448349,1049.36766246364
811,FALSE,100,0.5,0.0205264619562655,0.001,0.001,12,100,1,1187.50908721437,3203,9.91200000000003,1210.52170293629,1187.59461292514,1164.41094578167
812,FALSE,0.00263960097856829,0.932092194357709,0.0203552313988212,0.00134128668895885,55.6724816949251,8,1.92291524861316,0.62320035110102,1066.53351829428,1471,11.598,1109.74547771234,1045.67022288158,1044.18485428893
813,FALSE,0.001,0.922337103422614,0.0148746860143419,0.0036672131012033,36.5999493069066,8,1.68128792294441,0.567564357350474,1059.65822037051,1982,17.2069999999999,1105.10744144299,1033.36655743636,1040.50066223218
814,FALSE,0.00465832789475786,0.908149484774593,0.0142002670985809,0.00134579740311795,41.2037226168435,8,1.80551900955412,0.617880903954062,1061.69487651118,2122,23.2679999999998,1104.36805942661,1034.90757785706,1045.80899224987
815,FALSE,0.001,0.900100655848016,0.0128788012742196,0.0143736290877629,32.5451847147036,8,2.00095608682843,0.575842910048568,1057.77778862485,2421,17.2749999999999,1097.37048183566,1028.8781721305,1047.08471190837
816,FALSE,0.001,0.934610359550307,0.0161647498831942,0.001,36.6046852274214,8,1.70678010327681,0.55746140062414,1059.98527818046,1766,9.91900000000032,1104.84670239026,1030.67274559375,1044.43638655737
817,FALSE,0.00175137621424744,0.907468944226614,0.0138877525411039,0.00312938829746382,26.7780489071045,8,1.61975535863823,0.573433562025671,1063.26364161467,1872,11.0329999999999,1100.17446446937,1032.18244537403,1057.4340150006
818,FALSE,0.00191426923776725,0.878836616529005,0.0168627132188122,0.001,54.3368856757863,8,1.48504888153464,0.601988375303413,1060.52934585303,2100,25.104,1100.94427341584,1039.67441766279,1040.96934648047
819,FALSE,100,0.5,0.3,0.001,0.001,2,1,0.718348483926017,1799.27150831062,1972,6.27500000000032,1716.84376523873,1796.2311865685,1884.73957312461
820,FALSE,0.001,0.90047621276934,0.0167704166350337,0.0069600547948879,49.7495166681182,9,1.87204399896026,0.599381474588888,1060.84163065155,1900,21.895,1107.21996046781,1027.1579395679,1048.14699191895
821,FALSE,0.001,0.90128454136251,0.0166615293728984,0.00119925444322712,48.3027640676452,8,1.71847580589602,0.600086221328598,1057.39818662742,2112,14.441,1094.18615822359,1030.53428692271,1047.47411473596
822,FALSE,0.00340472277773908,0.919194159066295,0.0168379652709684,0.00262469326180061,40.4692216361378,8,1.86596183694173,0.597797452649047,1060.78712304541,1857,15.6059999999998,1100.14377914815,1037.44645016119,1044.7711398269
823,FALSE,0.00686014917098421,0.903284007638638,0.0156859602402714,0.00623894407129354,40.2369113311007,8,1.86073237480674,0.611345170620438,1061.63513209871,1931,9.42100000000028,1094.73267076769,1046.99529180783,1043.17743372062
824,FALSE,0.0415900112416995,0.899638918165879,0.0172462243180011,0.00968270816814048,49.6934745629511,8,2.04159626736673,0.607205019041976,1064.86990445996,1917,9.09400000000005,1104.57636268291,1039.01284456033,1051.02050613665
825,FALSE,0.0349450494588478,0.878152293916327,0.0172981123071755,0.00800029841368565,59.097932703047,8,2.0343107738409,0.654477621300227,1058.2715454246,2011,22.5929999999999,1094.63565879257,1037.14866191041,1043.03031557082
826,FALSE,0.0374844962495385,0.884712275729204,0.0171001148159944,0.0200748527361487,50.588396684172,8,2.22036255911131,0.624846026166886,1057.43515124353,2245,12.9960000000003,1094.06561837867,1033.75615135403,1044.48368399787
827,FALSE,0.0460450502251767,0.888057318407121,0.0176903680866585,0.0250601570861139,37.8049586755256,8,1.75558647924086,0.603631159560972,1059.23082189174,1698,11.2749999999999,1095.77661233494,1031.07774822113,1050.83810511914
828,FALSE,0.0252509211488831,0.881656720680631,0.018548286195372,0.00568176801645648,57.4700848274775,8,1.95323768165643,0.658832201756107,1064.30199702352,1842,24.7779999999998,1108.02475135379,1045.57371769709,1039.30752201968
829,FALSE,0.0232160293448313,0.878454395233606,0.0168494315795879,0.0134950555926624,45.5669245231567,8,1.71302974060548,0.610156542058229,1058.91184110815,2005,23.7029999999998,1093.01478716281,1029.64876566736,1054.07197049429
830,FALSE,100,1,0.3,0.001,0.001,2,1,0.653123273573502,1782.43398034665,1459,2.79099999999971,1730.60816919099,1689.8527219404,1926.84104990855
831,FALSE,0.0421520675696534,0.907203365572808,0.018224098847517,0.00355309457795713,49.6922074560558,8,2.04135657493081,0.618699770971958,1058.41170376113,1914,9.67100000000028,1099.48366434256,1033.21236056394,1042.53908637689
832,FALSE,0.0428998452899122,0.896882336025919,0.0193297743441156,0.00659415829015756,49.4779728201892,8,2.40398240629441,0.619489104750733,1056.68156481173,1605,20.9289999999999,1096.63329630619,1038.96738169171,1034.4440164373
833,FALSE,0.0502580786647795,0.889136394004885,0.0175185806794692,0.00927104686905193,49.2140831005793,8,1.84680786935253,0.628038081896679,1058.77082278369,1985,12.2389999999996,1101.41333559313,1031.48010802089,1043.41902473706
834,FALSE,0.0506009594458531,0.896375554409502,0.018751626545162,0.00486862877260948,52.3147782154854,8,1.82125325975658,0.638189191185353,1059.07236509259,1971,9.78400000000033,1104.16912973121,1028.73705727903,1044.31090826752
835,FALSE,0.0387792521544566,0.88965722949167,0.0163738384010229,0.00390263042868894,46.8300199937255,8,1.6338954933587,0.602781659579077,1061.76964061087,2015,12.8380000000002,1097.14701924678,1039.36585775465,1048.79604483119
836,FALSE,0.00286992712764053,0.912127583346633,0.0139845166591506,0.00121231968143271,37.8818966675943,8,1.81873219343841,0.597717377919952,1059.3136256865,2295,16.9640000000002,1093.78342168626,1036.03784879014,1048.11960658312
837,FALSE,0.0210179684822278,0.90881245058711,0.0146261339166993,0.00529569728772835,35.1169935042305,8,1.63476503359364,0.589262608141232,1058.14238884586,2012,17.3120000000001,1100.32515433295,1025.88937515198,1048.21263705265
838,FALSE,0.001,0.787852526667827,0.001,1000,3.27753916526071,12,1,0.1,1429.50021126556,5000,43.0660000000005,1465.67320978685,1389.14053748204,1433.6868865278
839,FALSE,0.0174639827209151,0.877201764112386,0.0141025823831422,0.0126214225090726,40.2176420070624,8,1.6027601841731,0.594373747773662,1057.84497853449,2342,11.326,1096.39112281627,1027.00825684183,1050.13555594537
840,FALSE,0.0199365236545846,0.902667658409013,0.0163524268644688,0.00463459387816775,51.3812806795034,8,1.81648831078217,0.624578753340878,1060.2609803573,2138,21.3749999999998,1103.77037557148,1028.93273948461,1048.07982601582
841,FALSE,0.001,0.8984587088645,0.0125003502780821,0.00417204855793484,32.0769168757609,8,1.34838085564472,0.571159975313388,1057.00775092503,2401,11.319,1100.25656032542,1024.95549464142,1045.81119780826
842,FALSE,0.00165937268828401,0.910643923688312,0.0143913995967857,0.00277683527278236,35.2991953965706,8,1.72802517860612,0.572500532425153,1058.28682394244,2145,8.23599999999988,1102.58584171284,1024.78923852773,1047.48539158675
843,FALSE,0.0238709376630927,0.899866051879307,0.0181619266300026,0.0079620425033168,47.7278379555916,8,1.84895805727699,0.623632141695125,1065.29272035297,1691,10.4859999999996,1105.06171679837,1038.10941929942,1052.70702496111
844,FALSE,0.024523391580437,0.891696063213232,0.0150888996259259,0.00385677722677647,37.9758927280659,8,1.73664407639635,0.596270644146418,1058.04458948089,2100,27.4360000000002,1092.56012245639,1026.95232100948,1054.62132497679
845,FALSE,0.00722384653295866,0.889998013393781,0.0150182041351101,0.00705871820401162,44.5986987401436,8,1.73327105572538,0.608698967161041,1064.00267833502,2015,12.3570000000002,1103.30654538669,1031.91567819995,1056.78581141842
846,FALSE,0.001424574195315,0.902950223095224,0.0138783014991128,0.00184217370642946,38.5124335848751,8,1.51433044295566,0.589397188829106,1060.46838452829,2271,10.72,1096.11620171915,1036.04354701942,1049.24540484631
847,FALSE,0.00121072257547614,0.895447165934503,0.0145430842721958,0.001,34.6944619170088,8,1.63916060978864,0.546646092543007,1060.03049223571,2147,11.5699999999995,1102.52238481722,1028.81257475762,1048.75651713228
848,FALSE,0.00121509038684275,0.893388329225434,0.011888444582045,0.00481811249890909,25.1826515275391,9,1.57496308896176,0.550459604905512,1060.22958475723,2064,14.2139999999997,1104.24257261215,1023.70902550609,1052.73715615344
849,FALSE,0.0015158978795193,0.89722500571375,0.0171613204263221,0.00608365940080564,46.9011255517816,8,1.86025917291264,0.614572715604083,1056.32348741391,1954,15.9560000000001,1094.70548976595,1031.68883872767,1042.57613374811
850,FALSE,0.001,1,0.001,1000,0.001,6,1,1,1412.60274515665,5000,17.6690000000003,1456.64640275542,1409.3576663849,1371.80416632963
851,FALSE,0.001,0.5,0.3,0.001,1000,8,100,1,1187.83551266894,1423,4.53399999999965,1212.84244197679,1176.92179705879,1173.74229897124
852,FALSE,0.00125931294578393,0.905884816873786,0.0175018746801909,0.001,48.8992350066484,8,2.07909978801762,0.600030794273694,1054.60600281899,2035,12.0390000000002,1095.41048923785,1026.88647016389,1041.52104905525
853,FALSE,0.00333200983069453,0.875077616480542,0.0158615826248683,0.0104618598146693,40.1797485225276,8,1.9551085773182,0.603445694812391,1062.50115150591,2008,12.6570000000004,1100.11658549219,1035.07971756517,1052.30715146037
854,FALSE,0.001,0.890552661247796,0.0173639317045783,0.00773476232002885,46.8726609646118,8,1.76016815447816,0.595892902817601,1059.54762657167,1934,20.3760000000002,1103.91388914704,1032.41343969849,1042.31555086948
855,TRUE,0.00237933652112575,0.678987139656517,0.058175543919805,155.359586829591,686.682959034793,6,11.2387190748649,0.810573203419155,1139.74997984613,3476,14.1340000000002,1155.13817576475,1146.61449669717,1117.49726707648
856,FALSE,0.0275687650467008,0.906069942508486,0.0189518960075047,0.00522562065265928,51.4040841061976,8,2.17630058332199,0.627025972885602,1059.22016751662,1750,8.50200000000018,1095.11853358331,1036.19414378674,1046.34782517981
857,FALSE,0.00126414336522705,0.912732866598738,0.0161688803208958,0.00170484537565004,46.2657163775733,8,1.77779313204265,0.600626030855192,1060.87007623104,1962,24.0079999999996,1097.39742939959,1038.44602124592,1046.76677804762
858,FALSE,0.00303773595338984,0.896493677621388,0.0143201555972931,0.00313248656794059,35.0672671489938,8,1.56432613336301,0.590816890160843,1058.48139466496,1869,18.8420000000001,1096.82420161128,1032.81761721642,1045.80236516717
859,FALSE,0.0267942510667287,0.906665629138584,0.0160288273750139,0.00628622598785309,48.4760664685475,8,1.92668424121113,0.626662827333473,1061.72443528528,1844,11.915,1102.76802547027,1030.94417074768,1051.46110963791
860,FALSE,0.00222361679798677,0.912275932963442,0.014595994511019,0.001,43.0318998076032,8,1.82480997031429,0.603292046798318,1062.30908213319,2117,13.1969999999999,1103.00729850858,1035.17567930334,1048.74426858765
861,FALSE,0.00373449729706748,0.899163227348905,0.0143858358954423,0.00330347297774572,45.6831849231159,8,1.674336776569,0.610245582885009,1061.90318590798,2234,10.4430000000002,1103.82992141473,1034.88042947397,1046.99920683523
862,FALSE,0.0136363299415246,0.909559581334598,0.0167061661799359,0.001,46.8809375522128,8,1.89480895658094,0.603085730861363,1060.93904344792,2003,12.521,1104.23955925621,1033.99615944008,1044.58141164746
863,FALSE,0.013849290088136,0.896378019816868,0.0148507574773171,0.0103954894639615,50.3091562180649,8,1.85639494610685,0.622048718501742,1060.35589248879,2266,9.6569999999997,1097.8832492276,1032.25294082205,1050.93148741673
864,FALSE,0.00157965769329245,0.913797351905359,0.0155263156173604,0.001,42.1356248303499,8,1.77823671243088,0.591099243956358,1057.00791733414,2182,9.08400000000006,1099.94546221909,1024.49066127537,1046.58762850796
865,FALSE,0.0170843520512969,0.893236175512437,0.0188877034352153,0.00596642504308633,55.8204616708685,8,2.24731103055011,0.633592329863451,1060.07673018599,1808,10.5429999999997,1100.08233938042,1036.05904537077,1044.08880580677
866,FALSE,0.00265357974405656,0.910641885691675,0.0151255395653158,0.0032033185462176,40.0365588948485,8,1.7098474967684,0.596562677456603,1060.84723882096,2150,15.4500000000007,1104.16248786192,1027.55226287801,1050.82696572296
867,FALSE,0.00192823576483149,0.895152153525202,0.0154838010187413,0.00513003209233438,49.8282699445656,8,1.84824376527953,0.611071853761942,1061.77634562302,2108,28.923,1104.30867904417,1036.32393371472,1044.69642411017
868,FALSE,0.001,0.883081111119777,0.0133612026252078,0.0257202101493702,34.931079126016,8,1.81508119978526,0.604807154432393,1060.74557237877,2349,11.7939999999999,1095.82938633328,1030.00255289566,1056.40477790736
869,FALSE,0.0150245732026222,0.891710096646332,0.0164603345346845,0.00855328024022967,46.5329005917597,8,1.93170507120734,0.611633013584784,1061.7096533947,1869,12.4480000000001,1104.20679659407,1031.93584485786,1048.98631873218
870,FALSE,0.0129941998158299,0.90370042373845,0.0146089636244876,0.001,41.4927971613667,8,1.66965039707503,0.58035415592237,1057.22376461921,2246,13.001,1100.9150194392,1030.19722036448,1040.55905405395
871,FALSE,0.00202470898439947,0.89794443186645,0.0141461097137717,0.00323937586458569,37.9367237773208,8,1.73197652673341,0.59216921896366,1062.35860505128,1996,9.67999999999984,1102.59745185697,1031.74680715835,1052.73155613853
872,FALSE,0.00304562905766207,0.902212749420352,0.0149652923842311,0.00181060809924898,46.413631216717,8,1.77961828780541,0.599074783308002,1058.63802263699,2392,18.2570000000001,1100.0964862727,1027.99217925422,1047.82540238407
873,FALSE,0.00187256326362257,0.902016911305688,0.0155281800333884,0.00808403836620825,38.3906018299023,8,1.79023696917996,0.597263290827188,1061.15995865939,1908,11.9369999999997,1101.50395830736,1029.31691554467,1052.65900212613
874,FALSE,0.0065845710056329,0.892396946633971,0.0166354904445743,0.00544417503307382,40.6165574663369,8,1.6933080187706,0.597705521282118,1060.33295689732,1935,12.1279999999999,1096.98957772759,1034.5399402228,1049.46935274159
875,FALSE,0.00792622409433264,0.902405575148063,0.0150002100514965,0.00164981138982064,36.5961509686942,8,1.67255610276497,0.590966208311123,1055.38018238786,2077,22.9500000000003,1097.75311757799,1026.10224507521,1042.28518451039
876,FALSE,0.001,0.5,0.3,0.001,1000,9,36.8270501457976,0.708633309136082,1189.60820455104,1250,4.32600000000002,1176.12835071479,1199.71246939776,1192.98379354056
877,FALSE,0.0112624003220159,0.910498597495434,0.0144904629867446,0.001,38.5463420452452,8,1.5841887406107,0.593936532308724,1062.88854138568,2133,13.8659999999998,1102.76437631455,1031.56737541118,1054.3338724313
878,FALSE,0.0131818359107463,0.89598382300762,0.0150298140969305,0.00628841022717299,42.4315731871997,8,1.67095356426281,0.601498941402027,1056.62013664896,2392,18.3720000000001,1093.80170851898,1031.27473048813,1044.78397093977
879,FALSE,100,0.5,0.3,0.001,1000,12,100,0.405278299587811,1501.388215535,1739,7.52600000000007,1445.16611415118,1518.44276271498,1540.55576973885
880,FALSE,0.00766802569607566,0.890442686418323,0.0167746455263392,0.0131435274281442,40.4584691451871,8,1.72591556850127,0.598030196141383,1063.41473348489,1767,14.8199999999999,1103.44018006371,1036.86395745743,1049.94006293352
881,FALSE,100,1,0.3,1000,0.223147201529204,12,100,1,1455.60363573306,35,0.251999999999725,1588.20161320492,1390.06403492898,1388.54525906527
882,FALSE,0.00243295170555133,0.903453616968225,0.0141639183636572,0.00138662493059878,36.068702337301,8,1.46173183249033,0.578772096164389,1059.75028503819,2157,20.0549999999996,1100.63394444896,1027.72594123708,1050.89096942852
883,FALSE,0.0078517448755332,0.9071467760185,0.0135463235363297,0.001,36.2985068737123,8,1.73590255372733,0.594174554934327,1056.67556479119,2206,13.1119999999999,1100.29140424152,1027.54644105672,1042.18884907533
884,FALSE,0.00628692127584553,0.896593210634992,0.0147936212052802,0.0069027597204707,43.2296792221267,8,1.93188216220451,0.599886464043918,1060.6995750704,2346,9.1560000000004,1095.47490267565,1035.81659794647,1050.8072245891
885,FALSE,100,0.5,0.001,1000,0.001,7,1,1,1748.6399681768,5000,35.3210000000001,1776.87199444586,1686.67762537332,1782.37028471123
886,FALSE,0.013040426426624,0.888991096418035,0.0145871358001948,0.00753642799307017,34.914518693477,8,1.37460726121486,0.567380823420135,1059.17246726185,2099,24.6259999999995,1092.53868336641,1033.50617378569,1051.47254463346
887,FALSE,0.00382667684507095,0.900710520531933,0.0158701505821252,0.00209346977119554,40.3068677043598,8,1.52940588151012,0.587103547014031,1062.25103811181,1926,12.6489999999997,1101.92068213084,1028.57001071639,1056.26242148819
888,FALSE,0.0172369029818656,0.897666318508469,0.0165508714185354,0.00299034349260609,45.9732103622348,8,1.82320058622927,0.604617057653548,1054.49657917616,1954,13.1550000000002,1094.93417022687,1030.53315011846,1038.02241718317
889,FALSE,0.001,0.891364168364355,0.0145876887491571,0.00781967345084071,43.1551762176117,8,1.5296778487275,0.609461294196173,1060.29478957279,2226,26.2439999999999,1097.27909134784,1038.60680616703,1044.9984712035
890,FALSE,0.00695149203044305,0.900072165188787,0.01416311881965,0.00133037220756862,35.3550212541783,8,1.80497989984878,0.591955289510034,1057.56058992544,2129,14.5369999999998,1101.77611051315,1027.32729556747,1043.57836369569
891,FALSE,0.00157423673255757,0.893544348064293,0.0162172111273864,0.0174752914815642,43.2936558737602,8,1.81305670999288,0.61074742966694,1054.40442641144,2038,19.0340000000003,1083.44998408734,1032.55962670653,1047.20366844045
892,FALSE,0.0230060681447771,0.908351972600787,0.015547029653363,0.0085197277712244,49.3857574332489,8,1.90370083113653,0.615546894041662,1061.15417425428,2062,12.4260000000002,1095.84618747965,1037.55917930785,1050.05715597536
893,FALSE,0.001,0.889737528952473,0.0157952140261042,0.0159601424014141,46.8924838412888,8,1.92284275418861,0.60371489119802,1063.88464676387,2118,14.0700000000002,1103.86863253502,1039.86795244727,1047.91735530933
894,FALSE,0.0116851774236739,0.899822710972489,0.0165087306217943,0.00349354753001774,52.0347012739138,8,1.82544937527804,0.613597057480779,1055.29030099289,2276,21.6609999999998,1096.96564982622,1026.61944888938,1042.28580426307
895,FALSE,0.001655873996276,0.90202602351748,0.0158108260114917,0.00627154011870879,48.3651167708492,8,1.81641277386446,0.607797983960896,1063.31941802741,2017,11.3010000000002,1099.60867323935,1043.02012528447,1047.32945555841
896,FALSE,0.001,0.887865744600905,0.0147876613391179,0.0208714828451465,45.0671845298427,8,1.80627607972286,0.60575137085196,1059.33230383213,2054,17.4790000000003,1102.50822432482,1035.63056358233,1039.85812358924
897,FALSE,0.00101857904619892,0.886633450566163,0.0149582003901658,0.0146666018586398,40.0606608949619,8,1.9409302639063,0.601110255745917,1058.00831045119,2025,11.5430000000001,1096.98031507875,1029.7451574615,1047.29945881333
898,FALSE,0.001,1,0.00435336200985835,0.001,0.001,12,7.60171268970924,0.1,1221.08413643225,3277,15.8450000000003,1238.79898860113,1248.98543788964,1175.46798280597
899,FALSE,0.00636585820861276,0.894460887643261,0.0168650797532474,0.001814393271288,49.1441668309457,8,2.02096084513579,0.613696195663572,1060.03668781942,2057,13.3580000000002,1098.22890024487,1039.06625779547,1042.81490541792
900,FALSE,0.00150143515996252,0.908161477863385,0.0159512631026671,0.001,44.1314004697498,8,1.86111047647443,0.618018047966142,1061.06250861685,2089,10.5060000000005,1101.01159255709,1027.83104549577,1054.34488779768
901,FALSE,0.001,0.895803917305287,0.0160320775785694,0.00323074866039979,52.6152902698176,8,2.30339211551729,0.618348640360563,1057.96194231562,2188,10.5980000000002,1099.80341683041,1038.04167937944,1036.04073073701
902,FALSE,0.00554414403430111,0.881744939711745,0.0175394477089814,0.00984008941725287,45.653638215552,8,1.79508064234484,0.60997755233711,1062.83232228574,1902,11.5509999999995,1106.91525403428,1034.13698335942,1047.44472946353
903,FALSE,0.00177273473569883,0.906205161687961,0.014061071623198,0.0028875328914346,40.6725487995267,8,1.96789225686357,0.617587665680292,1055.91249267943,2121,11.7550000000003,1094.33804560978,1026.68639794128,1046.71303448721
904,FALSE,0.00359988139975812,0.894822712142266,0.015949390902801,0.0118055234321487,52.5819229949407,8,1.86002020544882,0.591842198789979,1060.89128035858,2064,14.7159999999999,1098.36211061442,1040.61635579004,1043.69537467127
905,FALSE,0.00275604500759869,0.906736014064531,0.0139217453202708,0.00689216200135055,34.183448822007,8,1.80542700494582,0.586736002815013,1056.92934823877,2105,12.4549999999999,1095.03952962329,1022.08914684174,1053.65936825127
906,FALSE,0.00814360612994484,0.901541383320619,0.0151312555029245,0.00343028353641737,43.6026334345869,8,2.00099596512766,0.622636145660907,1057.90900667839,2316,10.5919999999996,1094.57794568649,1028.22224555539,1050.92682879328
907,FALSE,0.00303984586996368,0.907820956523819,0.017215570562511,0.0111530177332012,50.8783520909578,8,1.69898270527955,0.598008301041796,1055.7968604797,2072,26.0319999999999,1091.9308005951,1035.74673974745,1039.71304109654
908,FALSE,0.001,0.888592893476374,0.0139072293694836,0.001,46.5490272466739,8,2.17366837682635,0.59684263165651,1055.9660078604,2544,11.5509999999997,1093.99795475534,1026.00816323958,1047.89190558628
909,FALSE,0.001,0.5,0.0284875886223076,0.001,0.001,7,100,1,1192.65029122384,2585,10.9619999999995,1214.04986092091,1180.94963206615,1182.95138068446
910,FALSE,0.001,0.901479532040043,0.0140333115702805,0.00287471394571388,40.795214715098,8,1.69712429776882,0.588753161099553,1058.55738581061,2172,16.1119999999999,1105.84374150628,1028.87425928339,1040.95415664216
911,FALSE,0.001,0.893071663846531,0.0146331596610083,0.001,32.5556239411782,8,1.5705336098231,0.587003264823695,1060.1690223482,2052,10.4469999999997,1101.2632713423,1024.37450273424,1054.86929296807
912,FALSE,0.0209747687773157,0.906493840716454,0.0150838777797727,0.001,28.5930222649987,8,1.2154430207533,0.551696954654914,1059.37803957864,1697,8.2199999999998,1100.67698165402,1026.93469098391,1050.52244609798
913,FALSE,0.0338041270341693,0.905968248242865,0.0174581517536214,0.001,39.0936441200339,8,1.50216489164672,0.593062825066212,1065.08267762924,1649,6.40399999999977,1103.68352685489,1035.44361232412,1056.12089370872
914,FALSE,0.0175996765156799,0.894832509115173,0.0173759390505715,0.0139160248669133,54.5424106015976,8,1.92701763756042,0.641662841043231,1058.86964590731,2079,22.0029999999999,1103.31328789617,1028.36655558457,1044.9290942412
915,FALSE,0.0233131017249099,0.903437149513053,0.0166696273607918,0.001,41.9799427766059,8,1.65015107237907,0.595820379702003,1061.76695400562,1958,11.0809999999997,1100.19902083519,1033.47525835296,1051.62658282872
916,FALSE,0.00394477634423953,0.909860027692379,0.0148055272343297,0.00113025042208265,41.6216854623725,8,1.79647263436647,0.576237813215545,1060.3284141654,2078,12.0619999999999,1096.55751731157,1040.67066886958,1043.75705631505
917,FALSE,0.0114373692800033,0.90576467139004,0.0140055039307499,0.001,33.1415772581343,8,1.66526639008217,0.572682680872733,1060.64892136391,2029,16.7309999999998,1099.74638118599,1035.64551661295,1046.55486629279
918,FALSE,0.0113150491555305,0.898799761181702,0.01386997273529,0.001,35.456469665273,8,1.70643947947033,0.592608360726865,1060.99767560638,2141,21.7210000000009,1103.35723383411,1027.62159383695,1052.01419914808
919,FALSE,0.00222731223753967,0.899829852433086,0.0143784497550695,0.00245008373165039,39.8834592036509,8,1.78473536381162,0.596617654146348,1059.83639579222,2266,11.5189999999998,1104.3492870346,1032.70418891958,1042.4557114225
920,FALSE,0.0187597724453723,0.892845980267897,0.0163000005963829,0.001,41.9340594935661,8,1.70420150373116,0.602070081603434,1057.0092695813,1952,14.0919999999996,1096.38619803129,1027.18433998987,1047.45727072274
921,FALSE,0.0171798468516125,0.883798678618491,0.0145756212709101,0.001,33.6763456849354,8,1.79897426363802,0.570829883667784,1056.92506791358,2080,14.8899999999994,1096.75875368389,1026.9605520223,1047.05589803456
922,FALSE,0.001,0.5,0.3,0.001,0.165225944830634,5,100,1,1292.87769487987,525,1.55899999999974,1304.59668362897,1292.93760872062,1281.09879229001
923,FALSE,0.0236515611693859,0.911836404572004,0.0142597922035905,0.001,31.3554662485363,8,1.56659996662109,0.563808009265676,1065.32633200822,1812,11.5329999999999,1096.54082345406,1038.8990559092,1060.53911666142
924,FALSE,0.0115642137507951,0.892337453576315,0.0131537903355647,0.0104028857092723,40.3239520904351,8,1.78035175013434,0.593368588586047,1060.9106776301,2382,15.4490000000005,1102.74185627979,1032.43957404927,1047.55060256123
925,FALSE,0.001,0.897140063690421,0.0153857966084352,0.00789353240462395,43.865543068101,8,1.85529002355068,0.607521781985622,1056.81993539058,2157,10.1390000000006,1092.03173219532,1033.70257109291,1044.7255028835
926,FALSE,0.00629481919396217,0.906871250721695,0.0146582856551208,0.00712104144668224,36.1887297405638,8,1.73765781922304,0.588887156328798,1058.84523813274,2191,15.9570000000003,1098.11548737333,1025.6630210016,1052.75720602329
927,FALSE,0.00236057287159719,0.914816317946979,0.0147476373212977,0.001,44.8720347021806,8,2.41527716581915,0.613383122616554,1060.25504555349,2114,12.6400000000003,1101.85676176626,1037.09501031727,1041.81336457693
928,FALSE,0.001,0.897952997169778,0.0116669847398447,0.001,28.474253987572,8,1.53831005231008,0.564037268489174,1056.85880505806,2280,10.5540000000005,1094.71961835896,1025.17289679617,1050.68390001905
929,FALSE,0.001,0.882822089410118,0.0167255164530117,0.0248911063871663,48.2119734186971,8,2.04734566490052,0.6316469765328,1058.35296617084,2035,10.6059999999998,1101.34263921112,1034.48908166559,1039.2271776358
930,FALSE,0.001,0.896290220775938,0.0133961049855657,0.0102456262475749,37.9270839757989,8,1.74588530169442,0.580642078624469,1058.2270658644,2113,11.6690000000003,1100.04929437462,1031.77070889505,1042.86119432354
931,FALSE,0.0135794957945536,0.915453525504069,0.0119251343130675,0.001,36.1161872673477,8,1.55853603517488,0.572377646189084,1062.62887407076,2324,11.2360000000003,1102.12432867761,1033.33398253815,1052.4283109965
932,FALSE,0.00138157040071383,0.879730243789266,0.0152172017558569,0.0693605758749485,42.4836976613417,8,1.62599377693895,0.623268014800137,1059.43833211362,1887,11.4670000000001,1095.90987864713,1034.32090246062,1048.08421523311
933,FALSE,0.00749612096520771,0.903022598985758,0.014984329875191,0.001,40.2121794512908,8,1.77234095837701,0.602489467862622,1055.56499422949,2092,27.6519999999996,1097.61812007279,1025.95572799752,1043.12113461816
934,FALSE,0.0651250079471284,0.898393335112104,0.0179156873449333,0.0013766300694767,52.1787332335012,8,2.17906146742362,0.62806984029016,1057.24880087187,1909,9.44800000000032,1097.79885589149,1033.9074155182,1040.04013120593
935,FALSE,0.0227018601874563,0.906228871785222,0.0145674705246656,0.00482478203018786,42.610551290054,8,2.29696277989074,0.6086432454638,1057.18392446246,2117,12.337,1095.83360063059,1035.88868988451,1039.82948287226
936,FALSE,0.00363551881389448,0.902037237449159,0.0155469295879225,0.0098342454390024,43.4528840757876,8,1.65930757061244,0.597820683662914,1059.58435543218,1936,22.6349999999998,1100.11767686977,1028.78519490736,1049.85019451942
937,FALSE,0.00323711933256696,0.913303715282076,0.0139534894266203,0.001,40.238088379778,8,1.68846633487882,0.590733737334289,1056.25943308241,2311,26.7159999999999,1092.40230850086,1031.28081568227,1045.09517506409
938,FALSE,0.001,0.5,0.3,1000,1000,2,100,1,3563.2007147133,499,2.33999999999969,3612.28766377285,3456.7834935333,3620.53098683375
939,FALSE,100,0.5,0.3,0.001,0.160034180914961,12,100,1,1245.42972217359,285,2.67299999999932,1295.37272029499,1241.40063231951,1199.51581390628
940,FALSE,0.001,0.89874852364522,0.0154496126719195,0.010997220457592,44.4491973301099,8,1.86199415325222,0.607911171036903,1059.01806777659,2060,14.8650000000002,1097.0405956133,1034.85390106236,1045.15970665412
941,FALSE,0.001,0.904299778074223,0.0155953713120865,0.0149553928239805,46.387810312684,8,1.815001930704,0.59546045538871,1060.76349247667,2105,10.4750000000004,1107.66508788461,1032.2692632857,1042.35612625969
942,FALSE,0.00254468284704976,0.891678489956034,0.0167122519176567,0.00126144903639301,53.9587209416112,8,1.85493831998573,0.624341474898032,1061.54120754622,2022,13.1020000000003,1101.72284439622,1032.0961030061,1050.80467523633
943,FALSE,0.001,0.894780131550763,0.0135672892451742,0.0142366527314679,45.29969251827,8,1.92012691859741,0.632049152385446,1059.40734378476,2236,24.1170000000002,1107.05539545026,1026.294931083,1044.87170482102
944,FALSE,0.0122381227993963,0.885922738868603,0.0181529196103097,0.00811040545024512,52.9434184794667,8,1.69645806364657,0.609786734192223,1065.51774832264,1823,8.81199999999944,1106.78834050357,1040.48582607699,1049.27907838735
945,FALSE,0.00100343651242458,0.903839497074161,0.0150406910164183,0.00213802902100587,36.5057640310928,8,1.59997304210433,0.585909327823418,1059.26644430662,2034,12.9349999999995,1099.07139899518,1031.50726545555,1047.22066846914
946,FALSE,0.0242432706290485,0.901178531921507,0.0175874001929434,0.0016842150314598,47.7340551330833,8,1.77588770702949,0.601499659835973,1056.54620775394,1983,22.094000000001,1096.87684431212,1024.62018950083,1048.14158944885
947,FALSE,0.0216876747821952,0.907041321229247,0.0193193630912437,0.00347224423313854,50.3867834868213,8,1.66213575974964,0.605265088095139,1060.7419633779,1862,12.3269999999998,1102.92659341006,1031.3206339431,1047.97866278054
948,FALSE,0.0123916830259946,0.901800793352411,0.0159474139650939,0.001,40.2003331330469,8,1.71063324571325,0.58242866089825,1061.18944114571,1865,12.1630000000005,1101.25461451118,1031.21722398542,1051.09648494053
949,FALSE,0.00339347087023488,0.910730637913276,0.0146602539570465,0.00184076039943722,48.9888444116,8,1.88831852638115,0.597965099792501,1057.14342721321,2314,21.9010000000003,1095.01628361994,1033.52728159658,1042.88671642309
950,FALSE,0.00254914241772997,0.898584812946376,0.0166601867524816,0.00388118169191236,45.4785972486456,8,1.99801763291597,0.612754151091667,1058.17817708761,2080,9.82099999999991,1100.19796465838,1036.32981104021,1038.00675556424
951,FALSE,0.0062858991705987,0.894435048693591,0.0151520944419761,0.00280878070724705,44.9939465846349,8,2.00473832655267,0.616391633717744,1061.33303262542,2096,23.3969999999995,1108.51454128712,1026.92678537777,1048.55777121135
952,FALSE,0.00190861928473816,0.917906630766713,0.0137024066823345,0.00178127078697743,37.9204997625864,8,1.74739609435176,0.583338263773707,1055.13758701854,2333,14.925999999999,1093.27710855642,1029.82335520973,1042.31229728947
953,FALSE,0.0121682259897508,0.89750760828764,0.0183671260900646,0.00224244231172101,44.3899214519249,8,1.99484228923455,0.609217216568462,1059.61178370696,1999,14.5830000000001,1103.13840629994,1026.23143727684,1049.46550754409
954,FALSE,0.00676177136918579,0.901303053629335,0.0149932498400503,0.00252327922493481,43.0421548851841,8,1.89393531120838,0.590301263858689,1058.6111036012,2100,18.355,1097.83878280899,1033.11915449998,1044.87537349463
955,FALSE,0.0143229120829729,0.888722572461128,0.0147152350587895,0.00738450059465078,41.1712240465676,8,1.90944751697913,0.601775351369119,1056.96311771511,2182,10.9609999999998,1099.12906136794,1034.0267333107,1037.73355846669
956,FALSE,100,1,0.001,0.00109866077939519,0.832665005679749,12,11.2076116729831,1,1239.99165084141,5000,45.0910000000004,1310.80751572911,1192.59725823897,1216.57017855615
957,FALSE,0.00101157071999081,0.867745226112725,0.0144600961964236,0.0263382238865359,47.4748744931758,8,1.69967923281165,0.564364110784449,1057.45469446791,2451,30.5279999999998,1089.73607322117,1032.5422266476,1050.08578353496
958,FALSE,0.00305808267036411,0.903176621683161,0.0151943182460734,0.00288922689468874,47.559777366405,8,2.09671566772509,0.605087916399756,1067.29304322158,2100,14.672,1108.72211940335,1043.16354444511,1049.99346581628
959,FALSE,0.00357394718984861,0.887773272609569,0.0153936568413869,0.00839215195078628,44.3399344916778,8,1.9045107878498,0.604547344986899,1059.97900399401,2246,25.5039999999999,1096.28138077464,1029.32297632251,1054.33265488489
960,FALSE,0.001,0.884936638227481,0.0154149848820259,0.00735476238586354,39.335953248775,8,1.51384673336964,0.599726788069055,1057.40329084368,1924,26.1979999999999,1100.5847597282,1027.45966908893,1044.16544371392
961,FALSE,0.00410324781881374,0.881609130280033,0.0156882019709657,0.0222252834840352,41.0007744038942,8,1.59407967827541,0.606551876143271,1061.14097571653,2214,11.0950000000003,1102.62423081489,1031.69963612826,1049.09906020642
962,FALSE,0.00342354575770474,0.910890920751187,0.0152818232354074,0.001,40.9481869209334,8,1.62852052260219,0.624402008554657,1055.60614020506,2175,10.8299999999999,1091.90519469981,1030.45303136562,1044.46019454975
963,FALSE,0.00121731794195909,0.908649643517203,0.0138206271357396,0.00134060498335221,43.1180062069456,8,1.78422220597336,0.60277003696742,1063.2179540524,2224,21.081999999999,1104.8226705892,1038.99292230602,1045.83826926197
964,FALSE,0.001,0.894890062436414,0.0151040380884048,0.0124235788952772,33.493984903467,8,1.68816991752767,0.584262975167408,1056.48443259673,2063,13.6039999999998,1100.86207873506,1022.35309020835,1046.23812884679
965,FALSE,0.00375827124800016,0.895440473517289,0.015507499245338,0.00416864507948439,38.9810244199232,8,1.55858566078646,0.589984139554295,1059.88490304681,1897,22.5090000000005,1104.31221229353,1036.38773495318,1038.95476189372
966,FALSE,0.00424020102265943,0.897979800667466,0.0134681571803541,0.00366575216601966,33.3317950982197,8,1.60397361208599,0.579692677928232,1060.26120360005,2123,24.7349999999988,1099.92557898378,1027.42652418052,1053.43150763586
967,FALSE,0.00269014575299642,0.907136247799279,0.013462747619823,0.00129786500848976,43.289935398642,8,2.11815271675941,0.599277370609123,1057.85385505275,2363,19.3210000000008,1099.08169554353,1029.79325664198,1044.68661297272
968,FALSE,100,0.5,0.3,0.001,0.152291918023076,12,100,1,1258.67745237338,338,2.55000000000018,1301.52676168297,1237.63288600569,1236.87270943149
969,FALSE,0.00634471835884622,0.89237408702297,0.0144683578875053,0.001,38.3366910829588,8,1.78276329398177,0.567684716183233,1057.52137075474,2161,20.992999999999,1099.32066031105,1032.24185640294,1041.00159555022
970,FALSE,0.001,0.891536197329347,0.0133594469172706,0.00795211647949662,32.5533422075657,8,1.87081180816175,0.595867235117019,1056.57808210725,1977,20.197999999999,1099.03508589591,1021.98530395303,1048.71385647281
971,FALSE,0.001,0.909740295743619,0.0139609269442373,0.00198852483321663,40.7900159131148,8,1.72721063180208,0.583872916465045,1058.82566473973,2256,18.2579999999989,1096.19871565618,1025.12997294313,1055.14830561989
972,FALSE,0.00643686282652469,0.890591086130735,0.0158055506024153,0.00459959257678122,39.7556387246588,8,1.76790046308415,0.604539618177147,1065.59585670101,2022,11.3309999999988,1106.14606952269,1034.77559122973,1055.8659093506
973,FALSE,0.00584117857865063,0.910063593168744,0.013505888378006,0.001,31.3060823825224,8,1.93493833395797,0.615817101365103,1059.36970009686,1989,11.2049999999999,1102.28437397665,1019.55869267512,1056.26603363879
974,FALSE,0.00323696552165862,0.914544241001353,0.0148457498548557,0.001,36.5717398163795,8,1.86691530121592,0.59407538746677,1062.47413479164,1866,9.17500000000018,1097.38665455287,1036.54261773289,1053.49313208916
975,FALSE,100,1,0.3,0.001,0.592058066494662,12,1,0.1,1961.4306417296,23,1.1160000000009,2123.30402212276,1808.26311523743,1952.72478782861
976,FALSE,0.00336049572560752,0.914742602041901,0.0157638989170912,0.001,35.337307329429,8,1.71891445892684,0.59358337104866,1055.20036573252,1889,13.6019999999994,1098.97750901283,1016.54788951852,1050.0756986662
977,FALSE,0.162040640708134,0.885700718428915,0.0169191497121091,0.0124887164204597,42.8277991887931,8,2.34694681945166,0.622898888318692,1059.05676131766,1930,9.43399999999974,1103.25580274377,1028.64301010454,1045.27147110467
978,FALSE,0.00436703661938567,0.885735708268597,0.0172060589943173,0.00611078333660344,49.3573398415018,8,1.79410850818306,0.618278000938868,1061.82031997244,2158,8.80100000000039,1101.97061089413,1033.88405114231,1049.60629788089
979,FALSE,0.001,0.910098817036616,0.0132679049774821,0.001,40.7277246759004,8,2.0796661534353,0.59369623677642,1059.41126005434,2328,24.9400000000005,1105.11083662942,1030.65884840063,1042.46409513297
980,FALSE,0.0152721758084585,0.893643660507728,0.0158866585019389,0.00204009173817707,43.8963563192046,8,1.94513709466565,0.603929305502864,1062.42424799652,2037,10.0439999999999,1099.01472656658,1033.80528209059,1054.4527353324
981,FALSE,0.005536714472693,0.911815649060827,0.0141481506106838,0.001,34.7227098636529,8,2.10604022409408,0.618254098354031,1058.77811273337,2060,9.79599999999982,1098.86587454067,1031.24914309832,1046.21932056113
982,FALSE,0.00570915855382819,0.91085442516022,0.0149546208793354,0.001,40.848448815296,8,1.7609502074384,0.586674224412638,1060.26875973108,2158,25.8209999999999,1098.92361834703,1036.32055515384,1045.56210569237
983,FALSE,0.0102898156883374,0.896674644278718,0.0166381550915298,0.00767473782462639,44.8543814326606,8,1.86601831547636,0.611183083833705,1061.05432600422,1906,9.70800000000054,1093.66185653872,1044.99740671549,1044.50371475847
984,FALSE,0.0150692027133913,0.890344437301445,0.0160021932333384,0.00401466887946401,46.0955738242759,8,1.84939140425366,0.617711884243307,1058.59194455091,2087,10.6219999999998,1097.39886004052,1032.16126590366,1046.21570770855
985,FALSE,0.00158749897192317,0.904428866449031,0.0147442697147953,0.00299008367686467,43.3282343826269,8,1.69750950466016,0.598019678538687,1057.10662046626,2221,25.685,1092.17025005132,1027.28645445209,1051.86315689536
986,FALSE,0.0166025773174213,0.897781728310745,0.0172095265138703,0.00302651446930256,51.4482651560441,8,1.87981332693518,0.619803521569803,1057.52944011422,2034,12.2750000000005,1101.72173317247,1031.00353182694,1039.86305534326
987,FALSE,0.0133998415126612,0.897207845696453,0.0153798065673821,0.00719822085094098,40.6505110948758,8,1.7551769121684,0.601489383496849,1062.95049210216,1973,12.4070000000002,1104.22209374358,1035.70090615286,1048.92847641004
988,FALSE,0.00641986116462343,0.890992292059815,0.018658642751342,0.00837245580645216,45.2112198171805,8,1.84928933897443,0.625055892556888,1059.23402330809,1911,12.2050000000004,1099.89926240681,1028.30054811084,1049.50225940662
989,FALSE,0.00335176785808613,0.885988899152016,0.0158187771914801,0.00716547252810797,40.2982215067233,8,1.7551935654935,0.594899459961579,1064.96389084452,2118,14.2169999999996,1105.3786521139,1037.65819553459,1051.85482488507
990,FALSE,0.00410380839921858,0.911689613949165,0.0143116302109062,0.001,47.3259594349032,8,1.96891482108968,0.595228608078181,1061.40323480161,2378,30.8589999999999,1098.75634303722,1036.55250308882,1048.90085827879
991,FALSE,0.001,0.905470589487321,0.0116851068333886,0.001,46.7688203079376,8,1.87672550794969,0.603553767517908,1060.46268278518,2844,30.9219999999996,1105.47969175038,1032.14148053065,1043.76687607452
992,FALSE,0.001,0.89937852644079,0.0153759164336529,0.0060551691429748,51.6773197512723,8,1.91322057635458,0.583028981658655,1058.84367653138,2213,10.7179999999998,1098.29996519487,1038.22565558174,1040.00540881753
993,FALSE,0.00130271609828288,0.912860195065534,0.0143460399741469,0.00259756271067635,43.6137206539769,8,1.888578070679,0.571842860648674,1057.72609667238,2315,33.7439999999997,1095.30187082681,1030.21114396395,1047.66527522639
994,FALSE,0.001,0.909962179763698,0.0129951821277627,0.001,36.7154878432214,8,1.78541876494963,0.56279396425852,1062.33132818685,2459,16.2380000000003,1102.72936145229,1029.09435952556,1055.17026358269
995,FALSE,0.001,0.660860295034316,0.3,0.001,1000,12,1,1,1097.65728734679,815,19.1749999999997,1132.1352988003,1086.24975552586,1074.58680771421
996,FALSE,0.00986764703270351,0.875293897726671,0.0142215119379584,0.00632210320307227,36.5747750427505,8,2.05492333555331,0.588091761556807,1051.51700320984,2149,8.92999999999984,1093.86122116422,1021.73110657095,1038.95868189435
997,FALSE,0.00852597986088733,0.889176206815874,0.0161216777415953,0.0125127821979392,50.994932277494,8,1.64514119752918,0.609731402486594,1066.59252096431,1819,7.72799999999961,1107.47555897763,1039.93641911634,1052.36558479898
998,FALSE,0.0175207770280072,0.891158279055028,0.0144930486342763,0.00634248644700813,32.6384298089836,8,1.56856003278078,0.593291088831348,1059.3471088236,2076,18.2150000000011,1095.25141718517,1028.86310232019,1053.92680696544
999,FALSE,0.001,0.90563161248494,0.0141394412805676,0.00145859274160982,38.9257297539378,8,1.82569356389216,0.595266519616721,1056.76628567462,2264,12.3899999999994,1098.11421346459,1025.39369702111,1046.79094653816
1000,FALSE,0.001,0.894371629053525,0.0146343088282673,0.00865026012122663,45.2844090687181,8,1.90176947338768,0.591233808704035,1060.53768089149,2322,13.1620000000003,1104.48542262915,1029.83931874765,1047.28830129768
1001,FALSE,0.00370158301171239,0.906706194082498,0.0152998157374033,0.00748471219829277,41.9652187790399,8,1.90730422307893,0.61348968800383,1059.60345535622,2204,22.5749999999989,1099.33028292984,1034.54345063425,1044.93663250457
1002,FALSE,0.00406211562343769,0.889597562287662,0.0149072366289892,0.00303987675213666,40.0918336824733,8,1.85669830313267,0.611206917457114,1057.49703698263,2160,12.0410000000006,1095.88215738909,1035.09870529553,1041.51024826328
